loyalty_id,store_id,state,upc,product_name,lot_code,purchase_date,quantity
f9e2eff0-479d-4d70-b37e-c8c809056e40,FL-1248,FL,610163406023,Folgers Classic Roast Coffee,L-4532,2026-08-01,4
71740eb2-f501-47f3-90a9-a4867d98f67b,AL-6584,AL,610163406023,Folgers Classic Roast Coffee,L-1324,2026-05-09,1
163746ff-1aec-4d7c-9fd8-3046453c6f63,AR-5755,AR,808049347754,Nature Valley Granola Bars,L-4260,2026-04-22,3
c07b555e-86d7-4f10-b89b-b21275b9a199,TN-7753,TN,680261188425,"Great Value 2% Milk, Gallon",L-6480,2026-05-11,3
578c6794-f059-4564-8786-ae7866dde6d8,NM-8715,NM,610163406023,Folgers Classic Roast Coffee,337807,2026-05-09,4
5ba04377-dd5b-4266-a08a-2298c49cae11,LA-6972,LA,680261188425,"Great Value 2% Milk, Gallon",L-4532,2026-07-24,2
c3c512af-63cd-48a5-9eb6-6dd915904c44,GA-8300,GA,889391736613,Wonder Bread Classic White,L-4532,2026-07-08,3
79f6f829-2297-4641-adb2-74f9c840fd5c,GA-7588,GA,653374520407,"Land O'Lakes Butter, 1lb",L-7111,2026-06-10,3
58995efc-b401-4654-b685-c43e967c229a,OK-2808,OK,701993641404,Blue Bell Vanilla Ice Cream,L-4260,2026-04-14,1
67f6a135-1573-4a4f-92d9-46ca01cc6a65,GA-1897,GA,808049347754,Nature Valley Granola Bars,337807,2026-05-01,2
5c03368d-314e-4a47-94df-5ab46b36d49f,AL-4834,AL,653374520407,"Land O'Lakes Butter, 1lb",L-4260,2026-06-10,1
419cb3a9-c8e7-44ab-a1a5-c169233bb875,MS-1010,MS,889391736613,Wonder Bread Classic White,L-6480,2026-06-14,3
8d8d3e9a-b623-463d-bbfa-d4416621cf3d,CA-1157,CA,610163406023,Folgers Classic Roast Coffee,250347,2026-05-18,4
85f6ab40-dda1-4465-9e8b-bb5d8679716d,AL-3082,AL,680261188425,"Great Value 2% Milk, Gallon",L-4532,2026-07-25,2
5690fb25-a801-4438-a7a9-12c3a34aeb7c,AL-7742,AL,889391736613,Wonder Bread Classic White,L-5740,2026-07-10,1
90bb61f9-0ba3-460f-bef7-d639933c4daf,AL-5007,AL,382652812974,"Chobani Greek Yogurt, 32oz",L-7111,2026-06-17,1
3beb3024-48e6-40cf-8a79-fb367101d276,FL-2073,FL,889391736613,Wonder Bread Classic White,L-7111,2026-06-13,3
246a259f-1b1c-4cde-9b99-9652dcfbc9fc,FL-8673,FL,889391736613,Wonder Bread Classic White,250347,2026-08-08,3
8358bea7-0843-444b-8a63-1f1b8fce7cfd,LA-4276,LA,875113329103,"Tyson Chicken Breast, Family Pack",L-4532,2026-04-29,4
4e8f3ec6-aec8-4016-ade1-455cede7cad2,MO-1509,MO,808049347754,Nature Valley Granola Bars,L-5740,2026-08-03,3
a470674c-0a01-4615-839b-20e61f426ea6,TX-3694,TX,382652812974,"Chobani Greek Yogurt, 32oz",L-4532,2026-06-26,3
b0b30fb7-b534-4f54-a709-6386c56bff99,FL-4802,FL,889391736613,Wonder Bread Classic White,L-4260,2026-05-18,3
552b0fbf-faa1-4089-ac6a-401a85e4996b,NM-4441,NM,701993641404,Blue Bell Vanilla Ice Cream,406635,2026-08-01,3
320bfaff-96ff-4d9f-8b5c-f758ae88c0a5,LA-7002,LA,808049347754,Nature Valley Granola Bars,L-4260,2026-07-12,2
d874e96e-27a2-450e-a901-7fa5ea8d95cc,TX-4228,TX,701993641404,Blue Bell Vanilla Ice Cream,192729,2026-07-01,3
7a14da8c-9cb7-4df3-9bd6-2dc9c3524268,GA-3053,GA,382652812974,"Chobani Greek Yogurt, 32oz",192729,2026-07-25,2
4c6214b6-bed7-44cf-b7fd-2149acb7f7ca,TN-6117,TN,610163406023,Folgers Classic Roast Coffee,337807,2026-07-29,3
08382f11-2ce5-49d5-b776-e86ec2339093,AL-5878,AL,701993641404,Blue Bell Vanilla Ice Cream,L-4532,2026-07-09,3
afd19c81-1a52-4e53-bc62-78a152fe2dde,AR-3835,AR,875113329103,"Tyson Chicken Breast, Family Pack",L-7111,2026-08-04,3
946fb7f6-12b5-47d2-8aa5-9ca78709d7aa,AR-3916,AR,701993641404,Blue Bell Vanilla Ice Cream,L-5740,2026-04-07,1
4e1fa821-2f6d-467e-85c1-a5f86d6251bd,CA-7239,CA,610163406023,Folgers Classic Roast Coffee,L-1324,2026-04-26,1
3a17a24a-d915-4ae8-9450-e87289195a65,AR-7156,AR,653374520407,"Land O'Lakes Butter, 1lb",L-4532,2026-04-17,3
425bec80-9d10-4e1a-8219-3363c5ad801a,CA-1144,CA,701993641404,Blue Bell Vanilla Ice Cream,L-7111,2026-08-11,2
a892d657-9982-4073-9e23-38017e2319c0,FL-9951,FL,701993641404,Blue Bell Vanilla Ice Cream,L-5740,2026-06-15,3
61d5265e-7c6e-4071-892a-2708834b4f10,CA-5851,CA,680261188425,"Great Value 2% Milk, Gallon",L-6480,2026-07-15,4
23e9a9c0-6f8d-48e5-956a-749a6d9176ca,AL-5075,AL,889391736613,Wonder Bread Classic White,L-5740,2026-05-12,2
e40d6702-8426-4632-a9fc-7f8438e87fc6,MO-1209,MO,610163406023,Folgers Classic Roast Coffee,L-5740,2026-04-15,1
12c80930-cbdf-45ca-8b98-84fb6639f7b2,TN-2867,TN,875113329103,"Tyson Chicken Breast, Family Pack",337807,2026-04-07,4
0dd38d82-7316-4a74-b1f3-ff53d9c90e5b,AR-8371,AR,875113329103,"Tyson Chicken Breast, Family Pack",L-5740,2026-06-21,1
1fa708f9-89e6-4f94-99df-6f73efff705b,AR-8317,AR,610163406023,Folgers Classic Roast Coffee,L-6480,2026-07-18,3
94db24a2-5548-44d8-9fe6-99e24e7a251d,FL-7059,FL,610163406023,Folgers Classic Roast Coffee,192729,2026-04-28,1
05eb847c-5d52-420f-8044-41d2773f84f1,TX-9074,TX,808049347754,Nature Valley Granola Bars,337807,2026-05-02,2
979e6280-6e79-45dd-a120-83361ac13a05,OK-1502,OK,653374520407,"Land O'Lakes Butter, 1lb",250347,2026-07-29,2
b3406a9c-004e-46f9-8320-e14b19db57c4,AL-7839,AL,653374520407,"Land O'Lakes Butter, 1lb",L-6480,2026-08-04,3
7ba6c452-0f6a-49b7-a4b0-8b4376ec8fe4,TN-2180,TN,680261188425,"Great Value 2% Milk, Gallon",406635,2026-05-31,2
60a6f438-19dd-485a-a4dc-20a3b8a4c64b,CA-7098,CA,382652812974,"Chobani Greek Yogurt, 32oz",406635,2026-05-02,2
1ad8bf2d-0a37-427c-86de-ba1c01f1eae9,AL-1729,AL,701993641404,Blue Bell Vanilla Ice Cream,250347,2026-07-03,1
07a6b487-3f3c-43e5-be4e-c14521cb8cce,FL-9407,FL,889391736613,Wonder Bread Classic White,337807,2026-07-09,4
ee0ed9a3-1867-4159-bb21-5d600cea085a,GA-2494,GA,875113329103,"Tyson Chicken Breast, Family Pack",192729,2026-05-08,2
ae555490-1118-4bb8-b161-6fc3ba7dcfe4,FL-1238,FL,889391736613,Wonder Bread Classic White,L-7111,2026-08-09,4
d2e0094f-0eaa-4984-ba9d-ad9f5753ed69,LA-3600,LA,875113329103,"Tyson Chicken Breast, Family Pack",L-6480,2026-04-05,4
e939cf8d-a1c4-4b0f-b33d-791255c660e1,MO-7281,MO,382652812974,"Chobani Greek Yogurt, 32oz",L-1324,2026-04-11,4
a082b662-fcd7-4dee-b64f-b0a1fa9c697c,TX-3869,TX,808049347754,Nature Valley Granola Bars,L-5740,2026-04-05,3
f4a82fe5-dcec-4b40-acbd-a2f645611ba4,NM-2102,NM,382652812974,"Chobani Greek Yogurt, 32oz",250347,2026-05-23,1
1821042f-c1da-4a98-a085-05aaff1f6cda,MO-6179,MO,382652812974,"Chobani Greek Yogurt, 32oz",406635,2026-07-06,4
37fab30d-6d67-4b50-8715-d2e1bc4c8c1e,CA-6228,CA,889391736613,Wonder Bread Classic White,L-5740,2026-07-27,4
cfb1e487-af9d-4da9-b095-6c1bfedccd76,TN-3943,TN,889391736613,Wonder Bread Classic White,250347,2026-05-25,3
957bf39e-82e5-4c2f-9a9a-16aefae68612,OK-1852,OK,808049347754,Nature Valley Granola Bars,L-4532,2026-07-12,2
1caacdb2-1373-4065-a2cb-579b2e3704bd,TX-8522,TX,680261188425,"Great Value 2% Milk, Gallon",192729,2026-04-20,4
e25dfad7-0632-4f7c-9674-236ef38c15fd,OK-3709,OK,653374520407,"Land O'Lakes Butter, 1lb",L-6480,2026-04-21,1
67cddfd0-f10f-44b3-b6af-d3fffd33a902,MO-8393,MO,889391736613,Wonder Bread Classic White,L-7111,2026-04-16,3
9e0ccb17-42e4-4845-93e7-314d5384b5ff,OK-7213,OK,889391736613,Wonder Bread Classic White,L-7111,2026-07-23,3
06de0559-691a-4121-afdf-f51c7f199a66,OK-2580,OK,680261188425,"Great Value 2% Milk, Gallon",406635,2026-06-24,1
8e345baa-e578-4263-adf6-6e55fec7a140,FL-7716,FL,889391736613,Wonder Bread Classic White,192729,2026-07-01,3
4f8bc03e-1063-4340-8ead-f769b8a2563b,CA-3075,CA,680261188425,"Great Value 2% Milk, Gallon",L-1324,2026-07-29,1
4d3b6568-3417-4389-ad3a-f287946db479,FL-7579,FL,875113329103,"Tyson Chicken Breast, Family Pack",L-4260,2026-04-20,1
814c1bc6-c21a-41d5-ae6b-22186209697b,MO-2949,MO,610163406023,Folgers Classic Roast Coffee,406635,2026-08-13,3
453344f5-bbd6-4571-85b6-e8e382f0d27a,MS-3729,MS,701993641404,Blue Bell Vanilla Ice Cream,250347,2026-04-03,1
855b6f90-e955-4b41-a85e-2de418389c5f,TX-3270,TX,610163406023,Folgers Classic Roast Coffee,192729,2026-07-26,2
7335525b-d72a-407f-913d-d1b776f99946,TX-7864,TX,701993641404,Blue Bell Vanilla Ice Cream,L-7111,2026-06-23,2
0e686079-06f3-46e4-8699-a27b372e0639,MS-4193,MS,382652812974,"Chobani Greek Yogurt, 32oz",L-6480,2026-05-03,2
ff2a5fb3-dead-4072-b452-1882793bde12,AL-8725,AL,808049347754,Nature Valley Granola Bars,L-7111,2026-08-08,1
cbd56a4d-67bc-41a9-ae15-f0c5e6961993,TN-6520,TN,382652812974,"Chobani Greek Yogurt, 32oz",L-4532,2026-05-10,1
83ee91d2-a489-428a-ade4-4c7730680d67,MS-2551,MS,808049347754,Nature Valley Granola Bars,L-4260,2026-05-24,4
38b2de79-67ff-45ef-be93-f41e0e9916ab,GA-4835,GA,889391736613,Wonder Bread Classic White,L-6480,2026-04-13,3
62406a0e-8eff-40f3-883a-023c8c28f7fd,MS-3551,MS,889391736613,Wonder Bread Classic White,192729,2026-07-30,2
3fcc5eec-db49-4e96-83a5-a04277905479,LA-3841,LA,701993641404,Blue Bell Vanilla Ice Cream,L-6480,2026-08-05,2
02f17763-b291-4c03-8ca9-6777a0228e28,TN-1946,TN,680261188425,"Great Value 2% Milk, Gallon",L-4260,2026-07-31,2
af96e6bb-f37c-447e-b817-7710955de047,AL-5313,AL,701993641404,Blue Bell Vanilla Ice Cream,L-1324,2026-04-07,2
f2e7f61e-82b3-44af-8c32-34247a2326d4,NM-5500,NM,610163406023,Folgers Classic Roast Coffee,L-4260,2026-08-15,1
9f5af501-5abe-4aeb-90bb-d838b86a9ac2,TN-4149,TN,653374520407,"Land O'Lakes Butter, 1lb",337807,2026-06-25,1
57fa3574-74a5-41ee-ad84-a1eef3d0fb81,TX-2895,TX,875113329103,"Tyson Chicken Breast, Family Pack",L-4532,2026-07-28,2
e9a68389-eb43-4369-8b08-027e94b88aef,OK-5812,OK,610163406023,Folgers Classic Roast Coffee,L-4532,2026-05-28,1
f8ffc42a-aa33-4c1d-9712-5079ef5f6e95,NM-6558,NM,875113329103,"Tyson Chicken Breast, Family Pack",L-7111,2026-06-25,1
eeec2f8f-efe9-4642-9145-9d65cbae0895,OK-8227,OK,701993641404,Blue Bell Vanilla Ice Cream,L-4260,2026-06-29,4
4155ed41-4246-4d11-811a-6d1886741643,OK-6674,OK,875113329103,"Tyson Chicken Breast, Family Pack",192729,2026-07-11,1
55bea140-b619-4e70-ae59-9ce591a67b65,TX-4328,TX,653374520407,"Land O'Lakes Butter, 1lb",L-5740,2026-05-16,1
e5a2cd9b-283a-43b9-92a8-9628a35d34a2,CA-8901,CA,808049347754,Nature Valley Granola Bars,L-4260,2026-04-23,3
304eb82c-474e-4205-9fd0-d599fe04e727,FL-8743,FL,808049347754,Nature Valley Granola Bars,192729,2026-06-18,2
41b96b48-9de3-4605-961f-dbaa33c30093,MS-9312,MS,653374520407,"Land O'Lakes Butter, 1lb",L-4532,2026-05-23,4
c3ee9784-2eae-4c38-9756-c3ffc01b2566,MO-7362,MO,680261188425,"Great Value 2% Milk, Gallon",337807,2026-06-20,3
e1ef14bd-58f0-44a4-a55c-1d0be7b56edc,AL-3870,AL,610163406023,Folgers Classic Roast Coffee,L-5740,2026-04-06,1
998f60cb-ee2f-48d4-98be-4e8d77463101,LA-8934,LA,875113329103,"Tyson Chicken Breast, Family Pack",337807,2026-04-03,3
9fd9f923-b3b4-473a-83c8-3b57a0c2fefc,MO-5371,MO,875113329103,"Tyson Chicken Breast, Family Pack",250347,2026-08-15,2
e5b777c4-e32f-4a48-a5a9-f4dc6eb1aad1,FL-9801,FL,680261188425,"Great Value 2% Milk, Gallon",L-6480,2026-05-27,2
8cbcfec4-01fb-48c1-aee9-5b49a7865776,LA-7444,LA,653374520407,"Land O'Lakes Butter, 1lb",406635,2026-06-15,3
5978694c-eddf-4a90-91aa-7406052ca5b5,TN-9613,TN,701993641404,Blue Bell Vanilla Ice Cream,L-1324,2026-04-16,2
e9059402-c76c-4f37-935d-6ab05a66a285,GA-2059,GA,875113329103,"Tyson Chicken Breast, Family Pack",L-6480,2026-06-30,4
48a0fbe3-a55a-4938-8446-739487a7e967,NM-3792,NM,808049347754,Nature Valley Granola Bars,192729,2026-04-27,4
47380548-8c04-4697-b096-6f9374812df4,CA-7763,CA,610163406023,Folgers Classic Roast Coffee,L-1324,2026-04-24,2
bd00bd8b-a8fb-4fb5-a4b3-986873709f83,AL-7150,AL,701993641404,Blue Bell Vanilla Ice Cream,L-6480,2026-06-03,4
a3e3a83e-77f5-446a-8d16-f5a1d5c1eaad,MS-5483,MS,382652812974,"Chobani Greek Yogurt, 32oz",406635,2026-04-02,2
4b3b9396-1082-4a9d-935e-0c4f078bfbc4,GA-8726,GA,701993641404,Blue Bell Vanilla Ice Cream,L-4532,2026-06-24,1
c85ef49b-e305-489a-9268-de3102198700,TX-8412,TX,382652812974,"Chobani Greek Yogurt, 32oz",L-7111,2026-04-04,4
8da0847d-2210-450f-802f-00f197a30120,OK-6161,OK,701993641404,Blue Bell Vanilla Ice Cream,L-1324,2026-07-08,2
66f3f854-c2d0-49b8-941e-73ef21136202,TX-6583,TX,059533434211,"Kroger Large Grade A Eggs, Dozen",P-1950,2026-07-07,4
6f70f690-719c-4c18-9c03-565fcb19fad1,OK-1713,OK,889391736613,Wonder Bread Classic White,337807,2026-04-21,2
eb3b3b33-96ca-4889-85d1-29eace26bc99,TX-8211,TX,875113329103,"Tyson Chicken Breast, Family Pack",250347,2026-04-06,3
28336a56-bda0-46fe-9c79-65f3d2b0024e,FL-7055,FL,680261188425,"Great Value 2% Milk, Gallon",L-6480,2026-07-26,4
6817e096-6f37-4d80-9406-6341ff462a92,AL-8662,AL,610163406023,Folgers Classic Roast Coffee,L-6480,2026-05-04,3
223bec49-15f3-429e-a88f-49ca4269a992,TX-3220,TX,653374520407,"Land O'Lakes Butter, 1lb",L-4532,2026-04-20,1
eaef2d56-680a-48d0-a498-239940aeccc6,TN-2164,TN,653374520407,"Land O'Lakes Butter, 1lb",L-1324,2026-06-25,2
b15b0a71-3f30-4b82-a498-b603a628dd23,OK-4381,OK,680261188425,"Great Value 2% Milk, Gallon",L-5740,2026-06-03,3
ce8b6f02-86ef-4cb8-8454-15f7c549ef46,AR-8435,AR,057642652279,"Brookshire's Large Grade A Eggs, Dozen",0840962,2026-06-12,2
2d1175ce-bd9b-4978-bfc3-727021724d50,OK-5270,OK,059533434211,"Kroger Large Grade A Eggs, Dozen",P-1950,2026-07-29,3
85718718-e8a6-4fde-80be-787a855baa49,OK-8949,OK,680261188425,"Great Value 2% Milk, Gallon",L-6480,2026-05-04,4
214676a8-dd5b-4f4c-9000-1c969b39c6b3,CA-7541,CA,701993641404,Blue Bell Vanilla Ice Cream,L-6480,2026-04-12,1
994614f9-db28-4196-ae07-135c1b513a72,AL-4413,AL,701993641404,Blue Bell Vanilla Ice Cream,L-4260,2026-05-21,1
2448ea0d-a74b-442d-93d5-e30a4b1f197e,CA-2920,CA,610163406023,Folgers Classic Roast Coffee,192729,2026-07-25,3
2c89e43d-a90e-4fb4-9dc1-995191efc4ec,CA-8067,CA,382652812974,"Chobani Greek Yogurt, 32oz",250347,2026-05-27,2
daee5d05-0a85-41c0-99b3-d7d24cd3ee9f,TX-5968,TX,653374520407,"Land O'Lakes Butter, 1lb",L-7111,2026-06-07,4
e2d14c53-8037-4617-92ca-f344dbb355fb,MO-6513,MO,701993641404,Blue Bell Vanilla Ice Cream,337807,2026-08-14,4
fe859a74-78aa-4621-9a76-f39f74e8855c,TN-3311,TN,875113329103,"Tyson Chicken Breast, Family Pack",L-4532,2026-06-14,2
5e9bd015-8dbe-4171-acaa-694b605d7361,MS-5852,MS,680261188425,"Great Value 2% Milk, Gallon",L-7111,2026-04-18,4
98aa2211-8e4c-4fa4-a8dc-03c0796288bf,MO-5888,MO,610163406023,Folgers Classic Roast Coffee,250347,2026-06-16,1
be86939f-98c6-450b-9991-64f71f6f5966,CA-8480,CA,610163406023,Folgers Classic Roast Coffee,337807,2026-04-22,2
c89304aa-583e-4042-a1b9-eefd84a02860,LA-9715,LA,382652812974,"Chobani Greek Yogurt, 32oz",337807,2026-04-16,3
7b3e2e47-7f19-496e-b4e6-8e67bb631bbd,CA-6930,CA,875113329103,"Tyson Chicken Breast, Family Pack",L-4532,2026-06-14,4
20968f5a-6ac9-4106-8372-433a195d020d,TN-4980,TN,610163406023,Folgers Classic Roast Coffee,406635,2026-07-01,3
d30adda7-5b5f-4114-af80-54d8a766295d,GA-8033,GA,610163406023,Folgers Classic Roast Coffee,406635,2026-07-27,4
efa495bd-f507-4200-8acb-6f2addd5ac98,MO-8429,MO,808049347754,Nature Valley Granola Bars,L-6480,2026-07-07,3
228974d4-f4c7-4715-a4ef-55c368deff41,TN-5102,TN,653374520407,"Land O'Lakes Butter, 1lb",L-4260,2026-07-28,1
dd836219-641a-4d6a-ac31-ac3a046b0cd0,TN-5662,TN,610163406023,Folgers Classic Roast Coffee,L-4532,2026-07-27,4
ed191058-1efc-42c8-9f90-bec2c2689585,TX-3887,TX,701993641404,Blue Bell Vanilla Ice Cream,L-4532,2026-07-18,4
fd33078e-553a-491d-a289-b17964f83d9f,TN-8806,TN,610163406023,Folgers Classic Roast Coffee,L-5740,2026-04-15,4
e92b4eca-03e4-444a-8c32-21d4d91dc962,LA-8280,LA,889391736613,Wonder Bread Classic White,L-1324,2026-04-15,3
b24ede47-5e2c-42b7-97a4-a28de7ac19cf,NM-1846,NM,889391736613,Wonder Bread Classic White,L-4532,2026-04-02,3
32be715f-6d69-485a-abb9-6d50f92afbf8,AL-6580,AL,610163406023,Folgers Classic Roast Coffee,406635,2026-05-25,2
5681110f-5c19-4107-ac33-547f9560aec7,MO-4671,MO,680261188425,"Great Value 2% Milk, Gallon",406635,2026-06-01,2
4eef5797-11da-4dfa-afe6-104831b53a7a,AR-7156,AR,610163406023,Folgers Classic Roast Coffee,L-4260,2026-07-16,4
138cd3f1-0e0d-4bb8-8f67-46125c72221f,GA-8434,GA,889391736613,Wonder Bread Classic White,250347,2026-04-15,2
eb006ed4-e3ee-4f51-90d0-2d93915e6ff1,TX-3427,TX,653374520407,"Land O'Lakes Butter, 1lb",406635,2026-04-13,4
1a9ca178-fb38-4d1e-8f8a-9a8ca8e54ea0,CA-8240,CA,680261188425,"Great Value 2% Milk, Gallon",L-6480,2026-05-07,2
1fabec43-c5b9-45f1-b1db-3977aabe014b,MS-4156,MS,808049347754,Nature Valley Granola Bars,337807,2026-04-03,2
7d02227a-3452-4147-985b-8fa31640e877,AR-3548,AR,382652812974,"Chobani Greek Yogurt, 32oz",L-1324,2026-06-28,4
22ddb6ae-4939-4552-8788-bbb1bd683f4f,AR-6349,AR,610163406023,Folgers Classic Roast Coffee,337807,2026-07-25,3
605fa8d5-9133-4b9d-8443-1c87728680a3,MS-5490,MS,875113329103,"Tyson Chicken Breast, Family Pack",L-4532,2026-04-14,3
7bf3efcd-0032-4e2e-8063-ab6c9f1563b2,FL-5153,FL,610163406023,Folgers Classic Roast Coffee,L-1324,2026-05-25,1
84dfe202-8438-4377-9b4b-47134b2f6142,FL-4509,FL,610163406023,Folgers Classic Roast Coffee,L-5740,2026-08-10,4
35d61d6b-f7d2-4e66-be2d-b64f285c2e85,NM-7721,NM,889391736613,Wonder Bread Classic White,406635,2026-08-06,1
316bac50-967e-44b7-89ee-b650dbefa819,CA-1430,CA,382652812974,"Chobani Greek Yogurt, 32oz",L-1324,2026-04-25,2
5f0c3ba3-3eec-4c68-969f-a49bfb68ee28,AL-4085,AL,889391736613,Wonder Bread Classic White,337807,2026-05-10,3
d63a65dc-a724-4d09-a725-44f50e6cf115,AR-4670,AR,808049347754,Nature Valley Granola Bars,L-6480,2026-05-12,3
69b70fd3-ff4f-44e8-9883-9122ff81b4f9,CA-7407,CA,653374520407,"Land O'Lakes Butter, 1lb",250347,2026-07-29,4
2452b716-e54c-4049-a662-302a5e770883,AL-4518,AL,680261188425,"Great Value 2% Milk, Gallon",L-7111,2026-08-08,3
18506c19-0462-4e1d-8ba8-936d4a300aa8,TN-1029,TN,875113329103,"Tyson Chicken Breast, Family Pack",337807,2026-05-11,2
50fecc04-977f-4e0b-ad26-2306ae4d6db4,AR-6031,AR,889391736613,Wonder Bread Classic White,250347,2026-07-16,1
7aa2f3f9-7be8-4ec8-978e-4298ad2f3d6b,FL-6651,FL,610163406023,Folgers Classic Roast Coffee,L-6480,2026-06-07,2
3517486f-acde-404e-85ba-8e70b2c2125a,AR-8211,AR,889391736613,Wonder Bread Classic White,192729,2026-04-05,4
2d216430-c8f8-48cc-bc13-5d5deb68dacb,CA-7843,CA,701993641404,Blue Bell Vanilla Ice Cream,L-1324,2026-06-16,2
165710a2-5790-4ee3-ae5c-002aa8c5ccd8,NM-9918,NM,889391736613,Wonder Bread Classic White,337807,2026-05-28,3
f07b8501-af6f-45a5-ad33-e81a0063b81a,MO-6734,MO,680261188425,"Great Value 2% Milk, Gallon",L-4260,2026-04-04,3
f6c35024-e695-4145-b187-2aded5f2955a,CA-1335,CA,889391736613,Wonder Bread Classic White,337807,2026-04-11,2
0d06eaf3-5af1-4c84-84be-d9bb607f1de9,OK-3350,OK,889391736613,Wonder Bread Classic White,406635,2026-04-03,4
0f68b956-e6d0-408c-a54d-52117f9839ea,AL-4818,AL,653374520407,"Land O'Lakes Butter, 1lb",L-6480,2026-07-01,4
6b9d90d5-5079-495a-a10a-ada5c6320325,TN-2185,TN,808049347754,Nature Valley Granola Bars,L-4260,2026-05-26,1
0a9cf8c7-49a1-414d-bcf7-83f04b1dacd1,NM-8868,NM,680261188425,"Great Value 2% Milk, Gallon",192729,2026-07-18,1
89f29f1b-197c-4be1-853e-1955d934faf6,TN-9750,TN,701993641404,Blue Bell Vanilla Ice Cream,192729,2026-05-26,4
53dd1855-16b2-4e00-a603-5705fa2b18a6,LA-4434,LA,610163406023,Folgers Classic Roast Coffee,L-5740,2026-04-15,3
4f26431f-e76f-4cb8-b975-fff637cc1140,NM-2506,NM,382652812974,"Chobani Greek Yogurt, 32oz",L-4260,2026-07-09,4
035a8e8f-efc3-4035-bd65-8c9df3d5c996,AR-4993,AR,057642652279,"Brookshire's Large Grade A Eggs, Dozen",0840962,2026-06-18,4
d1640e2f-9b61-437f-a32a-6d62e1451a55,AL-1500,AL,808049347754,Nature Valley Granola Bars,250347,2026-05-11,4
eee9c948-ff8b-4edf-b1d7-b52457da2542,GA-3106,GA,701993641404,Blue Bell Vanilla Ice Cream,406635,2026-07-25,3
e6a96b35-1245-41a5-8e8d-0cac16693b9a,OK-8304,OK,382652812974,"Chobani Greek Yogurt, 32oz",L-4260,2026-04-07,3
0ce2e789-b4df-4628-87ef-36a04fda1f85,FL-5862,FL,889391736613,Wonder Bread Classic White,337807,2026-06-19,3
032f7047-1819-4ba8-b3a5-bf6e8c659ed7,MS-1020,MS,680261188425,"Great Value 2% Milk, Gallon",L-4532,2026-08-12,3
80a331c0-4769-4839-9333-dac1d4fe856a,MO-1847,MO,680261188425,"Great Value 2% Milk, Gallon",L-4532,2026-06-28,2
9f85569a-fd33-499f-a018-6e48cef44808,FL-6829,FL,701993641404,Blue Bell Vanilla Ice Cream,406635,2026-08-12,1
8291011d-8cc6-49dc-a312-fa386f6d1805,FL-1004,FL,382652812974,"Chobani Greek Yogurt, 32oz",L-5740,2026-07-10,3
bb7cab92-efb7-4db5-9056-3aed0bc041b9,CA-5753,CA,808049347754,Nature Valley Granola Bars,406635,2026-08-03,1
0d2d5189-ddf1-4f3d-a41c-196dd6154e85,OK-9552,OK,889391736613,Wonder Bread Classic White,L-4260,2026-05-27,3
394a295a-f6ec-425e-b510-2c7dc95b2430,AL-6457,AL,808049347754,Nature Valley Granola Bars,337807,2026-08-03,4
2ec987d7-e713-4f4e-a1a8-4211f728465c,OK-9166,OK,875113329103,"Tyson Chicken Breast, Family Pack",337807,2026-06-21,4
d00b4f0b-4217-4ead-8b6c-5a10600f5cf6,TN-3817,TN,701993641404,Blue Bell Vanilla Ice Cream,L-6480,2026-05-21,1
aa0a5fc5-0c53-4e01-ac17-83bfccdff48b,TN-5687,TN,653374520407,"Land O'Lakes Butter, 1lb",406635,2026-08-04,3
ebca655c-059c-4157-9ea1-50ab9430a5c4,CA-3581,CA,808049347754,Nature Valley Granola Bars,L-6480,2026-05-10,2
7bc32224-07fd-4c9a-9ca9-97d4ec933b39,LA-4957,LA,610163406023,Folgers Classic Roast Coffee,250347,2026-05-12,1
b6baf9ae-eb33-4744-a20d-f019f7830762,MS-2942,MS,382652812974,"Chobani Greek Yogurt, 32oz",406635,2026-05-28,1
a149602c-c1c5-4272-99f7-e235303d1a63,LA-7310,LA,808049347754,Nature Valley Granola Bars,L-4532,2026-07-24,3
e1a81e2d-bb86-406d-a54e-b481fd60ecec,AR-5482,AR,701993641404,Blue Bell Vanilla Ice Cream,L-7111,2026-05-12,1
791ce479-3a66-4c1c-a881-c9e22238ea2a,TX-1006,TX,059533434211,"Kroger Large Grade A Eggs, Dozen",P-1950,2026-06-27,3
34493563-d978-45a5-bc45-cdf0a3d67689,MO-8560,MO,701993641404,Blue Bell Vanilla Ice Cream,406635,2026-05-28,1
dbf73309-4cf5-4c4c-bcde-a13ce6c1f58e,NM-9504,NM,808049347754,Nature Valley Granola Bars,250347,2026-06-01,2
24990ef9-cde7-4a51-bf9d-d1b523224989,GA-7172,GA,875113329103,"Tyson Chicken Breast, Family Pack",L-4260,2026-04-27,4
58def83b-abba-45ee-83ce-2c4d21d951c9,FL-6770,FL,701993641404,Blue Bell Vanilla Ice Cream,337807,2026-04-24,2
c380fff7-3822-497b-9c3c-1791dec33ec9,TN-2947,TN,610163406023,Folgers Classic Roast Coffee,250347,2026-08-05,3
fc9c4594-a458-483a-93f0-8747fa3b0314,CA-8711,CA,701993641404,Blue Bell Vanilla Ice Cream,337807,2026-04-25,1
e48c932d-7395-4ff5-a810-5523f00b9bc0,OK-8584,OK,382652812974,"Chobani Greek Yogurt, 32oz",L-6480,2026-08-05,1
f6ddb5f3-ed4f-41fc-9243-6270a847edac,MS-4496,MS,808049347754,Nature Valley Granola Bars,L-7111,2026-05-20,1
ae0aa426-18af-4384-ab23-3881fd787653,LA-2725,LA,610163406023,Folgers Classic Roast Coffee,337807,2026-05-19,3
aa0c36c5-cf0b-4a71-8fcd-2da3540133cc,NM-9529,NM,875113329103,"Tyson Chicken Breast, Family Pack",192729,2026-05-16,4
cfae9b89-0680-4908-81cb-fe22b06e6de1,LA-3482,LA,680261188425,"Great Value 2% Milk, Gallon",406635,2026-07-14,1
00918380-8651-457c-b63d-bc0e9c090f34,AR-1585,AR,875113329103,"Tyson Chicken Breast, Family Pack",406635,2026-05-04,1
d4c8aa77-bf02-41e9-99cd-36eb93fa8378,TN-8572,TN,875113329103,"Tyson Chicken Breast, Family Pack",L-5740,2026-07-15,1
3a4057f2-e7be-4a9f-a882-92329102643d,MS-5339,MS,382652812974,"Chobani Greek Yogurt, 32oz",L-5740,2026-07-06,2
54f05614-7cc9-4975-9089-00467e9c1427,AL-9315,AL,653374520407,"Land O'Lakes Butter, 1lb",250347,2026-08-10,4
bea7404b-b265-458d-8ab0-f4d9f545324c,AR-8815,AR,701993641404,Blue Bell Vanilla Ice Cream,L-1324,2026-07-16,3
a00290e1-ce1a-4903-b2c5-ab891fb75fa5,MO-1062,MO,610163406023,Folgers Classic Roast Coffee,L-6480,2026-06-06,2
bc380c2e-d93a-41d9-adce-760ffd6177b9,AR-6056,AR,680261188425,"Great Value 2% Milk, Gallon",L-4532,2026-08-08,2
022b00ae-b21e-4a4d-8397-ef1eb7149b23,FL-5153,FL,889391736613,Wonder Bread Classic White,L-7111,2026-04-18,2
cf0fd18a-77c7-49b7-b9ba-a87b33012cbf,TX-8232,TX,382652812974,"Chobani Greek Yogurt, 32oz",L-7111,2026-04-06,1
504f2d63-d674-4725-bbbd-fd8fc69e6c32,MO-9980,MO,875113329103,"Tyson Chicken Breast, Family Pack",L-6480,2026-05-18,2
ef3d676f-e484-419d-b149-ae8e6cc52a6e,OK-7005,OK,808049347754,Nature Valley Granola Bars,337807,2026-07-20,3
43d95e17-d7fc-4fb6-b94b-d0b26707b2be,MO-7595,MO,680261188425,"Great Value 2% Milk, Gallon",L-4260,2026-06-25,3
66ece33a-04b2-4f45-8d2b-50ad619ac158,FL-5988,FL,889391736613,Wonder Bread Classic White,L-5740,2026-06-24,4
34e51818-9273-41af-9d41-09cf9b14f31f,MO-8420,MO,889391736613,Wonder Bread Classic White,L-7111,2026-07-08,4
bb16339b-ec30-4b79-88c7-fe04a2462765,FL-5486,FL,875113329103,"Tyson Chicken Breast, Family Pack",337807,2026-05-19,2
87c06e15-d98e-4964-a24c-d95e2fb70d69,FL-6940,FL,701993641404,Blue Bell Vanilla Ice Cream,406635,2026-04-16,2
f7d550ec-7ff9-457c-8745-0107176af98c,AL-6175,AL,382652812974,"Chobani Greek Yogurt, 32oz",406635,2026-05-27,3
ea5d88a5-d129-46d4-9e5c-ae9474722393,GA-3355,GA,889391736613,Wonder Bread Classic White,L-5740,2026-04-25,3
cf1b19ea-1d26-4d82-a18b-c8ba139e0c16,LA-4398,LA,875113329103,"Tyson Chicken Breast, Family Pack",L-4260,2026-04-12,3
4dfe044a-8224-474e-ab7e-a785ed5c579e,TX-2815,TX,701993641404,Blue Bell Vanilla Ice Cream,L-7111,2026-08-10,4
6ac6b4b7-cf7f-46c5-ae53-e6e4edf76f24,MS-7612,MS,610163406023,Folgers Classic Roast Coffee,406635,2026-05-14,4
66e6c55d-0c82-4116-93fe-804450979b25,AL-9227,AL,382652812974,"Chobani Greek Yogurt, 32oz",L-7111,2026-04-01,1
8784257e-7798-49f3-a0d3-0e1ff292b2bc,TN-5676,TN,680261188425,"Great Value 2% Milk, Gallon",337807,2026-07-25,2
00a558b0-d8aa-41eb-9149-a12cbae41f62,LA-5206,LA,610163406023,Folgers Classic Roast Coffee,L-5740,2026-07-20,2
1455b0ec-286b-4865-a37e-f6aa2415eb75,AL-1702,AL,382652812974,"Chobani Greek Yogurt, 32oz",L-4532,2026-07-06,2
f0881123-a440-4816-b215-6ee91ccd8ad6,TX-6261,TX,889391736613,Wonder Bread Classic White,250347,2026-08-04,4
247eca1a-4784-44fa-8a1f-1769f6ebc0f5,AL-7929,AL,889391736613,Wonder Bread Classic White,L-4532,2026-07-09,1
5819085f-5101-47ca-b9d5-080c314c82fb,MS-5244,MS,653374520407,"Land O'Lakes Butter, 1lb",192729,2026-04-15,2
446dba1b-9b0f-4aa4-8255-c6c8964fc7b1,CA-4993,CA,610163406023,Folgers Classic Roast Coffee,L-1324,2026-06-12,2
534ab5f7-e215-43b1-9c9b-00e38e456314,TN-1476,TN,808049347754,Nature Valley Granola Bars,406635,2026-05-21,4
489db986-4b12-4622-99ae-aba65c8bb614,CA-9287,CA,653374520407,"Land O'Lakes Butter, 1lb",L-4260,2026-07-22,4
c405920c-8622-42d2-9067-4994bde57082,CA-4974,CA,653374520407,"Land O'Lakes Butter, 1lb",L-5740,2026-06-21,1
3f75cff4-7680-437b-9ac5-d965024cbffe,LA-1478,LA,653374520407,"Land O'Lakes Butter, 1lb",L-4260,2026-04-10,2
5dfe75a3-b270-4200-a03c-078d31bc2287,AR-2468,AR,808049347754,Nature Valley Granola Bars,L-6480,2026-04-07,1
bb1515ba-151e-413a-a372-21fe227c1794,CA-5202,CA,382652812974,"Chobani Greek Yogurt, 32oz",406635,2026-08-05,3
c2d5496d-cc56-4218-a433-e06dba409247,TN-3755,TN,382652812974,"Chobani Greek Yogurt, 32oz",337807,2026-06-27,2
96cf5846-2061-4250-9db4-0a8761e5e176,OK-3658,OK,859982493629,"Country Morning Large Grade A Eggs, Dozen",P-1950,2026-07-08,1
2a82491a-45da-4d48-9120-eeafc39a28cc,GA-8606,GA,875113329103,"Tyson Chicken Breast, Family Pack",L-6480,2026-06-23,4
898142d8-e9f2-454f-8408-4580ac02984b,TX-5193,TX,889391736613,Wonder Bread Classic White,L-4532,2026-06-28,2
33683f87-0bb8-45d7-8829-58ffb0c86472,GA-3165,GA,875113329103,"Tyson Chicken Breast, Family Pack",406635,2026-08-08,4
a867f2e5-31b1-48ac-ace0-8754f4a37954,AR-7549,AR,875113329103,"Tyson Chicken Breast, Family Pack",406635,2026-07-17,2
2b021dcc-5229-47a7-a736-aa9c17df9c3f,TX-6872,TX,382652812974,"Chobani Greek Yogurt, 32oz",L-6480,2026-05-08,3
8befa611-fe91-4be5-8f39-27757a7036d6,GA-9761,GA,382652812974,"Chobani Greek Yogurt, 32oz",L-4532,2026-06-20,3
bee1ea1a-6612-4d84-8e65-c5dfbaf69df7,OK-6768,OK,680261188425,"Great Value 2% Milk, Gallon",L-4532,2026-04-09,2
235c897d-32ea-4b9b-8e38-54d9ba1f87b8,MS-6170,MS,653374520407,"Land O'Lakes Butter, 1lb",L-5740,2026-06-30,4
3c46bd5a-10be-4cb6-a4fd-c4b8c7ce69ce,GA-6156,GA,382652812974,"Chobani Greek Yogurt, 32oz",406635,2026-07-03,3
83e3f125-a69c-49c1-96b5-4ab18da44709,AR-6348,AR,610163406023,Folgers Classic Roast Coffee,L-4532,2026-06-12,1
8a725bbc-1a72-414e-b215-51be166e3a24,GA-4635,GA,889391736613,Wonder Bread Classic White,406635,2026-06-01,3
4519327b-8ae9-4ccc-a654-395f86101219,AL-4523,AL,382652812974,"Chobani Greek Yogurt, 32oz",L-6480,2026-07-28,1
81edd4c6-299b-4c7c-9079-fb10810e87ed,OK-5218,OK,653374520407,"Land O'Lakes Butter, 1lb",192729,2026-05-15,3
931660e1-cd93-4cc0-98b0-07b690456385,GA-5970,GA,701993641404,Blue Bell Vanilla Ice Cream,L-1324,2026-04-24,2
d7793d70-7d9c-4cd2-b779-bdbb78550b3f,AR-3512,AR,701993641404,Blue Bell Vanilla Ice Cream,250347,2026-08-08,4
646eb8da-c43c-4e48-a298-4b4bf1307da3,MO-2058,MO,653374520407,"Land O'Lakes Butter, 1lb",192729,2026-07-01,4
8f88d21d-f7ec-4178-9fce-96cb8ef1e51d,TN-5103,TN,889391736613,Wonder Bread Classic White,L-4532,2026-07-05,3
2be9818d-6cdb-4c16-9fae-5d2d8be071da,TN-2580,TN,680261188425,"Great Value 2% Milk, Gallon",L-5740,2026-08-02,4
77fc3a0d-fe3d-4a5f-a859-2673139b3b6e,OK-6458,OK,808049347754,Nature Valley Granola Bars,L-7111,2026-05-24,4
87bddb5c-c686-472c-98f9-b9ffbe492acb,AR-8404,AR,653374520407,"Land O'Lakes Butter, 1lb",L-7111,2026-06-22,2
eeb68e95-ac6a-4a5e-9b51-002ef2be09e1,CA-9761,CA,808049347754,Nature Valley Granola Bars,406635,2026-06-17,1
0e906f8b-5390-4122-8066-252ea9b19f3f,AL-4962,AL,889391736613,Wonder Bread Classic White,250347,2026-07-14,2
8402318e-a1ea-4c34-8e4c-a0071ae935a1,TX-3456,TX,680261188425,"Great Value 2% Milk, Gallon",250347,2026-08-06,1
f66ff0dd-c8d9-4e24-9c4d-efebcfa44bd6,LA-9351,LA,680261188425,"Great Value 2% Milk, Gallon",L-5740,2026-04-22,4
aeb7b5b5-e44f-477a-9f13-133e657c01bd,AR-9180,AR,680261188425,"Great Value 2% Milk, Gallon",L-5740,2026-05-30,4
f9d5ad4c-b53c-4206-bfca-b594be1db394,NM-7035,NM,653374520407,"Land O'Lakes Butter, 1lb",L-6480,2026-07-22,3
168de349-5335-49bc-95d3-775bc7aa9e2f,NM-4119,NM,808049347754,Nature Valley Granola Bars,L-1324,2026-06-28,4
3a326c72-9155-4775-9be4-14da41a3ec61,MO-7482,MO,610163406023,Folgers Classic Roast Coffee,L-6480,2026-04-24,1
67954f32-65bb-44b7-9cb7-179ef6a803c4,AL-3469,AL,808049347754,Nature Valley Granola Bars,L-4260,2026-05-02,1
d67c72a3-55ae-4599-af5a-b44c72fff5ff,MO-8723,MO,382652812974,"Chobani Greek Yogurt, 32oz",192729,2026-07-13,2
a79648db-904e-421a-b3cf-408f666ccb7b,LA-5784,LA,680261188425,"Great Value 2% Milk, Gallon",406635,2026-05-14,4
3ae52aa2-a3b5-42c6-ac3c-299b8ebb2b54,OK-4078,OK,382652812974,"Chobani Greek Yogurt, 32oz",L-4532,2026-06-07,3
7b43bef3-2a81-4a8d-b936-c9ae0eaaf26e,AR-5615,AR,875113329103,"Tyson Chicken Breast, Family Pack",L-4532,2026-04-05,3
f804f092-760d-4ad7-a915-c74d9400bf8a,NM-7550,NM,701993641404,Blue Bell Vanilla Ice Cream,250347,2026-04-14,4
057d2f2a-9318-427c-aaa7-d2f8e7817a6a,OK-9879,OK,889391736613,Wonder Bread Classic White,L-5740,2026-05-11,2
87d66bac-e340-443b-919d-a81767dc277c,AL-4075,AL,889391736613,Wonder Bread Classic White,L-1324,2026-04-20,4
761f53c8-2b2a-403d-910f-48da2bf1ef24,TX-8037,TX,653374520407,"Land O'Lakes Butter, 1lb",250347,2026-08-10,2
f912abe6-cad4-40ba-9cd5-7ea88f1a988b,CA-1664,CA,875113329103,"Tyson Chicken Breast, Family Pack",250347,2026-04-20,1
13747b3b-0cc6-48a2-8bb5-d569328d6b52,MO-6894,MO,808049347754,Nature Valley Granola Bars,L-1324,2026-05-18,1
9a0ff2ab-0adb-46f2-88b1-b46cb46d81e7,TX-8972,TX,859982493629,"Country Morning Large Grade A Eggs, Dozen",P-1950,2026-07-12,4
fb690ade-0fbf-457f-95c2-57c90cd7c2fe,GA-2041,GA,653374520407,"Land O'Lakes Butter, 1lb",L-5740,2026-08-05,4
d1ee4916-9f87-4e9f-9852-cc269058f1f2,FL-9660,FL,701993641404,Blue Bell Vanilla Ice Cream,406635,2026-07-25,2
f3bf279a-4dee-4630-822f-b5659bf58485,TX-9912,TX,808049347754,Nature Valley Granola Bars,250347,2026-06-14,4
766d2063-24b5-4635-b099-ba2e6ca91c85,OK-7802,OK,889391736613,Wonder Bread Classic White,192729,2026-06-18,2
199bcee5-5a42-4e9d-b513-5ad3e5e16675,AR-1622,AR,859982493629,"Country Morning Large Grade A Eggs, Dozen",0840962,2026-06-24,1
3c6b6068-d030-4f63-ba59-3d54f68e8195,OK-5833,OK,057642652279,"Brookshire's Large Grade A Eggs, Dozen",P-1950,2026-07-29,3
01f30f95-806f-41c6-ae04-580d2becd0ed,MS-8189,MS,875113329103,"Tyson Chicken Breast, Family Pack",192729,2026-04-06,3
0ba152d5-75bd-4ba4-b0d4-2dfdc0e2184e,AL-6367,AL,653374520407,"Land O'Lakes Butter, 1lb",337807,2026-07-19,4
1c3d3964-9681-4bcd-82d7-b4291a4bb254,AL-4133,AL,875113329103,"Tyson Chicken Breast, Family Pack",L-5740,2026-07-20,2
6d7c8e12-64c6-4fe0-9544-9473fb2ca475,NM-6653,NM,610163406023,Folgers Classic Roast Coffee,L-1324,2026-07-16,1
43f613d7-b56d-4075-90a5-7dd20cb35133,LA-4676,LA,382652812974,"Chobani Greek Yogurt, 32oz",337807,2026-07-19,3
4ed3c09d-3084-4ecf-9ce0-d75edb350f3d,MS-2585,MS,610163406023,Folgers Classic Roast Coffee,L-1324,2026-07-14,4
c4073b70-d509-4d76-90c4-13142a524260,LA-6751,LA,382652812974,"Chobani Greek Yogurt, 32oz",337807,2026-06-22,1
06aa0b95-ac18-4e68-80fb-15c5e3c4f5fe,GA-2227,GA,653374520407,"Land O'Lakes Butter, 1lb",250347,2026-07-29,4
23dfda33-f3f9-4100-8b67-ad5a2307c274,MO-5315,MO,610163406023,Folgers Classic Roast Coffee,L-7111,2026-04-10,3
38c630f3-b30e-4fa7-ad57-25a53eb77aea,MO-2974,MO,680261188425,"Great Value 2% Milk, Gallon",L-6480,2026-07-29,3
1b34474a-e7eb-4e59-a19c-cf543baf76ab,AR-8661,AR,808049347754,Nature Valley Granola Bars,L-4260,2026-08-06,2
52ac0980-e916-46a6-a375-0d922ea2f119,TX-4661,TX,680261188425,"Great Value 2% Milk, Gallon",192729,2026-05-26,1
27c2d3f6-3b99-4ce8-8ebb-2e7aa102ebf6,GA-7628,GA,680261188425,"Great Value 2% Milk, Gallon",L-1324,2026-07-23,4
f1eb6a12-8f3d-451c-8e95-d22943c88dec,MO-2385,MO,680261188425,"Great Value 2% Milk, Gallon",L-5740,2026-06-08,1
cc2b2dc9-90b6-4434-a622-a7dc11051b2a,MO-8592,MO,701993641404,Blue Bell Vanilla Ice Cream,L-1324,2026-07-23,4
2c41c268-fe7a-4d87-97d2-086b95001d09,LA-3782,LA,382652812974,"Chobani Greek Yogurt, 32oz",192729,2026-07-16,4
2736e71d-57e8-435a-a8bd-f2d7873e5f34,NM-6166,NM,701993641404,Blue Bell Vanilla Ice Cream,L-5740,2026-04-13,2
d9bf6ee3-a286-4ff2-9022-f27e899c5564,AR-6303,AR,875113329103,"Tyson Chicken Breast, Family Pack",406635,2026-05-29,4
db105640-306e-4768-80ab-4cf724b50bb6,TN-4805,TN,653374520407,"Land O'Lakes Butter, 1lb",L-5740,2026-07-05,4
ee5bd489-240d-4e09-9c33-696b85e0cec8,NM-4636,NM,680261188425,"Great Value 2% Milk, Gallon",406635,2026-07-06,1
88b21852-42f3-4b40-a4f9-be7d5d04fcb5,FL-2591,FL,875113329103,"Tyson Chicken Breast, Family Pack",L-6480,2026-07-29,1
9f8d093a-0b22-4b34-a1a0-96a5dc09ab4f,TX-2722,TX,680261188425,"Great Value 2% Milk, Gallon",406635,2026-08-15,4
dec138da-9b1a-4866-a364-9ae0be851ba2,FL-4745,FL,382652812974,"Chobani Greek Yogurt, 32oz",L-7111,2026-06-13,3
1654022b-0412-4347-86a6-8ca6f2fd25f1,LA-8695,LA,382652812974,"Chobani Greek Yogurt, 32oz",L-5740,2026-04-29,2
25aa2b30-a9f0-4ca0-b2d0-5d0f6bf1b095,GA-8030,GA,653374520407,"Land O'Lakes Butter, 1lb",337807,2026-07-05,3
0338c70e-734b-4339-95e5-a170ef16d5e0,FL-3213,FL,382652812974,"Chobani Greek Yogurt, 32oz",L-4260,2026-05-27,3
2061944d-f36a-471f-a681-6f55a6880e54,MS-2005,MS,610163406023,Folgers Classic Roast Coffee,337807,2026-05-28,3
9133b384-a9fb-4e4c-9bfd-2945c82f4028,NM-4625,NM,889391736613,Wonder Bread Classic White,L-4260,2026-05-28,2
b48a624a-661f-4f9d-b989-a179604895a5,FL-3101,FL,701993641404,Blue Bell Vanilla Ice Cream,L-7111,2026-06-06,4
73563da4-fdf8-4245-9c34-512946e9b0ca,AR-7332,AR,808049347754,Nature Valley Granola Bars,L-7111,2026-07-10,3
85c74e3f-8f9e-4270-8a77-a603e7cf14b1,AL-5380,AL,889391736613,Wonder Bread Classic White,406635,2026-05-26,1
c0c44901-7211-4022-b469-bed2b8d3586e,MS-2180,MS,701993641404,Blue Bell Vanilla Ice Cream,L-6480,2026-05-14,3
4461bf8e-ad04-4841-b836-834f5f6f3dcf,CA-9799,CA,875113329103,"Tyson Chicken Breast, Family Pack",L-7111,2026-04-23,3
6502d9a8-f044-4d49-b6ff-70d0e25eedca,AR-5789,AR,382652812974,"Chobani Greek Yogurt, 32oz",L-6480,2026-04-07,3
3c493144-cbf1-4a44-998b-99445c148bfe,OK-6377,OK,889391736613,Wonder Bread Classic White,L-5740,2026-06-30,2
4e4afe25-4eab-4216-9e40-fe478c6d563b,LA-9904,LA,382652812974,"Chobani Greek Yogurt, 32oz",L-5740,2026-04-01,1
b775781d-9f1f-40b7-bc7e-7261f0ef8890,AL-3672,AL,889391736613,Wonder Bread Classic White,L-6480,2026-05-22,2
07cef0cd-c46b-48d3-866d-727d49467890,NM-7347,NM,653374520407,"Land O'Lakes Butter, 1lb",L-6480,2026-06-29,4
65437dbc-b013-4745-bdbc-b06ed4722224,AR-7148,AR,610163406023,Folgers Classic Roast Coffee,L-4260,2026-04-03,1
43210f59-8c77-4c94-8fbc-98b4b911e182,NM-7678,NM,875113329103,"Tyson Chicken Breast, Family Pack",L-1324,2026-08-02,2
5e1a3c68-3e27-46a6-860f-a17e603f5e56,GA-3586,GA,889391736613,Wonder Bread Classic White,337807,2026-07-28,1
4a8fbecb-9cd8-49aa-a52a-340cc52c89c4,GA-9664,GA,701993641404,Blue Bell Vanilla Ice Cream,L-6480,2026-06-19,3
c2e2b8cb-597a-421f-bff2-3103ef23411e,NM-5287,NM,889391736613,Wonder Bread Classic White,250347,2026-05-18,2
eb17922a-5851-4a94-bb61-65bf1ef636ec,CA-5511,CA,382652812974,"Chobani Greek Yogurt, 32oz",192729,2026-05-31,3
3e686551-79ce-41e9-9adf-81b233d1a4b9,AR-1618,AR,889391736613,Wonder Bread Classic White,406635,2026-06-26,2
d54aadfa-9571-42e2-adc3-0d56d2c5ec6c,AR-7516,AR,382652812974,"Chobani Greek Yogurt, 32oz",L-4260,2026-04-12,1
9d040fd3-948f-44f3-8535-3b6485a29b6e,MO-2596,MO,889391736613,Wonder Bread Classic White,L-4260,2026-05-31,4
85499b6a-fe90-4f7e-903e-8aa46b96c12d,AL-5218,AL,875113329103,"Tyson Chicken Breast, Family Pack",L-4532,2026-05-31,3
651dd211-a4ec-49d6-a77d-2673945af221,TN-4809,TN,808049347754,Nature Valley Granola Bars,337807,2026-05-20,2
d8ff0422-f3ab-479f-9336-b50a1c3ddda4,CA-2640,CA,808049347754,Nature Valley Granola Bars,L-1324,2026-05-16,3
bbc36b3d-adc3-45b3-a688-e1db710618af,AR-4246,AR,875113329103,"Tyson Chicken Breast, Family Pack",L-4260,2026-04-25,4
b4242708-abc7-4067-a30d-c920df652fb2,MS-9843,MS,889391736613,Wonder Bread Classic White,337807,2026-04-11,2
5668f3b0-b522-4957-8a63-5da4ce029307,MO-3997,MO,653374520407,"Land O'Lakes Butter, 1lb",L-6480,2026-04-01,1
8b36c140-a9b1-4de0-9bf7-eaae6e4a3214,TX-2223,TX,808049347754,Nature Valley Granola Bars,L-5740,2026-05-05,2
5c30cb9b-f4ff-4986-b92e-bd730307e125,AL-9122,AL,875113329103,"Tyson Chicken Breast, Family Pack",250347,2026-05-30,4
f388cc2f-42d4-45c5-bb03-4948922cc82f,TX-6586,TX,610163406023,Folgers Classic Roast Coffee,L-4532,2026-04-10,3
289cc208-223e-4d71-b62d-ed187aacf0c4,TX-8622,TX,610163406023,Folgers Classic Roast Coffee,L-7111,2026-04-13,2
46690add-60df-4b21-b886-e2ee2abe28ed,OK-5635,OK,701993641404,Blue Bell Vanilla Ice Cream,L-7111,2026-06-18,4
ab9f1350-652e-4220-bc58-4840ca02c934,FL-6678,FL,875113329103,"Tyson Chicken Breast, Family Pack",L-6480,2026-07-02,3
e1185a50-744a-4488-b234-6f8eb084a6d3,AR-6974,AR,653374520407,"Land O'Lakes Butter, 1lb",L-5740,2026-06-23,4
2eaf7d80-c7e6-46dd-b041-1d70d84ecf1e,MS-2351,MS,889391736613,Wonder Bread Classic White,406635,2026-04-21,4
800673ba-bf93-4bdd-808d-041fcd07b849,MO-1166,MO,889391736613,Wonder Bread Classic White,250347,2026-04-13,4
090336f3-7bbc-4142-b3f0-deec36554835,FL-5154,FL,382652812974,"Chobani Greek Yogurt, 32oz",L-4260,2026-07-02,1
9ad1bafa-d00e-4bb9-82c1-0f4cfb2ae6c6,CA-1217,CA,653374520407,"Land O'Lakes Butter, 1lb",L-6480,2026-07-15,2
c235e412-e3d8-4a6a-b7b7-4f89905ebffb,AL-7386,AL,889391736613,Wonder Bread Classic White,406635,2026-08-14,3
8faebcf2-884b-49ea-a6ed-09e4707d2ce7,LA-9255,LA,382652812974,"Chobani Greek Yogurt, 32oz",L-5740,2026-04-20,3
a451ec7a-7336-4aac-b7c4-87faad7b5bf7,LA-1247,LA,680261188425,"Great Value 2% Milk, Gallon",L-1324,2026-04-12,4
fbd106d9-c1f3-42cc-af3f-23f42adc7207,OK-5084,OK,875113329103,"Tyson Chicken Breast, Family Pack",L-1324,2026-05-06,2
07df09bf-fe89-476b-bb44-47bb4eb75bc3,GA-5716,GA,808049347754,Nature Valley Granola Bars,192729,2026-05-04,2
36b668a2-cbdd-42bf-bfbc-4aaaba0a3aaf,CA-7052,CA,808049347754,Nature Valley Granola Bars,L-4532,2026-05-13,4
0753f894-b798-4e44-9875-25dce77478fd,LA-7149,LA,610163406023,Folgers Classic Roast Coffee,406635,2026-05-13,3
58742edc-82c6-4877-8256-59fac6347dc2,MO-9246,MO,889391736613,Wonder Bread Classic White,L-4260,2026-08-05,2
0f322cd7-94d4-4e71-ba23-5b8745cb0ce7,MO-8198,MO,680261188425,"Great Value 2% Milk, Gallon",250347,2026-05-30,4
170600eb-ad29-4157-89f4-9d74deb25986,LA-8231,LA,680261188425,"Great Value 2% Milk, Gallon",L-4532,2026-06-20,4
2548b460-b0e0-438d-af78-ca17e398df08,TX-2478,TX,808049347754,Nature Valley Granola Bars,L-7111,2026-04-18,4
0ed69aa8-9a9d-4b61-9821-c2027f0f81dd,LA-2254,LA,808049347754,Nature Valley Granola Bars,406635,2026-07-15,1
bfa035c8-758b-416a-b556-6f2f162adc86,AR-9849,AR,610163406023,Folgers Classic Roast Coffee,192729,2026-04-12,1
3b1f6a20-f031-436d-8aa0-bedafdd10ac4,LA-6409,LA,610163406023,Folgers Classic Roast Coffee,L-4532,2026-06-15,2
121eacb2-4bcd-4fb6-815a-9aeb264ea92c,MO-7054,MO,610163406023,Folgers Classic Roast Coffee,L-5740,2026-04-06,1
db5f5464-c1b3-4973-ad4c-3b5ea7f6c76f,TN-2628,TN,653374520407,"Land O'Lakes Butter, 1lb",250347,2026-08-12,4
6a7060a1-e222-487e-a2ee-72656446498d,GA-1074,GA,610163406023,Folgers Classic Roast Coffee,L-7111,2026-07-20,2
21ff3a10-bfdf-44d1-8320-d93475993944,TX-3472,TX,701993641404,Blue Bell Vanilla Ice Cream,L-4260,2026-08-06,2
06127be8-1b97-4dfb-b2d0-84e63217aab1,LA-9269,LA,889391736613,Wonder Bread Classic White,L-4260,2026-08-11,1
89b8e7c4-aab5-4738-9859-3c40e1087616,NM-8444,NM,701993641404,Blue Bell Vanilla Ice Cream,250347,2026-04-23,3
3a9be241-76b3-422c-ba11-23303e37b506,TX-1531,TX,146279721070,"Sunups Large Grade A Eggs, Dozen",P-1950,2026-07-24,2
e49b87a1-1608-488c-887a-ff923d911637,MS-6505,MS,889391736613,Wonder Bread Classic White,L-1324,2026-07-19,2
de33e770-65c7-4116-8896-8bc202a406e8,MO-7220,MO,808049347754,Nature Valley Granola Bars,L-6480,2026-05-10,2
49467b2c-b010-44a7-a7d5-0be583b74c1c,TN-4673,TN,382652812974,"Chobani Greek Yogurt, 32oz",192729,2026-05-06,4
3e39d550-8691-484c-bfd6-5a2d67349429,GA-3440,GA,808049347754,Nature Valley Granola Bars,337807,2026-08-03,3
01976c26-1c8f-487e-8f63-dfbe9e2292f1,FL-4906,FL,610163406023,Folgers Classic Roast Coffee,192729,2026-05-17,3
8b67c4b3-b1a6-454d-bb77-28f1ae29abd4,GA-2638,GA,808049347754,Nature Valley Granola Bars,192729,2026-07-24,4
3fdf2cc0-ca89-484d-aba0-ed2e550438b4,NM-8464,NM,889391736613,Wonder Bread Classic White,250347,2026-07-24,1
e99b4385-0bf7-44f5-9def-235b586b19ac,FL-8549,FL,808049347754,Nature Valley Granola Bars,250347,2026-04-04,3
f186d323-c94a-4f73-97ac-f067ee548f1b,AL-2898,AL,875113329103,"Tyson Chicken Breast, Family Pack",L-5740,2026-07-27,4
0f5efdfb-e9ff-45d0-9b68-69dcbf8924ba,LA-8780,LA,653374520407,"Land O'Lakes Butter, 1lb",L-1324,2026-06-23,1
0544f6f3-5660-4f5c-b714-3182d3ef0346,AL-6462,AL,680261188425,"Great Value 2% Milk, Gallon",192729,2026-05-14,1
ceabb2d7-3147-492a-9a58-022af68a27de,GA-3165,GA,653374520407,"Land O'Lakes Butter, 1lb",250347,2026-07-09,4
72383da4-bb6d-40b3-8a6e-b181208dee8c,MS-1437,MS,610163406023,Folgers Classic Roast Coffee,L-6480,2026-06-27,4
64968312-c545-4c82-b548-4311a7a71c3d,OK-2807,OK,680261188425,"Great Value 2% Milk, Gallon",L-4532,2026-06-08,4
463e0a6d-cb62-4817-a01d-53e838cecfcd,FL-4944,FL,610163406023,Folgers Classic Roast Coffee,L-6480,2026-05-18,3
9b33080a-05eb-45f6-98d3-d6019d881b18,GA-8054,GA,808049347754,Nature Valley Granola Bars,337807,2026-04-28,1
dd8c0795-4883-4fa7-82dc-fae1a1fc1b26,LA-9342,LA,241490613039,"Simple Truth Large Grade A Eggs, Dozen",0840962,2026-07-20,4
af3f9623-8d65-4c21-85f4-40895000e86a,CA-1125,CA,610163406023,Folgers Classic Roast Coffee,L-1324,2026-04-24,2
0f27013f-f295-416d-bc48-f891fbbb5435,AL-7467,AL,610163406023,Folgers Classic Roast Coffee,L-1324,2026-04-24,4
2b47edca-bd6d-4fe5-9dcf-244217dfff87,AR-7349,AR,610163406023,Folgers Classic Roast Coffee,L-4532,2026-06-25,4
6f01244c-ae5b-4dcc-9bbc-6998393fe67c,MO-1660,MO,653374520407,"Land O'Lakes Butter, 1lb",192729,2026-04-13,1
5eb52e67-09df-409a-a1f3-50d9b7d555d2,TX-8436,TX,382652812974,"Chobani Greek Yogurt, 32oz",L-1324,2026-04-26,1
a2b819b0-dcb6-45b6-95f5-2baec58d9736,NM-1707,NM,653374520407,"Land O'Lakes Butter, 1lb",406635,2026-06-04,2
6f76073b-6b42-448a-8075-a4c41f1e65ed,OK-5255,OK,875113329103,"Tyson Chicken Breast, Family Pack",L-4260,2026-05-02,3
86f8d414-35d5-4217-b0ca-86e37337d113,GA-3900,GA,653374520407,"Land O'Lakes Butter, 1lb",337807,2026-07-27,3
4c7ee013-c3ee-4c43-830f-1c00bd78985b,LA-9339,LA,382652812974,"Chobani Greek Yogurt, 32oz",406635,2026-05-29,1
e2eb6464-7338-45e1-b0be-29ea2a6f1e9b,TN-5056,TN,889391736613,Wonder Bread Classic White,L-7111,2026-08-05,4
1f8475b9-8511-46ba-a407-c014e5ad37b6,NM-7818,NM,701993641404,Blue Bell Vanilla Ice Cream,L-4532,2026-05-22,3
b15b9a85-97a0-40ed-9dc6-add23277adc0,MS-4523,MS,889391736613,Wonder Bread Classic White,L-5740,2026-05-29,1
82d39017-7e50-4aa5-a3ff-b4acf6026e0c,TX-5151,TX,701993641404,Blue Bell Vanilla Ice Cream,L-4260,2026-07-13,1
d256f336-09bf-4cdb-a2fc-b2207a4be53f,MO-6075,MO,653374520407,"Land O'Lakes Butter, 1lb",L-7111,2026-07-19,4
25b03fd5-1af0-478e-aa68-87c50efca678,OK-9323,OK,889391736613,Wonder Bread Classic White,L-4532,2026-07-20,4
0653ca34-2385-4873-96c2-3cf962b14373,OK-7077,OK,889391736613,Wonder Bread Classic White,337807,2026-08-06,3
457dee96-6ea9-4613-a362-c62a5be08e3c,TX-9805,TX,701993641404,Blue Bell Vanilla Ice Cream,250347,2026-07-31,4
e96d9d17-9dce-4066-92a0-eb69034b6770,MS-2996,MS,889391736613,Wonder Bread Classic White,192729,2026-05-15,2
652192e8-d7cd-43cf-97a9-a9216fcd9d6c,MO-2214,MO,875113329103,"Tyson Chicken Breast, Family Pack",192729,2026-07-23,2
81ddf9ec-c8b2-4c21-bd0b-f9b7c171b1a3,MS-1550,MS,808049347754,Nature Valley Granola Bars,250347,2026-05-26,4
778ff24c-e67c-42ee-9375-fdc983412720,AL-2720,AL,875113329103,"Tyson Chicken Breast, Family Pack",337807,2026-05-22,4
1d2d4396-cb23-4475-90b1-8f1792b93746,MS-9173,MS,382652812974,"Chobani Greek Yogurt, 32oz",192729,2026-08-06,2
297e84e2-91b1-472a-a3dc-76faca878e98,LA-8711,LA,680261188425,"Great Value 2% Milk, Gallon",192729,2026-07-27,3
d19a0beb-abc1-40da-9897-29d50254057b,AR-8534,AR,610163406023,Folgers Classic Roast Coffee,250347,2026-04-16,1
bed130ad-1d5f-4ad3-89ac-9df8f382c6fa,CA-5592,CA,653374520407,"Land O'Lakes Butter, 1lb",192729,2026-04-05,1
9207281e-7224-46bb-ac75-62b30a3166b1,TX-4176,TX,808049347754,Nature Valley Granola Bars,337807,2026-04-22,1
5ea69713-c9aa-4e52-a421-bd346388f751,NM-3663,NM,653374520407,"Land O'Lakes Butter, 1lb",L-1324,2026-07-07,2
62650d9d-42ca-4cf6-a0c0-14d6248d7069,MS-2476,MS,875113329103,"Tyson Chicken Breast, Family Pack",L-4260,2026-07-11,3
d4ac5376-3bd4-4f5a-acc4-06838e54ec44,GA-7321,GA,875113329103,"Tyson Chicken Breast, Family Pack",192729,2026-06-08,3
0cfc597c-2df9-4881-843d-18a4516491af,GA-3068,GA,382652812974,"Chobani Greek Yogurt, 32oz",192729,2026-06-16,3
d2d9a383-aeec-497f-ab14-e3d894d79025,FL-7841,FL,701993641404,Blue Bell Vanilla Ice Cream,L-4260,2026-04-21,3
44e959a2-1b18-45c5-b6ce-18548c6afd00,NM-8660,NM,610163406023,Folgers Classic Roast Coffee,L-6480,2026-04-19,2
d2f2e266-48be-4b6d-85b7-9357cd7017b2,AL-4264,AL,653374520407,"Land O'Lakes Butter, 1lb",337807,2026-07-12,1
c364a221-25a4-4d2a-adff-24d0312682c0,TN-3170,TN,808049347754,Nature Valley Granola Bars,337807,2026-06-01,3
1995919e-5fad-4bde-bf0d-24c52e1a7a0f,AL-9461,AL,382652812974,"Chobani Greek Yogurt, 32oz",192729,2026-07-07,2
00dfb56f-c564-4298-9ff8-57246bac796a,NM-1492,NM,808049347754,Nature Valley Granola Bars,406635,2026-07-13,2
2660b7c9-16a5-495a-b520-e8b422de0a3c,MO-7178,MO,701993641404,Blue Bell Vanilla Ice Cream,L-1324,2026-06-20,3
7c6fabc5-214c-4d88-85fa-3c1d69820f18,MO-7008,MO,610163406023,Folgers Classic Roast Coffee,L-4260,2026-06-02,1
5db0b1eb-9f30-46cf-82a6-93151b78b7e6,TX-7729,TX,653374520407,"Land O'Lakes Butter, 1lb",406635,2026-05-16,2
46d940fb-3088-48f2-b45f-c1e35cd27673,TN-2744,TN,680261188425,"Great Value 2% Milk, Gallon",L-4532,2026-05-04,4
83ddc89e-d217-43a4-9d58-ecab8249998d,FL-2863,FL,875113329103,"Tyson Chicken Breast, Family Pack",406635,2026-07-03,1
f8bcaf2c-cf7a-462c-9edf-93dfd39aed18,MS-8661,MS,889391736613,Wonder Bread Classic White,L-4532,2026-05-13,4
b8625859-04a7-4c1d-99e1-cad6ebd9b599,OK-7145,OK,610163406023,Folgers Classic Roast Coffee,L-4260,2026-08-12,1
f4c3dfe2-ab3d-4086-9307-eb8d7a7c4beb,MS-1199,MS,057642652279,"Brookshire's Large Grade A Eggs, Dozen",0840962,2026-06-23,3
4cdfb493-39cb-442a-9f09-8f9b0ca76524,AR-3474,AR,701993641404,Blue Bell Vanilla Ice Cream,L-7111,2026-08-08,2
47329208-b531-4280-ba25-1e9773e822cb,LA-4048,LA,382652812974,"Chobani Greek Yogurt, 32oz",406635,2026-06-14,4
87ad4c86-a4c0-4fc0-99cf-75576fd06bf9,CA-1060,CA,875113329103,"Tyson Chicken Breast, Family Pack",337807,2026-07-22,4
4c02475a-6126-4cc2-8121-750cd9b1f45a,TN-2472,TN,808049347754,Nature Valley Granola Bars,L-4532,2026-06-14,3
7fc5bd4e-e901-46d8-9a5a-4183ce339a32,GA-9875,GA,889391736613,Wonder Bread Classic White,406635,2026-08-13,3
078fc3d3-0c64-435e-91f3-53bebd30f19b,OK-1401,OK,382652812974,"Chobani Greek Yogurt, 32oz",250347,2026-08-02,2
5f144451-b124-46a3-ba10-6c4efcdcbbbe,AL-3711,AL,808049347754,Nature Valley Granola Bars,337807,2026-08-11,1
beb391d2-df1b-4525-bb03-65813fef30b5,LA-7073,LA,610163406023,Folgers Classic Roast Coffee,L-5740,2026-04-23,1
da1196f7-d095-47ce-bcdf-e8c95eea8224,MS-1360,MS,610163406023,Folgers Classic Roast Coffee,L-4260,2026-07-16,2
7f20d64a-ad88-4eb5-9a19-6ad91342211f,LA-8791,LA,701993641404,Blue Bell Vanilla Ice Cream,L-4260,2026-07-15,4
1552b074-9683-48f3-a4d7-b1d6d2032312,TN-6314,TN,680261188425,"Great Value 2% Milk, Gallon",250347,2026-04-18,4
38450dbe-9799-47bc-b68f-8930ca73b3cd,OK-9519,OK,680261188425,"Great Value 2% Milk, Gallon",L-4532,2026-07-13,3
b8794f36-af84-416b-b64b-578a1410c505,TX-2121,TX,610163406023,Folgers Classic Roast Coffee,L-1324,2026-05-18,1
6a93d7eb-01be-4e0a-bd97-f9e923e8d567,FL-6064,FL,889391736613,Wonder Bread Classic White,L-5740,2026-06-21,3
432a5215-e9f8-458c-a16c-445425afb101,LA-9034,LA,382652812974,"Chobani Greek Yogurt, 32oz",406635,2026-05-07,4
d10ac730-99f2-4284-8a1b-5a1e014f7ed3,MS-1504,MS,808049347754,Nature Valley Granola Bars,406635,2026-06-15,3
b7ea4747-15cf-4354-a17d-91e11bd61a15,MS-9420,MS,808049347754,Nature Valley Granola Bars,L-4260,2026-05-22,2
2c33ed52-604f-488c-9810-ed98095ce538,AR-8092,AR,875113329103,"Tyson Chicken Breast, Family Pack",L-5740,2026-07-25,3
115ece43-cbb3-4ece-a577-9f4c6552b716,MS-6922,MS,808049347754,Nature Valley Granola Bars,L-4260,2026-08-01,4
362fc77b-ec09-418d-9dda-b40a0a146df6,AR-6007,AR,241490613039,"Simple Truth Large Grade A Eggs, Dozen",0840962,2026-06-16,4
80588a7d-d11c-4a2f-8921-bdc3f1b54dd8,CA-7938,CA,382652812974,"Chobani Greek Yogurt, 32oz",L-4260,2026-04-27,1
833ead90-5b0b-444a-9ca3-da8f8a550326,GA-8818,GA,610163406023,Folgers Classic Roast Coffee,L-5740,2026-06-10,2
4c46782a-b8dd-4d66-8f5f-aef64ce82e2e,NM-5449,NM,808049347754,Nature Valley Granola Bars,L-7111,2026-06-29,4
76245ce2-6835-40ee-bf4e-94335a5590be,MS-8519,MS,701993641404,Blue Bell Vanilla Ice Cream,250347,2026-04-24,1
3628fca4-3084-4fe8-9d73-880d77c494c8,CA-4770,CA,889391736613,Wonder Bread Classic White,L-7111,2026-04-02,3
6679f72e-1998-4955-a338-f44fe28f345b,TN-6691,TN,680261188425,"Great Value 2% Milk, Gallon",406635,2026-05-19,1
18b0ed16-b4c9-45ed-9b70-3341ec11e545,CA-3536,CA,680261188425,"Great Value 2% Milk, Gallon",192729,2026-07-18,1
5c291db0-48e0-4e05-9356-9fbf183301e4,LA-3289,LA,701993641404,Blue Bell Vanilla Ice Cream,250347,2026-05-17,2
f271cb72-4959-4e63-955c-c64f91fa9acc,AR-7184,AR,808049347754,Nature Valley Granola Bars,L-7111,2026-05-02,4
0f4075b1-4e41-49e0-bef7-beb69acaabd2,NM-7291,NM,701993641404,Blue Bell Vanilla Ice Cream,L-4260,2026-06-27,4
11494821-ff74-4e62-8bb2-5d4119873603,TN-4622,TN,701993641404,Blue Bell Vanilla Ice Cream,L-4532,2026-08-09,3
89c03591-7f64-4a53-939c-efdbf35291b5,OK-8572,OK,680261188425,"Great Value 2% Milk, Gallon",L-7111,2026-06-13,2
fb842465-d3d9-4235-9232-b73417676d0e,LA-1312,LA,889391736613,Wonder Bread Classic White,L-7111,2026-04-24,2
411d5e43-1cba-4783-b207-344759abf782,OK-7307,OK,610163406023,Folgers Classic Roast Coffee,406635,2026-05-09,3
227b77ea-b2c0-4adf-bc7a-0161e2e0f4da,NM-3404,NM,875113329103,"Tyson Chicken Breast, Family Pack",337807,2026-05-12,4
18a841e3-f521-4a31-9b9c-652656603944,TN-2536,TN,875113329103,"Tyson Chicken Breast, Family Pack",L-5740,2026-05-20,3
62b917cb-002c-4b40-8821-1eb09677abdd,CA-2868,CA,610163406023,Folgers Classic Roast Coffee,L-1324,2026-07-02,3
f982bc7c-14f3-40c5-a0d6-152ef09c29ae,GA-1134,GA,653374520407,"Land O'Lakes Butter, 1lb",250347,2026-07-11,2
2a5454fa-d808-499e-9003-859f9349240c,TX-6436,TX,889391736613,Wonder Bread Classic White,L-6480,2026-07-13,4
4ede292e-3ac0-48c5-981f-910694ad136e,TN-2507,TN,382652812974,"Chobani Greek Yogurt, 32oz",L-5740,2026-07-06,2
d5fafce9-7093-4894-af5f-563940e7935b,LA-3038,LA,808049347754,Nature Valley Granola Bars,L-7111,2026-05-27,4
e148a246-94f4-41b9-9472-f01701e385ec,TN-1041,TN,680261188425,"Great Value 2% Milk, Gallon",L-4260,2026-06-10,2
15ac3be4-9432-464a-8e44-e4fb1ae4e7da,CA-5321,CA,382652812974,"Chobani Greek Yogurt, 32oz",L-5740,2026-05-30,3
11e33773-85f5-4ee6-91a5-4afd50477be5,AL-1082,AL,610163406023,Folgers Classic Roast Coffee,250347,2026-05-19,1
1d9650e9-ba15-47c4-a8c5-60587bf11c2b,AL-4248,AL,610163406023,Folgers Classic Roast Coffee,L-1324,2026-07-03,4
39e07390-7447-4564-b5a6-0f70e1b95255,MO-7107,MO,680261188425,"Great Value 2% Milk, Gallon",L-7111,2026-04-07,2
1b9d1456-7217-4cf7-be81-2d6f20c6b19d,MS-1008,MS,889391736613,Wonder Bread Classic White,L-5740,2026-06-18,4
a9ee64f1-a17f-4fa7-afef-b1f90889b2a6,AL-8243,AL,889391736613,Wonder Bread Classic White,192729,2026-08-11,3
b9c24787-8272-4dbc-8062-ba581862584d,NM-2842,NM,653374520407,"Land O'Lakes Butter, 1lb",L-4532,2026-08-03,4
aaa93c8d-524e-41a1-935a-d5c18997ebc6,CA-3460,CA,889391736613,Wonder Bread Classic White,337807,2026-06-08,2
14dbd649-2776-4075-92b9-a224ef9d29a3,CA-1671,CA,610163406023,Folgers Classic Roast Coffee,L-6480,2026-06-29,1
8761c07c-1249-40f6-951d-cafd9388ad8d,TN-2922,TN,653374520407,"Land O'Lakes Butter, 1lb",L-4532,2026-08-14,1
d17e1ba6-27c9-4fdb-9f86-2bb41386e5ee,NM-6217,NM,875113329103,"Tyson Chicken Breast, Family Pack",L-4260,2026-06-25,3
7761104e-1b18-4182-8f51-7533948897d9,NM-1161,NM,653374520407,"Land O'Lakes Butter, 1lb",250347,2026-05-08,4
cbfcfb58-25aa-41bd-873a-1f634ba1827a,FL-4810,FL,680261188425,"Great Value 2% Milk, Gallon",L-6480,2026-07-28,4
470b9f56-33b2-4add-af25-e1a463d63b8b,TX-7756,TX,875113329103,"Tyson Chicken Breast, Family Pack",L-5740,2026-07-19,2
f33d1d4a-8d2f-4be4-8c4f-75d151d14c6e,TN-1933,TN,701993641404,Blue Bell Vanilla Ice Cream,L-5740,2026-06-16,4
0714d9c3-f56b-43be-8ea3-5a7014048bfb,GA-4053,GA,875113329103,"Tyson Chicken Breast, Family Pack",250347,2026-06-16,3
723a2f04-d349-45f0-9218-b2e91d12f56c,TN-6780,TN,875113329103,"Tyson Chicken Breast, Family Pack",L-6480,2026-04-18,4
64db1c89-71d2-49bb-b5e1-b526ce881547,AR-9901,AR,382652812974,"Chobani Greek Yogurt, 32oz",L-4532,2026-07-02,4
394afa76-0327-430c-88c3-72289f92bf6a,AL-3851,AL,653374520407,"Land O'Lakes Butter, 1lb",L-4260,2026-05-08,4
3aea7354-1204-4954-82d8-9a97b4f7f12b,NM-5803,NM,889391736613,Wonder Bread Classic White,406635,2026-04-12,3
b589cc88-0ff3-4175-9782-e2b94ecd933f,CA-7881,CA,382652812974,"Chobani Greek Yogurt, 32oz",L-6480,2026-06-26,3
22180a78-236b-4b31-8e02-c7307c52981c,AR-2048,AR,382652812974,"Chobani Greek Yogurt, 32oz",250347,2026-04-13,1
91600816-c7e6-4139-b0b5-737e768a4dc4,TN-7607,TN,875113329103,"Tyson Chicken Breast, Family Pack",337807,2026-05-12,2
e951dd17-f838-48fb-a4f2-688658fbb70d,AL-5249,AL,889391736613,Wonder Bread Classic White,337807,2026-04-28,2
d9951a16-cfd1-4a85-9a04-49d1f88954e0,LA-8496,LA,610163406023,Folgers Classic Roast Coffee,337807,2026-08-05,3
bccbc36f-d5a9-48ff-9547-f981c0dea81b,TN-8555,TN,701993641404,Blue Bell Vanilla Ice Cream,337807,2026-05-13,4
ab20f6f5-e8fa-45b7-a600-909a752a5118,TX-3527,TX,653374520407,"Land O'Lakes Butter, 1lb",337807,2026-06-22,1
7a36f8b0-7923-4bce-ba78-400bab5bb2d5,GA-8569,GA,680261188425,"Great Value 2% Milk, Gallon",406635,2026-06-05,4
57c4d24e-0538-4d9a-a7ff-3e5191d5ec65,AL-2422,AL,875113329103,"Tyson Chicken Breast, Family Pack",L-1324,2026-05-22,4
a507469a-ab05-4e3e-908b-f7627435abc0,TX-3336,TX,808049347754,Nature Valley Granola Bars,L-4532,2026-04-09,1
0480f7e4-99cd-4c8c-97dd-ee3fdd64df3c,NM-4857,NM,680261188425,"Great Value 2% Milk, Gallon",L-4532,2026-04-25,4
945061dd-0a33-4cb6-97d1-9f28dad6548e,MO-5030,MO,653374520407,"Land O'Lakes Butter, 1lb",L-6480,2026-06-12,1
a26c0011-148c-4892-aba3-5a8abe5a336d,FL-3388,FL,875113329103,"Tyson Chicken Breast, Family Pack",L-5740,2026-05-02,2
0fb27330-2871-4720-b7a7-b349908b0a60,TX-2124,TX,610163406023,Folgers Classic Roast Coffee,192729,2026-07-13,2
dc187ffb-76ac-4483-9e5c-37777ff58153,OK-9994,OK,653374520407,"Land O'Lakes Butter, 1lb",192729,2026-05-15,2
9cb7a75f-5095-4c2b-9930-83096c066b9c,TN-8909,TN,653374520407,"Land O'Lakes Butter, 1lb",L-6480,2026-06-09,1
34a22221-349b-4ea3-9776-ab5b74ba6460,CA-8873,CA,875113329103,"Tyson Chicken Breast, Family Pack",250347,2026-04-27,1
9afbfd0c-6647-46b2-a90e-ceee5495fc3a,CA-6720,CA,889391736613,Wonder Bread Classic White,250347,2026-04-03,2
b80d12b4-afab-44ff-b832-bc3584f205c4,MO-6137,MO,610163406023,Folgers Classic Roast Coffee,L-1324,2026-04-24,3
6608b37d-69d1-47a8-ab8a-dc970b50d620,TN-2199,TN,653374520407,"Land O'Lakes Butter, 1lb",L-4260,2026-05-16,1
2f007170-4b56-4fd6-a76c-07448c774a43,AR-7978,AR,808049347754,Nature Valley Granola Bars,250347,2026-04-02,1
a1a7d84a-f55e-434d-bd0e-5d8c5afffa22,LA-8339,LA,808049347754,Nature Valley Granola Bars,L-4260,2026-04-29,4
d1761005-cb0a-4e6a-9e4a-7bef01b01cc1,FL-8496,FL,382652812974,"Chobani Greek Yogurt, 32oz",406635,2026-04-11,3
f5c354f5-dffe-4690-819e-ac637f84dbf1,MO-2603,MO,701993641404,Blue Bell Vanilla Ice Cream,406635,2026-06-23,4
aec16ff9-c6af-4cda-b26b-f14364f3bb73,CA-4917,CA,382652812974,"Chobani Greek Yogurt, 32oz",L-4260,2026-04-22,4
188e0c84-32ac-443b-8ecc-2d08304882de,LA-5813,LA,610163406023,Folgers Classic Roast Coffee,L-6480,2026-04-23,2
2dc2c50d-6351-437a-aad4-374843c98c3f,MO-7052,MO,875113329103,"Tyson Chicken Breast, Family Pack",L-7111,2026-08-05,1
3cb59a54-5b7d-48fd-91cb-2eab231a7fbd,TX-1605,TX,889391736613,Wonder Bread Classic White,L-5740,2026-07-21,2
8ac25a1c-0a11-4e52-8101-d6420fb9c5f1,FL-9149,FL,382652812974,"Chobani Greek Yogurt, 32oz",406635,2026-06-29,4
4aaa1930-e622-4702-a59c-4bd45e297ba4,OK-9577,OK,653374520407,"Land O'Lakes Butter, 1lb",337807,2026-06-17,2
737f7bab-4f0f-48b0-8ae9-19e66f924053,MO-6226,MO,382652812974,"Chobani Greek Yogurt, 32oz",337807,2026-08-10,1
3e403b42-ef45-4f66-b3f0-592807c6192a,MS-6103,MS,382652812974,"Chobani Greek Yogurt, 32oz",337807,2026-06-13,4
b2e114e2-b8a4-4aaa-8c3a-5f2124e798f5,FL-2260,FL,701993641404,Blue Bell Vanilla Ice Cream,L-6480,2026-04-30,2
9bddb427-f15c-4a8f-8971-227b0546d9a5,MO-4203,MO,653374520407,"Land O'Lakes Butter, 1lb",L-6480,2026-08-08,1
60d9caff-b4f7-4c74-bdc8-c3332eea9ecd,TX-7414,TX,889391736613,Wonder Bread Classic White,L-4260,2026-08-15,4
e422bfc0-8094-464d-a7bb-317ba7e3c098,AR-7151,AR,653374520407,"Land O'Lakes Butter, 1lb",L-1324,2026-06-11,4
b62668f8-979e-4f1a-b2d1-59d2f22cb97a,TN-5216,TN,680261188425,"Great Value 2% Milk, Gallon",L-4532,2026-05-06,2
f7cb07fc-6ecd-4ec7-86e9-36161b7e02f3,NM-5814,NM,382652812974,"Chobani Greek Yogurt, 32oz",L-7111,2026-07-14,3
fb465db4-6f51-4d61-8365-decd31f602cd,TN-8775,TN,653374520407,"Land O'Lakes Butter, 1lb",406635,2026-06-30,2
7b09fb0a-83fb-4647-8087-916db7705796,LA-1326,LA,808049347754,Nature Valley Granola Bars,L-6480,2026-05-27,3
1eadf2db-8c73-442f-87c8-d47091c5cb91,TX-6424,TX,701993641404,Blue Bell Vanilla Ice Cream,L-4260,2026-06-13,3
c2de2a8f-0d54-4792-bc1a-5cc55310fca9,AL-2915,AL,889391736613,Wonder Bread Classic White,L-6480,2026-06-20,3
2cd44dd2-c819-4c45-92bc-edb46f6c76fb,LA-1351,LA,680261188425,"Great Value 2% Milk, Gallon",L-1324,2026-05-13,2
1f5268f2-297b-4b4a-b27d-4ad7e49ab212,MO-6351,MO,701993641404,Blue Bell Vanilla Ice Cream,250347,2026-07-01,3
61964c61-3fe5-405c-a626-361037a9dac3,OK-8317,OK,889391736613,Wonder Bread Classic White,406635,2026-07-09,1
35cf123e-242c-48cb-a54b-f82352cc41e9,CA-4799,CA,889391736613,Wonder Bread Classic White,L-4260,2026-07-07,1
bab31bc8-0596-451d-9cae-c70f4e9cf94e,OK-2359,OK,875113329103,"Tyson Chicken Breast, Family Pack",L-7111,2026-05-25,1
d1618d35-eadf-4ed3-82af-88076a9a1dea,GA-2667,GA,889391736613,Wonder Bread Classic White,L-4532,2026-06-08,3
58e7b782-67ee-4468-aa4c-161c008917da,NM-3743,NM,889391736613,Wonder Bread Classic White,L-7111,2026-05-01,3
a587abfe-cc6b-47cb-9f15-fc173ff75356,TN-6595,TN,610163406023,Folgers Classic Roast Coffee,192729,2026-07-08,4
28e2232c-c4b0-4f96-b8a8-ddf518b011a6,FL-6143,FL,808049347754,Nature Valley Granola Bars,L-5740,2026-06-12,1
8e082396-0692-44a9-abd0-8ca737a81043,GA-4444,GA,680261188425,"Great Value 2% Milk, Gallon",192729,2026-04-08,3
02d61b9d-016b-4640-9e9b-4820be8938de,AL-9518,AL,875113329103,"Tyson Chicken Breast, Family Pack",337807,2026-05-03,3
e486382e-cb48-4531-9724-437db26f6d67,TN-7566,TN,701993641404,Blue Bell Vanilla Ice Cream,250347,2026-05-05,2
f4092b12-bda1-4428-85dd-8174c80f775f,LA-2529,LA,382652812974,"Chobani Greek Yogurt, 32oz",L-4532,2026-08-05,1
cad1b98a-c31a-4cc4-b479-5cb12eee3f8f,MO-7820,MO,382652812974,"Chobani Greek Yogurt, 32oz",L-7111,2026-07-02,3
600607fe-1443-49de-81a8-6948c849de2a,TX-5839,TX,889391736613,Wonder Bread Classic White,250347,2026-05-13,3
684589b7-31b7-4686-8da4-9e1568367266,AR-9440,AR,889391736613,Wonder Bread Classic White,337807,2026-05-31,4
1f560f81-6704-47f5-b180-069188f1cda0,OK-8579,OK,146279721070,"Sunups Large Grade A Eggs, Dozen",0840962,2026-07-01,3
0414b865-0572-4c77-a6c3-49ad9a296cb4,AL-9758,AL,808049347754,Nature Valley Granola Bars,L-7111,2026-08-06,4
74e9e6df-8b98-4b31-935c-65b3f87cfb46,CA-1581,CA,701993641404,Blue Bell Vanilla Ice Cream,L-4260,2026-04-25,2
d51d49a7-f6d2-440d-9141-fbb49b007071,MO-4303,MO,875113329103,"Tyson Chicken Breast, Family Pack",192729,2026-07-18,2
74d49ec2-b086-4286-b5b9-908401a54383,GA-5981,GA,382652812974,"Chobani Greek Yogurt, 32oz",L-5740,2026-07-16,1
12fbd03b-b8ec-41d0-9e5f-06d41854fe60,OK-5734,OK,889391736613,Wonder Bread Classic White,L-6480,2026-07-24,3
380a9819-2ebc-4232-b33a-f95fb510364f,CA-4806,CA,701993641404,Blue Bell Vanilla Ice Cream,L-4532,2026-08-02,1
35c2191c-9ea3-4a59-a08f-406817fe102f,MO-4169,MO,875113329103,"Tyson Chicken Breast, Family Pack",L-4260,2026-07-09,3
87f67766-19b9-41a6-8ff2-074ac3263aa5,AL-9744,AL,889391736613,Wonder Bread Classic White,337807,2026-07-08,2
afdcf33e-c884-4385-9d86-be4de86cc6d7,NM-4322,NM,889391736613,Wonder Bread Classic White,L-4532,2026-07-07,2
41149077-9891-49b0-9ce5-8626795ac457,TX-5568,TX,701993641404,Blue Bell Vanilla Ice Cream,250347,2026-04-11,3
1aab14a6-a8cb-480b-b967-8c20f21ae415,MS-8603,MS,889391736613,Wonder Bread Classic White,337807,2026-04-22,2
d1809391-6541-4d75-9753-d899146b4d2b,NM-7497,NM,808049347754,Nature Valley Granola Bars,L-4532,2026-05-24,3
b43c79c4-acc7-48cf-9bc9-2e8a9a861ea2,MS-5951,MS,610163406023,Folgers Classic Roast Coffee,337807,2026-07-04,2
455bc3c8-0a6d-4dc0-9b02-8dee0fbe90fd,NM-9527,NM,889391736613,Wonder Bread Classic White,406635,2026-07-02,3
069ac197-f219-45c7-a666-176ab27e34c6,NM-1489,NM,610163406023,Folgers Classic Roast Coffee,L-4532,2026-05-23,3
4f29d9a9-1f40-45e3-a031-98bc5d4c6877,GA-7890,GA,808049347754,Nature Valley Granola Bars,L-7111,2026-07-19,3
81a16549-86e5-4344-a0a9-1804b2d96ad3,TN-2085,TN,701993641404,Blue Bell Vanilla Ice Cream,L-4532,2026-07-29,2
f7c02764-01e0-44cf-9cae-1d5b7d89517e,FL-9635,FL,610163406023,Folgers Classic Roast Coffee,L-1324,2026-05-30,3
56e946f8-e301-4ff5-88d1-90d85168ee78,CA-6951,CA,701993641404,Blue Bell Vanilla Ice Cream,L-4260,2026-04-08,2
cde817ab-48b8-4fa6-bcd4-02b21413a006,MS-4175,MS,701993641404,Blue Bell Vanilla Ice Cream,L-1324,2026-04-09,4
c265cb04-fbf4-4663-95e2-63fc70073f0e,MS-2548,MS,680261188425,"Great Value 2% Milk, Gallon",250347,2026-06-20,3
2f7bdc20-4aee-4440-85d7-37963ac3720e,TX-8639,TX,680261188425,"Great Value 2% Milk, Gallon",L-1324,2026-04-27,3
4ed2ddd7-a103-43c8-9665-ffbb253d2b1d,LA-2879,LA,680261188425,"Great Value 2% Milk, Gallon",L-7111,2026-08-01,2
6841a786-47e4-4130-be05-18de5647639f,LA-5409,LA,653374520407,"Land O'Lakes Butter, 1lb",L-1324,2026-05-21,2
6182d6fe-2fef-4f68-850d-93c8dd962395,FL-5996,FL,653374520407,"Land O'Lakes Butter, 1lb",192729,2026-07-18,4
6f0ff2dd-6804-409d-860e-0e5fb334c9af,AR-2891,AR,653374520407,"Land O'Lakes Butter, 1lb",L-7111,2026-07-06,3
6df94207-fb5b-4755-85d9-37f59a5cf02d,AL-9389,AL,680261188425,"Great Value 2% Milk, Gallon",L-7111,2026-05-21,1
43ea5144-9542-4da0-9350-427bef8ef539,FL-4867,FL,653374520407,"Land O'Lakes Butter, 1lb",L-5740,2026-05-30,1
c5cd639f-f9e4-4ed5-888b-ae75eabfcbcd,CA-3335,CA,680261188425,"Great Value 2% Milk, Gallon",L-4532,2026-05-23,1
6af4d5ad-5006-4dce-92c9-81b23678d44f,AR-1181,AR,610163406023,Folgers Classic Roast Coffee,406635,2026-05-29,3
3c1d7957-7338-4e39-997e-08d323dc4f67,MO-8839,MO,889391736613,Wonder Bread Classic White,L-7111,2026-04-20,4
b8af89d9-3a2d-4efb-bc67-78f6ea5adae1,TX-6929,TX,680261188425,"Great Value 2% Milk, Gallon",L-4260,2026-06-13,4
39d2f9e0-a32b-4298-b42e-4124c17f8be4,CA-3421,CA,889391736613,Wonder Bread Classic White,L-6480,2026-04-17,1
dad6c78f-77b0-4888-9729-57bb2962f433,TN-2259,TN,808049347754,Nature Valley Granola Bars,406635,2026-04-14,2
065d5f74-41c6-40f1-bb18-8512ea5f5aaa,OK-1471,OK,653374520407,"Land O'Lakes Butter, 1lb",L-5740,2026-06-16,2
9a018456-393a-4716-89fd-f00b960df9fe,GA-3491,GA,610163406023,Folgers Classic Roast Coffee,192729,2026-05-01,1
4a0dfa0f-b043-4b6d-81f0-54bac688cca0,OK-3009,OK,610163406023,Folgers Classic Roast Coffee,337807,2026-05-29,2
3716a9d2-9205-49d0-8a48-f9cd67dacbf2,LA-4428,LA,889391736613,Wonder Bread Classic White,250347,2026-05-25,3
58b02404-3ab2-4b5b-8f8e-a8794186c6a5,LA-7929,LA,889391736613,Wonder Bread Classic White,L-6480,2026-07-30,4
cd405bb5-e950-43d2-aca1-c0c659faf36f,MS-8997,MS,680261188425,"Great Value 2% Milk, Gallon",406635,2026-06-21,2
eee51d93-eead-4b0d-8a87-11756450cd09,CA-9003,CA,610163406023,Folgers Classic Roast Coffee,L-4532,2026-07-04,1
062a5844-1819-4bc1-9407-931b6adc3fdf,GA-6320,GA,382652812974,"Chobani Greek Yogurt, 32oz",L-6480,2026-04-27,3
876252fa-35fd-44b3-8781-503b37232172,MO-9841,MO,875113329103,"Tyson Chicken Breast, Family Pack",192729,2026-05-14,4
6d4eeef3-4efd-4edb-8822-c6a534035ad8,MS-4244,MS,680261188425,"Great Value 2% Milk, Gallon",L-4532,2026-04-07,1
f1ccbe2f-b4d6-4365-bf76-0b8f7052dba2,NM-3507,NM,701993641404,Blue Bell Vanilla Ice Cream,L-4260,2026-07-01,4
8d8ba584-f132-4b37-8b83-eada019b1e29,LA-7698,LA,808049347754,Nature Valley Granola Bars,192729,2026-04-21,3
82e0e9a2-339a-4dc2-9c78-293c81d6858b,FL-7357,FL,610163406023,Folgers Classic Roast Coffee,L-4532,2026-07-21,2
fe0ede09-aafb-4eae-8b63-8ea809172de0,OK-5402,OK,875113329103,"Tyson Chicken Breast, Family Pack",L-4260,2026-04-26,4
bb4d7b6c-82f2-4618-b7ae-5cd4d84e88f6,CA-5013,CA,382652812974,"Chobani Greek Yogurt, 32oz",L-1324,2026-06-26,2
3d5315af-c66e-4fbd-99e6-719d06923e63,TX-7056,TX,146279721070,"Sunups Large Grade A Eggs, Dozen",0840962,2026-07-20,2
6993a907-97a2-46a0-9727-dc364c0e9f38,AR-5486,AR,889391736613,Wonder Bread Classic White,L-7111,2026-07-28,1
dc432d0c-e137-458e-b951-991ee2a80fae,GA-7245,GA,808049347754,Nature Valley Granola Bars,L-4532,2026-07-08,1
76b83e92-ff84-41aa-8377-92e828d6b9f7,TN-1655,TN,382652812974,"Chobani Greek Yogurt, 32oz",L-5740,2026-08-03,2
98c66b00-268b-434a-9486-ae23f0ae63e3,TX-8582,TX,610163406023,Folgers Classic Roast Coffee,L-1324,2026-05-13,1
d5ff17a3-a9da-42c9-b0e8-db54577e741f,TN-2632,TN,808049347754,Nature Valley Granola Bars,L-7111,2026-06-18,1
841ea710-7a6f-4987-a33c-01506a6425c2,AR-6791,AR,889391736613,Wonder Bread Classic White,L-1324,2026-06-30,2
ad9fedc3-2ea2-446d-83b0-1950dffb9928,AR-8236,AR,653374520407,"Land O'Lakes Butter, 1lb",L-1324,2026-07-15,2
594ca80f-7139-48e4-abef-dcaa50f4cea7,TN-4374,TN,680261188425,"Great Value 2% Milk, Gallon",L-4260,2026-08-10,3
88d5fa2d-5dbc-474c-8d9c-88a2bd7042e9,OK-8149,OK,875113329103,"Tyson Chicken Breast, Family Pack",L-1324,2026-05-23,2
74f86303-e242-4790-ae44-b24d111a34b6,NM-4701,NM,875113329103,"Tyson Chicken Breast, Family Pack",337807,2026-07-09,3
9ed81394-f27f-4373-864a-8cbeda32c62b,MS-3100,MS,701993641404,Blue Bell Vanilla Ice Cream,337807,2026-05-21,2
b5735123-2841-4ee3-9746-717001d27d49,FL-4383,FL,889391736613,Wonder Bread Classic White,L-6480,2026-08-12,2
aa689dda-52df-407d-9430-764b00493787,AR-4826,AR,382652812974,"Chobani Greek Yogurt, 32oz",406635,2026-07-10,2
6a8c91c0-2da4-4cc9-8f29-8558bdd7f019,GA-2371,GA,382652812974,"Chobani Greek Yogurt, 32oz",L-4532,2026-05-13,2
c9defb3e-b075-42de-bbbe-58b6d3f39524,LA-3856,LA,680261188425,"Great Value 2% Milk, Gallon",L-5740,2026-06-18,2
f9ae4a39-9f28-4d0e-a366-45b11157b631,OK-5905,OK,701993641404,Blue Bell Vanilla Ice Cream,L-1324,2026-05-30,1
dda10461-9925-4942-82ff-89ba24d12129,TX-8893,TX,889391736613,Wonder Bread Classic White,250347,2026-04-11,1
8b156fca-c9aa-4461-a62a-bdbf1d3427a6,FL-3775,FL,701993641404,Blue Bell Vanilla Ice Cream,250347,2026-08-11,2
bedde018-76cd-4d05-a45b-080cda1e32f0,MO-3801,MO,808049347754,Nature Valley Granola Bars,L-5740,2026-07-07,2
855c8a94-8f96-498e-a4c1-617f097ad703,GA-1892,GA,610163406023,Folgers Classic Roast Coffee,L-4532,2026-05-23,4
c8cf83af-c1ec-4cb9-bcc1-d22f3a8681b1,MS-5714,MS,875113329103,"Tyson Chicken Breast, Family Pack",406635,2026-07-13,3
e54a16ff-8fcd-4ded-8b3a-a607f43f99ba,TN-9993,TN,808049347754,Nature Valley Granola Bars,L-1324,2026-04-01,4
d6059013-4bee-4dac-9f4c-dc02078e25df,AL-8878,AL,875113329103,"Tyson Chicken Breast, Family Pack",L-6480,2026-07-28,1
883fd14c-11f2-42f2-90d4-c4e8125b96d3,AL-2124,AL,808049347754,Nature Valley Granola Bars,337807,2026-05-14,3
935bae99-ce7d-4e83-9d9b-4f0f254d3c13,FL-7133,FL,382652812974,"Chobani Greek Yogurt, 32oz",192729,2026-05-13,3
086c2f8b-ea9b-44bc-9690-b9c33c9d7dea,AR-6638,AR,808049347754,Nature Valley Granola Bars,L-6480,2026-07-27,3
a9731ef8-c88a-4e4c-85ba-e3366b83ae32,GA-5048,GA,680261188425,"Great Value 2% Milk, Gallon",192729,2026-04-02,2
bfc36720-c724-4f9f-adcd-3b3dcbc72913,AL-9394,AL,701993641404,Blue Bell Vanilla Ice Cream,192729,2026-05-06,2
08f04bea-a1c3-417a-91fb-324753843560,NM-1806,NM,653374520407,"Land O'Lakes Butter, 1lb",L-4532,2026-07-23,4
19d81daa-5eff-4023-856b-c3f6193a3642,NM-3385,NM,382652812974,"Chobani Greek Yogurt, 32oz",L-4260,2026-04-08,2
1543c713-1695-499a-aa22-27cd45f24dab,AR-1360,AR,653374520407,"Land O'Lakes Butter, 1lb",337807,2026-05-04,3
406c97d9-5838-4b0d-8dd6-8987f6ae6d9f,OK-3691,OK,653374520407,"Land O'Lakes Butter, 1lb",L-6480,2026-06-04,3
655131fe-1ee4-4832-8e5d-ff9a303a680e,MO-7705,MO,610163406023,Folgers Classic Roast Coffee,337807,2026-07-29,4
ca77b01c-425b-47e4-9070-a640420f0ad4,GA-3696,GA,680261188425,"Great Value 2% Milk, Gallon",250347,2026-08-04,3
b927e093-9cf1-4449-8455-73265b684083,FL-6521,FL,701993641404,Blue Bell Vanilla Ice Cream,L-7111,2026-06-22,3
21f974b7-a7af-436f-881d-445c5c28b64f,TX-8380,TX,680261188425,"Great Value 2% Milk, Gallon",L-4532,2026-06-14,2
1c592644-eaba-48da-97cd-77a5d53eca42,CA-4768,CA,875113329103,"Tyson Chicken Breast, Family Pack",L-4260,2026-06-21,3
0e188bd8-f255-4898-b7d6-8f5b8c0d3731,TN-6584,TN,653374520407,"Land O'Lakes Butter, 1lb",192729,2026-07-05,4
826c025e-d6e7-4194-a5fe-a9bf89a2939f,CA-5024,CA,610163406023,Folgers Classic Roast Coffee,L-6480,2026-06-23,1
22308f55-3897-4360-8309-011710441279,LA-2431,LA,701993641404,Blue Bell Vanilla Ice Cream,L-1324,2026-08-11,1
7b3b6425-b71b-408f-964a-fc0b8a192a28,NM-1749,NM,610163406023,Folgers Classic Roast Coffee,406635,2026-05-02,3
f22d365a-5a39-4330-87c4-596e1518b552,AR-8686,AR,610163406023,Folgers Classic Roast Coffee,406635,2026-06-21,2
b9aa0ff4-fbba-46a9-a202-f0d25983cbde,MO-2817,MO,382652812974,"Chobani Greek Yogurt, 32oz",L-4260,2026-06-24,3
8039b21c-5faf-490f-82f0-84c3462b5e0a,TX-9003,TX,875113329103,"Tyson Chicken Breast, Family Pack",337807,2026-06-27,3
04bf95ef-8282-4c44-9a9d-cd6142e2f207,LA-6504,LA,889391736613,Wonder Bread Classic White,192729,2026-05-05,1
bb9934c1-a2ce-4367-9e49-683387a951d4,MO-2384,MO,653374520407,"Land O'Lakes Butter, 1lb",L-5740,2026-04-22,3
1a8b50b2-c95e-4bb9-b830-ab7319904b3e,CA-3071,CA,680261188425,"Great Value 2% Milk, Gallon",L-4260,2026-08-02,4
5c0eb0eb-ff9e-4570-8e30-17c77074d2fb,MS-8921,MS,653374520407,"Land O'Lakes Butter, 1lb",250347,2026-07-18,1
50adb832-9291-4e6c-b2bd-ebee225426b2,AL-7714,AL,382652812974,"Chobani Greek Yogurt, 32oz",L-5740,2026-06-28,4
f7237de5-3b92-4f56-9389-b0d2350a2c25,AL-7907,AL,653374520407,"Land O'Lakes Butter, 1lb",L-6480,2026-05-31,2
354cd20f-a8f8-44f9-8b04-b30a33790069,OK-1312,OK,680261188425,"Great Value 2% Milk, Gallon",L-7111,2026-04-11,1
1047159c-aa04-4ba8-88cb-6da4b107d02b,MS-7062,MS,875113329103,"Tyson Chicken Breast, Family Pack",L-1324,2026-04-01,3
61bfd863-8411-45c2-b4c7-50ddd37a1697,NM-9742,NM,382652812974,"Chobani Greek Yogurt, 32oz",L-1324,2026-06-09,4
bcac54ee-9e66-4831-9262-96d12e82d74a,TX-3214,TX,680261188425,"Great Value 2% Milk, Gallon",L-1324,2026-05-30,4
0214bbbf-19d7-4155-8d92-fb159f3d9a25,TN-1566,TN,653374520407,"Land O'Lakes Butter, 1lb",337807,2026-04-04,2
194dd1db-913e-455d-8e21-8f04b4ade712,LA-7018,LA,701993641404,Blue Bell Vanilla Ice Cream,L-7111,2026-06-24,1
f530f3de-826d-4b61-a2cc-823d9cd1457c,FL-9647,FL,382652812974,"Chobani Greek Yogurt, 32oz",L-1324,2026-08-14,1
e0126e8e-1d93-479e-82b8-0890c83c7886,CA-1425,CA,653374520407,"Land O'Lakes Butter, 1lb",406635,2026-06-29,1
6d8847de-3518-4449-9b36-3925031f6802,FL-3303,FL,382652812974,"Chobani Greek Yogurt, 32oz",L-5740,2026-04-07,2
b90c6665-258b-4da6-876c-0389164aff57,LA-9380,LA,889391736613,Wonder Bread Classic White,192729,2026-05-29,3
26b3f92c-c0a7-4f2b-bd67-200c9040a973,OK-8199,OK,808049347754,Nature Valley Granola Bars,192729,2026-05-21,3
ba43463d-c3f1-469b-a5c4-79a3cc551be4,TX-6709,TX,680261188425,"Great Value 2% Milk, Gallon",L-6480,2026-04-13,3
11dd6496-c84c-4a9a-a23c-8e969b51a7f0,AL-5832,AL,610163406023,Folgers Classic Roast Coffee,337807,2026-06-17,1
c443c327-1108-4897-a005-20f61cdc5794,MO-3517,MO,808049347754,Nature Valley Granola Bars,406635,2026-08-02,4
e29a160d-b883-4234-b256-abdcb253129c,OK-5596,OK,889391736613,Wonder Bread Classic White,L-5740,2026-07-28,3
fdc3e769-606c-4a71-971c-9e512afedea5,GA-1620,GA,680261188425,"Great Value 2% Milk, Gallon",L-4260,2026-07-05,1
fdc9265e-4cd3-452f-8c1a-3bde2d0c27e1,TX-9901,TX,875113329103,"Tyson Chicken Breast, Family Pack",L-7111,2026-06-16,2
1b49f30d-faf1-42a2-b2d3-c91fe3a8bdfb,FL-9757,FL,382652812974,"Chobani Greek Yogurt, 32oz",L-7111,2026-06-23,2
c7841e24-2216-438a-a916-d2f68463c5b0,MO-2906,MO,889391736613,Wonder Bread Classic White,L-6480,2026-06-27,4
6d2bb282-22f5-40a3-ab78-734398f5ac11,TX-3266,TX,146279721070,"Sunups Large Grade A Eggs, Dozen",0840962,2026-07-10,4
d1160e44-f8d4-4028-a90e-87655a6103dd,FL-5684,FL,875113329103,"Tyson Chicken Breast, Family Pack",406635,2026-07-09,1
8a8ec250-d1c5-45df-a392-9c8eea117e6c,OK-5461,OK,059533434211,"Kroger Large Grade A Eggs, Dozen",P-1950,2026-07-27,3
9b2cb862-9027-46fc-9337-833d1f0c99c4,FL-5684,FL,875113329103,"Tyson Chicken Breast, Family Pack",L-6480,2026-04-22,3
f3fee23d-40e4-4f0a-8488-3afb7c819882,NM-5786,NM,889391736613,Wonder Bread Classic White,L-1324,2026-04-11,2
72493a5f-3323-4cfb-8c47-3483f5e7d9f5,NM-3328,NM,382652812974,"Chobani Greek Yogurt, 32oz",337807,2026-05-09,2
9e4b9cf5-7d59-4ac3-a0fd-7518fd31b56a,MO-1974,MO,808049347754,Nature Valley Granola Bars,L-6480,2026-07-08,2
d4b069ca-5b6a-4341-bc78-cca0dbc7356f,FL-1658,FL,808049347754,Nature Valley Granola Bars,192729,2026-04-25,1
bff48980-e88f-41d3-9bd2-b9b546a281bf,TN-1174,TN,653374520407,"Land O'Lakes Butter, 1lb",L-4532,2026-04-29,2
adfe1b36-c46e-45fa-809b-5eb4954fcd59,AL-4567,AL,610163406023,Folgers Classic Roast Coffee,L-7111,2026-04-28,2
62dc9d41-ea5f-45a0-8237-dd1141033d54,CA-3483,CA,875113329103,"Tyson Chicken Breast, Family Pack",L-4532,2026-08-14,1
5c036548-2649-41d3-a94d-97a31c7176c3,CA-7651,CA,653374520407,"Land O'Lakes Butter, 1lb",L-6480,2026-05-14,2
defa4cb2-0d0c-4a0e-82ee-120dd30a4ff2,MS-7240,MS,889391736613,Wonder Bread Classic White,250347,2026-04-18,1
d5013b10-0a30-49b8-8fcc-27f245c5ba85,GA-2883,GA,889391736613,Wonder Bread Classic White,L-1324,2026-04-26,4
082f0810-44ae-4377-a7bd-6e9bf48af244,FL-1394,FL,680261188425,"Great Value 2% Milk, Gallon",L-6480,2026-04-25,3
ddaddf64-1733-4ed5-b4c3-7b84300b27a6,GA-5366,GA,701993641404,Blue Bell Vanilla Ice Cream,L-4260,2026-07-05,4
b585a694-ce73-432e-932f-e8a3f4d7568e,MO-2346,MO,701993641404,Blue Bell Vanilla Ice Cream,L-1324,2026-04-12,2
cef9e90a-911a-4e17-bc14-22e64c929693,AL-4411,AL,610163406023,Folgers Classic Roast Coffee,406635,2026-04-17,2
db448010-ffb2-4fc5-90e4-5dee8b72cb6d,OK-4416,OK,610163406023,Folgers Classic Roast Coffee,L-7111,2026-05-20,1
724ac573-9e3f-44a6-8876-6fc1d8c17400,MS-2710,MS,382652812974,"Chobani Greek Yogurt, 32oz",337807,2026-06-26,3
f3907bb9-b929-4e45-b588-674040d8eb4d,AR-4442,AR,875113329103,"Tyson Chicken Breast, Family Pack",192729,2026-04-22,3
caf1670c-267b-4e09-8708-2d369efcf546,TN-4680,TN,680261188425,"Great Value 2% Milk, Gallon",192729,2026-06-22,3
41d2aedc-3784-4477-ae50-b4a3c6b7fdc2,FL-6102,FL,889391736613,Wonder Bread Classic White,250347,2026-06-17,2
6c33f8e4-3d3c-4e43-8401-18510fa8c82a,OK-8351,OK,653374520407,"Land O'Lakes Butter, 1lb",L-4532,2026-04-07,4
fca3ef9b-5853-4e52-8e73-b3ec62966d37,LA-9787,LA,382652812974,"Chobani Greek Yogurt, 32oz",L-4532,2026-05-30,2
a63530e5-bef6-458e-9e66-92a314968341,NM-8395,NM,610163406023,Folgers Classic Roast Coffee,250347,2026-05-24,1
ba5919e9-856c-4a97-8a01-435a3bf33825,CA-7931,CA,382652812974,"Chobani Greek Yogurt, 32oz",L-5740,2026-04-14,4
24a2cdd4-6096-4b22-8753-38ed8f501a4d,NM-4856,NM,653374520407,"Land O'Lakes Butter, 1lb",192729,2026-08-01,2
a652e631-87b4-49b7-91a7-cbe00252017c,FL-7843,FL,701993641404,Blue Bell Vanilla Ice Cream,L-4260,2026-07-14,2
c8d1634a-a48c-4835-a8da-5293f8e1036e,AL-4368,AL,889391736613,Wonder Bread Classic White,406635,2026-08-02,4
437e0a2f-19e2-48a5-83ed-e6a7b1057fee,CA-2020,CA,808049347754,Nature Valley Granola Bars,L-7111,2026-04-09,2
42cf0f1d-ddce-46ce-9a8d-4d0df67d21a4,FL-8488,FL,653374520407,"Land O'Lakes Butter, 1lb",L-4260,2026-05-17,2
8e934c64-2858-4c71-85fd-45053e30b32b,AR-2505,AR,889391736613,Wonder Bread Classic White,L-1324,2026-04-06,2
a62eea4c-91a3-46bc-a67c-047734167f2c,FL-5365,FL,889391736613,Wonder Bread Classic White,L-7111,2026-04-23,4
18ec0f26-c1bb-4978-9267-86d2d43d9377,MS-5071,MS,653374520407,"Land O'Lakes Butter, 1lb",L-7111,2026-07-16,3
cc4098d1-83ed-4d05-910c-601e95e8339b,CA-5632,CA,875113329103,"Tyson Chicken Breast, Family Pack",L-4532,2026-04-28,4
735fbfa2-22ec-4760-b6e4-581f1d3e9930,FL-8586,FL,889391736613,Wonder Bread Classic White,L-4532,2026-07-22,2
cc5a871c-4c76-4784-a68b-f6068efa1991,GA-2054,GA,382652812974,"Chobani Greek Yogurt, 32oz",L-5740,2026-05-20,3
f0797436-29dd-420f-b838-dfa43e551931,LA-2279,LA,241490613039,"Simple Truth Large Grade A Eggs, Dozen",P-1950,2026-07-28,4
82071662-f457-4330-8506-fcb812fcaa7d,MS-3403,MS,875113329103,"Tyson Chicken Breast, Family Pack",L-4260,2026-07-19,3
d1c02a55-b2a7-4142-8d12-2473df83e19c,MO-8442,MO,875113329103,"Tyson Chicken Breast, Family Pack",L-4532,2026-04-28,3
d18172d1-ef52-45ad-8a3b-16c51d15ed55,TX-4089,TX,146279721070,"Sunups Large Grade A Eggs, Dozen",P-1950,2026-07-20,4
b03c7ed7-9981-42cf-80e9-d40f898a92a8,MS-7967,MS,889391736613,Wonder Bread Classic White,406635,2026-07-10,1
18b5292e-a380-45cb-8831-85dfa082a783,TX-3351,TX,808049347754,Nature Valley Granola Bars,L-1324,2026-05-29,1
427185a6-1d38-4498-80df-9c9d785c1ed4,LA-1860,LA,701993641404,Blue Bell Vanilla Ice Cream,L-7111,2026-08-05,2
cdf3fafb-5f5c-411c-877b-ef50aa744315,AL-1980,AL,701993641404,Blue Bell Vanilla Ice Cream,L-4260,2026-07-08,2
9fcab3fc-0f00-42a3-98d7-e6abcce22f11,TX-6743,TX,889391736613,Wonder Bread Classic White,L-4260,2026-07-19,3
68b92bef-c2e2-4e6c-8bc0-2a18eea7f387,NM-5699,NM,701993641404,Blue Bell Vanilla Ice Cream,L-5740,2026-07-14,2
191cabb9-31be-4ebb-9db2-0e807677e0c5,MO-9213,MO,875113329103,"Tyson Chicken Breast, Family Pack",L-7111,2026-05-31,4
7b69cc65-063c-4fc5-8002-7d001520927a,NM-1721,NM,241490613039,"Simple Truth Large Grade A Eggs, Dozen",P-1950,2026-07-06,1
bbd80bbc-3070-4273-b072-db07da1235af,OK-9651,OK,889391736613,Wonder Bread Classic White,250347,2026-07-24,3
f6a4735c-08e8-4bf3-a0a8-b444ae8f7c7f,AR-7811,AR,382652812974,"Chobani Greek Yogurt, 32oz",L-4260,2026-04-02,3
82f02227-f216-4a15-81a7-a95bbdfa945e,MO-8569,MO,382652812974,"Chobani Greek Yogurt, 32oz",250347,2026-05-29,2
61d14de1-7c3d-4af0-9b75-d9b8f6d3a35b,MS-8506,MS,382652812974,"Chobani Greek Yogurt, 32oz",L-7111,2026-05-15,4
0053f998-0b67-4793-bfc2-22f3f2080238,TX-1703,TX,382652812974,"Chobani Greek Yogurt, 32oz",L-5740,2026-05-20,4
78824f5d-9231-48eb-a69f-c8e7f7e58581,AR-3263,AR,808049347754,Nature Valley Granola Bars,L-6480,2026-07-15,3
067cd517-3805-4089-a9ab-9832cb464173,TN-8372,TN,653374520407,"Land O'Lakes Butter, 1lb",192729,2026-04-15,2
c8cc591b-c646-4ee2-be0e-339392ec0cab,AR-2639,AR,701993641404,Blue Bell Vanilla Ice Cream,L-1324,2026-05-07,4
aa7b4545-60b8-4d10-a276-e7dc1ae9f842,TN-5884,TN,610163406023,Folgers Classic Roast Coffee,337807,2026-07-29,3
d541d594-8dc1-4981-9621-646c2f1857d3,MO-8007,MO,875113329103,"Tyson Chicken Breast, Family Pack",337807,2026-06-20,3
a097dcb6-8ff3-4795-9d08-a60317429ff8,TX-5847,TX,610163406023,Folgers Classic Roast Coffee,L-7111,2026-05-05,2
b8c307bf-42ef-43c5-bc9b-c820c3a38631,LA-8247,LA,889391736613,Wonder Bread Classic White,L-1324,2026-04-08,2
766ac805-8269-4e85-b4fc-7dafbaf952d0,CA-2815,CA,889391736613,Wonder Bread Classic White,L-4260,2026-06-25,2
8a3800b9-4a0f-4b9f-bc56-e80d5177b2d9,MO-3672,MO,701993641404,Blue Bell Vanilla Ice Cream,250347,2026-07-01,2
68f982b5-9fbb-4516-86e4-c127d47723c6,LA-8153,LA,808049347754,Nature Valley Granola Bars,192729,2026-05-12,1
4a8ed2ff-69a5-4916-aa82-e1212a0598e6,TN-3896,TN,382652812974,"Chobani Greek Yogurt, 32oz",337807,2026-05-13,4
a4f13d7e-d827-4ef8-ba00-a9362bc29e12,NM-1133,NM,889391736613,Wonder Bread Classic White,337807,2026-06-27,2
2f8930e2-1911-4759-b510-596ee4d866c0,AR-4728,AR,701993641404,Blue Bell Vanilla Ice Cream,L-4260,2026-07-08,4
165c0617-769f-4a89-b689-cdb2ad78603f,AL-7785,AL,889391736613,Wonder Bread Classic White,L-7111,2026-08-05,2
df31e3b2-af38-4d0c-928d-b0ce6e5ef3d5,MO-1151,MO,653374520407,"Land O'Lakes Butter, 1lb",192729,2026-06-26,3
1151a32c-7d6c-44ee-a85f-1b31ec08f275,GA-3549,GA,701993641404,Blue Bell Vanilla Ice Cream,406635,2026-06-21,4
df581d08-73b5-44b2-b7bc-a1be5110f4cf,MS-2086,MS,653374520407,"Land O'Lakes Butter, 1lb",192729,2026-06-06,4
d7b94e5b-7101-4f03-a741-ab6432716c63,TN-6074,TN,382652812974,"Chobani Greek Yogurt, 32oz",L-5740,2026-06-29,2
e163dc58-801f-4eae-949e-98cd8b1f50aa,TN-7544,TN,610163406023,Folgers Classic Roast Coffee,L-1324,2026-06-23,2
d5183003-f471-4501-aa22-b080ef518b8a,AL-1733,AL,875113329103,"Tyson Chicken Breast, Family Pack",L-5740,2026-04-25,4
34d597cf-4e00-4439-a766-8d1ed6cd19ce,FL-5806,FL,653374520407,"Land O'Lakes Butter, 1lb",L-6480,2026-04-15,4
e1cecac4-b8a5-428b-9865-f2cb3b07bc92,OK-2901,OK,382652812974,"Chobani Greek Yogurt, 32oz",L-4260,2026-05-04,4
d3b9683f-58ba-4ebe-92b5-a727b4256fe5,NM-1070,NM,889391736613,Wonder Bread Classic White,250347,2026-04-29,3
0bf1e6a7-530e-45a9-a1bb-1c163a1c32c7,MS-1383,MS,057642652279,"Brookshire's Large Grade A Eggs, Dozen",0840962,2026-07-14,3
47a45ce4-2f4f-4c50-adc7-cefa14c374d3,LA-2821,LA,875113329103,"Tyson Chicken Breast, Family Pack",L-4260,2026-06-25,1
648fa0f7-582a-4000-9faa-2fa894bac074,TX-6541,TX,653374520407,"Land O'Lakes Butter, 1lb",L-1324,2026-07-07,1
e964710b-5864-4f76-bbe0-487b46f8e266,CA-4505,CA,653374520407,"Land O'Lakes Butter, 1lb",337807,2026-08-11,1
b8fb883e-95ce-4959-a1a5-d5d789c4226f,TN-1161,TN,875113329103,"Tyson Chicken Breast, Family Pack",L-7111,2026-07-23,4
96236c29-d84c-42a4-9d7d-49ce4b9d4d20,TX-2607,TX,808049347754,Nature Valley Granola Bars,L-6480,2026-07-16,2
966b29e6-0ff4-4e0c-a467-9f4d7568eb14,NM-2823,NM,701993641404,Blue Bell Vanilla Ice Cream,337807,2026-04-19,2
b4807bc1-254d-48f0-9ce9-0fba0b51fc1e,MO-3104,MO,680261188425,"Great Value 2% Milk, Gallon",L-7111,2026-05-12,3
e91c4982-2740-48de-b06b-e97995ef3f3a,GA-1547,GA,701993641404,Blue Bell Vanilla Ice Cream,337807,2026-05-05,1
a75b6ec7-f7bc-4fed-8b58-998e501f35cd,OK-2705,OK,808049347754,Nature Valley Granola Bars,L-6480,2026-08-09,2
31e66a75-009f-4d11-9634-e5787a065cc4,GA-4757,GA,701993641404,Blue Bell Vanilla Ice Cream,337807,2026-04-18,2
b03ce468-a6b7-4a66-b565-b74bf69a11d0,OK-1628,OK,701993641404,Blue Bell Vanilla Ice Cream,L-1324,2026-08-15,3
5cc83764-455e-447e-85b3-bf4ae8258acc,CA-7986,CA,653374520407,"Land O'Lakes Butter, 1lb",250347,2026-06-04,2
422584f3-d43b-4630-9960-be041e94803b,AL-4679,AL,653374520407,"Land O'Lakes Butter, 1lb",L-4260,2026-06-30,1
d0bf2feb-0238-4638-9842-c4bbb2f1b8f9,FL-5825,FL,680261188425,"Great Value 2% Milk, Gallon",250347,2026-05-02,2
36b2ef3e-0f32-48dd-9764-a1495d395576,CA-2920,CA,382652812974,"Chobani Greek Yogurt, 32oz",250347,2026-06-02,2
2fa13e64-14d9-4a9f-8f3e-c107086cd627,TN-4568,TN,701993641404,Blue Bell Vanilla Ice Cream,L-7111,2026-08-08,4
f41b1af0-a7f6-43c7-9624-e9f4d1a5e56c,OK-1858,OK,889391736613,Wonder Bread Classic White,L-7111,2026-05-07,4
fc044559-daca-4830-a76d-c8cc946e0be3,FL-3546,FL,382652812974,"Chobani Greek Yogurt, 32oz",337807,2026-07-12,1
4b8a5889-468a-4885-9c6b-7019a386fed7,FL-4330,FL,808049347754,Nature Valley Granola Bars,406635,2026-06-27,1
c2187ac3-138d-4b73-ad8f-a10287711413,TN-5759,TN,875113329103,"Tyson Chicken Breast, Family Pack",337807,2026-05-18,2
af1f945e-ffe7-46ac-90ba-f713687e19a0,NM-2169,NM,610163406023,Folgers Classic Roast Coffee,192729,2026-04-07,3
ff4b0ece-5347-4b72-97cd-d8f15c2c9b7c,MS-9854,MS,680261188425,"Great Value 2% Milk, Gallon",L-4532,2026-08-03,2
009671f7-d946-4e37-bcc7-5915098f1e9a,AL-3598,AL,889391736613,Wonder Bread Classic White,L-1324,2026-04-08,2
2987ad9e-a849-4b37-a481-e1e48aaea974,LA-9679,LA,680261188425,"Great Value 2% Milk, Gallon",L-4260,2026-04-27,2
781e155d-1672-43d7-bf07-be439151204a,AR-8816,AR,701993641404,Blue Bell Vanilla Ice Cream,192729,2026-04-29,1
5ea64767-b5b9-4972-94cc-065d2a73d036,AL-1696,AL,382652812974,"Chobani Greek Yogurt, 32oz",192729,2026-04-07,3
dc013d0c-b944-4ac8-b7b0-4e6cd290afc4,GA-9575,GA,808049347754,Nature Valley Granola Bars,L-4260,2026-07-10,2
c42755af-700d-4464-9ac8-d23d1b71ddcd,AL-2298,AL,889391736613,Wonder Bread Classic White,L-4260,2026-04-29,4
f9206b10-e5ba-4475-b7aa-4018c41a4d17,MS-5638,MS,610163406023,Folgers Classic Roast Coffee,L-6480,2026-07-30,1
99ea0222-7ba4-4cd0-b47a-8c7326c992bf,AR-2081,AR,680261188425,"Great Value 2% Milk, Gallon",250347,2026-06-05,2
cfad3719-d7f7-4671-bb58-cd5a0e6c5ebd,GA-5078,GA,875113329103,"Tyson Chicken Breast, Family Pack",L-4260,2026-04-08,4
d81194a8-6f5b-47ac-9360-b6a41914adc3,TX-6940,TX,701993641404,Blue Bell Vanilla Ice Cream,406635,2026-04-04,3
8819f12a-098e-4048-8894-f9e20bdba27a,GA-6791,GA,875113329103,"Tyson Chicken Breast, Family Pack",L-5740,2026-06-24,2
83d49e9a-c5a6-4430-ac8d-ed2544c72a45,TX-8335,TX,875113329103,"Tyson Chicken Breast, Family Pack",L-4532,2026-06-13,1
d4992ae4-42ad-4281-a29c-1ff4d03715e3,OK-5251,OK,146279721070,"Sunups Large Grade A Eggs, Dozen",0840962,2026-07-07,2
112d1611-e105-4ece-bd13-6aaf2d1864da,GA-7992,GA,701993641404,Blue Bell Vanilla Ice Cream,L-7111,2026-06-10,4
1ad92634-59bb-4266-a1b9-48c6f7b841af,MO-2144,MO,808049347754,Nature Valley Granola Bars,192729,2026-04-25,1
0b18b8e3-2fcd-43b3-ba34-1d943ec2deb0,CA-8514,CA,610163406023,Folgers Classic Roast Coffee,192729,2026-07-30,2
5823c87e-3486-4d54-8a11-00c56e385234,GA-9642,GA,610163406023,Folgers Classic Roast Coffee,L-1324,2026-07-09,4
766a61f8-f768-45eb-aef8-f3799bb85db1,MS-9398,MS,653374520407,"Land O'Lakes Butter, 1lb",L-5740,2026-08-01,2
4df2cb72-6a85-42c0-9971-30d47dfff409,TN-6473,TN,808049347754,Nature Valley Granola Bars,L-4260,2026-06-01,1
492425bb-2c2a-4f61-ae95-68c807441a87,CA-5360,CA,653374520407,"Land O'Lakes Butter, 1lb",L-6480,2026-05-27,3
5703628f-4a16-4421-9f0f-df6da098a5d8,GA-8221,GA,680261188425,"Great Value 2% Milk, Gallon",L-5740,2026-06-19,1
06c04d9c-a982-401b-a739-4ff9bbcb797c,CA-1708,CA,875113329103,"Tyson Chicken Breast, Family Pack",L-1324,2026-06-14,1
38fc3bb0-4357-4f9b-a041-7ef3ec434be1,LA-1558,LA,653374520407,"Land O'Lakes Butter, 1lb",L-7111,2026-04-26,1
e903b82c-dd65-44f7-b3ff-d81ec4f6a86f,CA-3284,CA,610163406023,Folgers Classic Roast Coffee,L-4532,2026-06-07,4
1f50334c-4a62-488e-b127-6b1773206cb1,CA-3684,CA,680261188425,"Great Value 2% Milk, Gallon",406635,2026-06-26,2
4d3c4221-2f7b-41ca-8258-30ff986c11e5,OK-6661,OK,680261188425,"Great Value 2% Milk, Gallon",L-5740,2026-06-03,1
2dcd2204-e805-411e-ab7f-d753481bb184,MO-5589,MO,889391736613,Wonder Bread Classic White,192729,2026-06-25,1
15cfb08e-5eff-461f-864f-4c16a5ff6375,TX-7065,TX,875113329103,"Tyson Chicken Breast, Family Pack",192729,2026-07-24,4
26fd1b01-5557-47d4-957f-aa3a2a5a25cc,LA-9068,LA,875113329103,"Tyson Chicken Breast, Family Pack",L-4260,2026-04-03,4
74e77a5b-8c3c-451e-8073-ccda2e48543f,GA-3273,GA,808049347754,Nature Valley Granola Bars,337807,2026-04-16,3
e519b267-d950-4585-8be8-d7b140fe239c,NM-9055,NM,889391736613,Wonder Bread Classic White,192729,2026-06-23,1
3eb92163-517c-4bbc-8fb7-213f027cb6bf,FL-3381,FL,680261188425,"Great Value 2% Milk, Gallon",L-5740,2026-07-09,1
04fae869-330b-4584-9111-ce9fa557f9f2,TX-5301,TX,701993641404,Blue Bell Vanilla Ice Cream,L-7111,2026-07-26,3
619149a2-2962-484b-9153-6929aabb4d0d,OK-5995,OK,382652812974,"Chobani Greek Yogurt, 32oz",L-7111,2026-04-20,3
38367565-8903-4d36-a4fc-7cdf3ea2e82e,MO-2534,MO,610163406023,Folgers Classic Roast Coffee,250347,2026-06-02,1
cc492ad4-be84-4969-9c25-f64b067575ad,TX-7917,TX,701993641404,Blue Bell Vanilla Ice Cream,406635,2026-07-09,1
ed200c8f-5390-4139-8c74-088d3afcf256,AL-5992,AL,808049347754,Nature Valley Granola Bars,L-4532,2026-06-29,1
81a7eae0-a712-4f52-902b-c26886eabca7,TX-3393,TX,680261188425,"Great Value 2% Milk, Gallon",L-4260,2026-04-21,1
8ad6f453-d3a0-4f14-a21b-e5ec2f514b9f,NM-7168,NM,382652812974,"Chobani Greek Yogurt, 32oz",L-7111,2026-06-24,2
a121e37c-1241-4116-82e0-d5d19c761b7a,MO-9368,MO,875113329103,"Tyson Chicken Breast, Family Pack",L-7111,2026-06-16,2
ee9db1ea-bb16-4131-b5e5-2b9964c95b41,FL-8057,FL,701993641404,Blue Bell Vanilla Ice Cream,L-4532,2026-07-22,3
0f1e6b87-eeb5-47a5-abe6-c0f3b9503adf,AL-5610,AL,680261188425,"Great Value 2% Milk, Gallon",L-4532,2026-07-22,4
57ccd897-a9ec-4896-bb84-3067ceb5d0ff,AL-9942,AL,808049347754,Nature Valley Granola Bars,192729,2026-07-25,4
2e5aa696-d1a8-47fa-a235-3710f2776562,AR-9306,AR,875113329103,"Tyson Chicken Breast, Family Pack",L-4532,2026-05-05,1
6224dfb9-3fef-4d3c-96ec-b264a530a6e2,AL-4430,AL,701993641404,Blue Bell Vanilla Ice Cream,406635,2026-04-12,2
1a4fd66f-5faf-4296-81c6-b11b3bf30c1a,AL-8351,AL,889391736613,Wonder Bread Classic White,250347,2026-04-05,3
c2d4731f-6822-49ea-b2f7-66d6074bb9fe,AL-3911,AL,875113329103,"Tyson Chicken Breast, Family Pack",192729,2026-08-07,1
6d7daa25-4005-48c1-bc4f-778df9665a1a,AR-9834,AR,701993641404,Blue Bell Vanilla Ice Cream,337807,2026-06-04,2
edd068bc-cdf7-4710-8b28-c4a901422b9d,FL-5488,FL,808049347754,Nature Valley Granola Bars,L-7111,2026-05-04,4
ca5e523d-b4fc-4030-aa21-c348538d7099,AR-9701,AR,653374520407,"Land O'Lakes Butter, 1lb",L-1324,2026-04-08,4
e1f6a26c-bf0c-4896-a9c7-74df6c56a976,MO-1534,MO,653374520407,"Land O'Lakes Butter, 1lb",250347,2026-06-18,2
cea69183-ba1c-495c-a942-f879695908df,MO-6447,MO,808049347754,Nature Valley Granola Bars,L-1324,2026-06-02,1
f3d1a707-0bd6-44a6-9253-c367f051bca1,AR-1490,AR,653374520407,"Land O'Lakes Butter, 1lb",337807,2026-04-11,2
6d9bb4ff-c676-4c82-85db-0f04916f6a70,TN-4052,TN,680261188425,"Great Value 2% Milk, Gallon",337807,2026-05-22,3
f4ac6ffd-73c0-4d28-81f4-f63cf5a335a9,GA-7803,GA,889391736613,Wonder Bread Classic White,L-4260,2026-07-30,3
fe2a9351-dc7f-4a20-b841-203d6ef3875f,MO-2159,MO,653374520407,"Land O'Lakes Butter, 1lb",L-4260,2026-06-17,4
7d97f580-aad8-4c59-9920-426b9caa829f,NM-4691,NM,382652812974,"Chobani Greek Yogurt, 32oz",L-7111,2026-08-02,1
d47b7f0f-4476-4f7e-9b82-3dee35f72021,MO-5862,MO,875113329103,"Tyson Chicken Breast, Family Pack",L-5740,2026-06-06,3
3b19d901-8524-4d5d-ab94-1209dd80203a,GA-9634,GA,680261188425,"Great Value 2% Milk, Gallon",192729,2026-04-29,1
f428af0b-9fcf-445e-92c8-a29fcb24733f,MS-3775,MS,808049347754,Nature Valley Granola Bars,L-7111,2026-06-10,2
e1aff571-1c75-4e83-a4f8-bc1de241ec3b,MO-2988,MO,701993641404,Blue Bell Vanilla Ice Cream,250347,2026-04-08,2
0b3dc9e8-8487-4a20-b341-f92b2d559238,GA-5617,GA,808049347754,Nature Valley Granola Bars,L-7111,2026-04-02,1
c95129c9-63db-4cc2-a930-ae82895e3ac8,AL-4310,AL,889391736613,Wonder Bread Classic White,L-1324,2026-06-11,3
b3107864-17a0-402f-a4c6-9813c5f692eb,OK-3025,OK,680261188425,"Great Value 2% Milk, Gallon",406635,2026-04-07,4
5dc8c58a-4875-4675-b8e2-adfb9bc89f52,AR-4306,AR,889391736613,Wonder Bread Classic White,L-4532,2026-07-06,1
7cb70700-4325-466a-bf80-04784b482ffe,NM-5524,NM,653374520407,"Land O'Lakes Butter, 1lb",L-7111,2026-05-20,4
fa47578f-f7af-4c9f-bd22-0bf8c20cc600,TX-9831,TX,875113329103,"Tyson Chicken Breast, Family Pack",L-5740,2026-07-14,1
0a1d24a5-f05c-44aa-a95f-026951cc3c6f,TX-9588,TX,680261188425,"Great Value 2% Milk, Gallon",L-5740,2026-05-12,2
e6912c37-c09c-447b-94ad-cdabb5efc764,MO-4794,MO,889391736613,Wonder Bread Classic White,L-7111,2026-04-08,1
b037b7e4-0c92-4537-af5a-242bef5d3938,TX-3659,TX,808049347754,Nature Valley Granola Bars,L-4260,2026-06-29,2
05b0c2af-a2d3-48c3-aba7-1382c0f1f91f,MO-8994,MO,808049347754,Nature Valley Granola Bars,337807,2026-06-04,1
6e22bf3e-5422-444a-93ae-2e90410b2ab7,OK-2399,OK,610163406023,Folgers Classic Roast Coffee,337807,2026-05-20,1
d5488aaf-5e05-4bdc-ad6f-f75a6d65ce9c,FL-8069,FL,610163406023,Folgers Classic Roast Coffee,L-6480,2026-06-14,4
233a7ce4-735d-44f6-83e2-4ba006643f99,AL-2659,AL,680261188425,"Great Value 2% Milk, Gallon",337807,2026-07-14,4
90089c4c-8db3-42dc-bddc-925c59392b70,AR-1142,AR,808049347754,Nature Valley Granola Bars,406635,2026-05-26,2
8d462ee8-f44c-41a6-95d5-b2b80e87e57e,CA-8503,CA,875113329103,"Tyson Chicken Breast, Family Pack",406635,2026-06-13,1
480abbd9-d3ce-4602-a257-323be4bd0a9c,AR-2819,AR,059533434211,"Kroger Large Grade A Eggs, Dozen",0840962,2026-06-17,4
cb2d2215-e915-4bc5-8a2a-615b1dfd890c,CA-4710,CA,680261188425,"Great Value 2% Milk, Gallon",L-4260,2026-07-19,3
1ea52809-cca6-409e-91bc-6bdef80a95e1,GA-2791,GA,889391736613,Wonder Bread Classic White,L-4260,2026-07-19,1
4524f896-bd0b-4c97-a10e-7d16aef896a0,LA-8335,LA,875113329103,"Tyson Chicken Breast, Family Pack",L-7111,2026-05-01,1
76995aa1-8845-4f91-85c3-c0a4408c2d3b,CA-8121,CA,701993641404,Blue Bell Vanilla Ice Cream,337807,2026-05-09,3
697c8ffa-3ac4-46ca-8f5e-49e1eec59740,NM-8030,NM,653374520407,"Land O'Lakes Butter, 1lb",L-4260,2026-06-04,3
fb4c3096-c53c-4054-8ce2-df0912234f9e,TX-3653,TX,875113329103,"Tyson Chicken Breast, Family Pack",L-7111,2026-07-09,1
cb859774-f9eb-4feb-acb3-88208336eabe,MO-3276,MO,889391736613,Wonder Bread Classic White,L-6480,2026-04-22,3
fad54ed7-b7c6-45f7-bfc6-f95722e1b61b,AL-3243,AL,610163406023,Folgers Classic Roast Coffee,L-4532,2026-05-12,1
1f73b455-6f03-46ad-8fbb-c1aa6d69dd72,FL-6852,FL,701993641404,Blue Bell Vanilla Ice Cream,L-4532,2026-07-30,1
732b61f6-fc56-4a1d-ad13-6311d2a5d62e,GA-2795,GA,653374520407,"Land O'Lakes Butter, 1lb",L-7111,2026-05-14,3
f57ea767-0075-4037-af6b-e8b74602fad6,AR-2758,AR,889391736613,Wonder Bread Classic White,L-4532,2026-07-19,3
c06f1ed3-7386-423a-93c8-728d74449be5,MS-2400,MS,680261188425,"Great Value 2% Milk, Gallon",406635,2026-04-01,2
77a86082-536b-4e34-9d10-dcf400d2ece4,OK-7938,OK,610163406023,Folgers Classic Roast Coffee,337807,2026-07-31,1
b7b14855-27bc-48f8-84b0-0c45d5a87ec4,MS-6266,MS,610163406023,Folgers Classic Roast Coffee,406635,2026-07-01,2
967a3361-977d-4159-8a75-d36da2417029,NM-4868,NM,808049347754,Nature Valley Granola Bars,L-6480,2026-05-14,4
b3e36034-bf54-44e8-a55b-07f06e8e4f2e,AL-1135,AL,653374520407,"Land O'Lakes Butter, 1lb",L-6480,2026-04-02,2
6bb11212-3097-4499-a33a-30209049b36e,MO-8835,MO,875113329103,"Tyson Chicken Breast, Family Pack",406635,2026-07-11,3
d954bf4f-14c9-4e21-b505-4e2ce5b014fc,TX-8840,TX,859982493629,"Country Morning Large Grade A Eggs, Dozen",0840962,2026-06-23,4
5c5cfd31-0b8d-4bcb-9278-061c8af68388,MO-4888,MO,680261188425,"Great Value 2% Milk, Gallon",337807,2026-06-10,3
02a45cad-5c39-47e6-bb3d-44a8f190c3f5,LA-8708,LA,701993641404,Blue Bell Vanilla Ice Cream,L-7111,2026-05-11,2
f046520d-a154-49a0-8b46-8776b022880e,MO-8668,MO,680261188425,"Great Value 2% Milk, Gallon",250347,2026-04-30,1
69679fd6-bebb-48c5-a43e-e22bba02883d,TN-4531,TN,653374520407,"Land O'Lakes Butter, 1lb",L-6480,2026-06-05,1
1599c079-0817-48dc-9470-e1e44cd77d70,AL-4995,AL,875113329103,"Tyson Chicken Breast, Family Pack",L-4260,2026-06-29,2
dede6825-9423-4600-80aa-29529eb47506,TX-6972,TX,382652812974,"Chobani Greek Yogurt, 32oz",406635,2026-05-09,3
b1fa5a93-e4c2-41c3-ba41-6d46cc4d4b00,CA-5496,CA,610163406023,Folgers Classic Roast Coffee,406635,2026-07-24,2
9ebd4aa0-81d4-4ccf-a1d2-a11b2fcc78c8,MO-1703,MO,680261188425,"Great Value 2% Milk, Gallon",L-4532,2026-07-07,4
53f9a6df-3137-4c7f-b8ce-f290274bc870,MO-8881,MO,701993641404,Blue Bell Vanilla Ice Cream,L-4532,2026-05-30,4
a647a206-0245-4e55-8b7a-a5e75c3113eb,CA-4440,CA,808049347754,Nature Valley Granola Bars,192729,2026-05-27,2
17a1779c-47b2-494f-8f6d-d48825b32098,TN-3448,TN,875113329103,"Tyson Chicken Breast, Family Pack",337807,2026-07-06,2
47e5cfc0-cdef-4549-87f9-82477502fcee,NM-4041,NM,382652812974,"Chobani Greek Yogurt, 32oz",337807,2026-04-09,1
6b56a218-c46e-4ee0-863f-638f042e8136,NM-5736,NM,680261188425,"Great Value 2% Milk, Gallon",L-7111,2026-07-31,1
7057a2f5-03ce-41f3-a5a7-b971133e74cf,FL-4296,FL,701993641404,Blue Bell Vanilla Ice Cream,L-5740,2026-05-14,4
e5719932-e231-45d6-817f-e0e2b2899730,LA-5788,LA,889391736613,Wonder Bread Classic White,250347,2026-05-16,3
56c026b5-d110-401b-8138-2ff9c8c963ee,TN-9332,TN,875113329103,"Tyson Chicken Breast, Family Pack",406635,2026-05-27,4
a0ac386b-32a9-4f09-ae54-37235ed3b915,NM-8108,NM,382652812974,"Chobani Greek Yogurt, 32oz",L-1324,2026-05-23,3
dea8b3c6-ef90-450a-baca-c55f13c9682e,CA-8376,CA,889391736613,Wonder Bread Classic White,L-1324,2026-07-28,4
92c7ac96-9531-4bc5-9409-7297f684a1ca,GA-8795,GA,889391736613,Wonder Bread Classic White,250347,2026-05-17,1
5c3e17b8-60c1-4c54-aa5b-eeeeb39d4445,AL-1068,AL,610163406023,Folgers Classic Roast Coffee,L-1324,2026-07-08,4
be74caeb-f002-49b8-a223-fe669ce59a07,MO-6921,MO,808049347754,Nature Valley Granola Bars,406635,2026-04-08,3
5662139b-8ad8-430d-b02b-e25c4db0d551,GA-5541,GA,382652812974,"Chobani Greek Yogurt, 32oz",L-6480,2026-05-01,4
4b421917-f59f-4d1d-a664-1c5e34941bd4,OK-2018,OK,057642652279,"Brookshire's Large Grade A Eggs, Dozen",0840962,2026-07-27,4
6515fc76-06f4-43dd-a57e-afea246a9121,NM-7452,NM,382652812974,"Chobani Greek Yogurt, 32oz",406635,2026-04-11,1
070b6677-38e8-403e-b3fc-71573c8b7c6b,MS-4112,MS,057642652279,"Brookshire's Large Grade A Eggs, Dozen",P-1950,2026-07-28,3
b70274e3-e8e0-42e3-982c-e777c7796882,GA-8336,GA,701993641404,Blue Bell Vanilla Ice Cream,L-1324,2026-07-25,4
a8708ada-1c6f-4642-83cc-de5c3861fc00,OK-9744,OK,889391736613,Wonder Bread Classic White,L-7111,2026-05-27,4
36c1d2f4-a8c1-45ce-bc8a-cf14481a6a1c,LA-7366,LA,610163406023,Folgers Classic Roast Coffee,250347,2026-05-04,1
40f9881f-da0e-442c-8034-aa1c1cd02f70,MO-7965,MO,875113329103,"Tyson Chicken Breast, Family Pack",337807,2026-04-13,3
3475307b-7eba-41cb-a88f-16a80abc7816,FL-6386,FL,680261188425,"Great Value 2% Milk, Gallon",250347,2026-08-01,2
184379e0-c579-476c-9516-e58c69eb74b3,FL-1771,FL,610163406023,Folgers Classic Roast Coffee,L-5740,2026-06-10,4
dc9c7485-0996-4660-b4af-a4a5a10ee7f3,TX-4336,TX,889391736613,Wonder Bread Classic White,L-5740,2026-06-19,2
87eb65f4-8059-42ca-96a3-2755f6049029,OK-9856,OK,889391736613,Wonder Bread Classic White,L-5740,2026-06-04,4
a1bbdf7b-679a-4c6e-887c-d0b91db70ea5,MO-9867,MO,808049347754,Nature Valley Granola Bars,192729,2026-04-12,1
4849b34e-dbd9-4280-a6f7-37dc159475b0,FL-5253,FL,701993641404,Blue Bell Vanilla Ice Cream,250347,2026-06-08,4
34ca44a2-ffdc-414d-885c-aecbee57a285,AL-4291,AL,808049347754,Nature Valley Granola Bars,L-6480,2026-06-16,2
9f44c56f-c4d0-4b94-ab24-62f8197137e2,FL-6581,FL,808049347754,Nature Valley Granola Bars,406635,2026-06-12,1
a9c5c1b6-a2af-4092-8ebc-2f70ebd5e47e,TN-6345,TN,653374520407,"Land O'Lakes Butter, 1lb",L-6480,2026-04-15,2
ebf5a197-4c63-44c0-9c59-418c72526e59,NM-7227,NM,889391736613,Wonder Bread Classic White,L-1324,2026-04-22,4
5825cc6a-ab0e-4e4b-8383-b10ce068019e,MS-9975,MS,701993641404,Blue Bell Vanilla Ice Cream,L-6480,2026-04-14,3
a067c5aa-b58a-4fb9-9b53-5d329f367202,NM-8022,NM,875113329103,"Tyson Chicken Breast, Family Pack",L-5740,2026-05-25,4
0ad5cc2c-ef32-4681-b650-8e555193dfe6,MO-4704,MO,701993641404,Blue Bell Vanilla Ice Cream,L-6480,2026-06-18,4
f9d576af-9448-4f5c-852a-6b62454b7951,FL-1058,FL,875113329103,"Tyson Chicken Breast, Family Pack",192729,2026-07-29,3
6a848e74-a76f-4ad2-a422-526c9a1327cb,CA-3659,CA,875113329103,"Tyson Chicken Breast, Family Pack",L-1324,2026-04-06,2
870a489d-5c8f-496a-9ef5-cfd8d7665bf6,OK-8920,OK,680261188425,"Great Value 2% Milk, Gallon",406635,2026-05-22,1
f24635cb-55fa-4305-aaf7-b8b23938e908,AL-2930,AL,653374520407,"Land O'Lakes Butter, 1lb",406635,2026-05-16,3
7397ae2d-46bd-4fd5-9fd9-98924ed85b65,TN-3096,TN,610163406023,Folgers Classic Roast Coffee,L-4532,2026-07-09,1
eb56fa40-c683-4986-aa95-4e3f0111f89e,MS-9146,MS,701993641404,Blue Bell Vanilla Ice Cream,192729,2026-06-05,1
d80fa85a-6a98-4073-919e-9f9ae695c169,TX-1021,TX,382652812974,"Chobani Greek Yogurt, 32oz",L-4260,2026-07-20,2
57c8c9c2-150b-44b6-a07e-aeb14dc5e4a7,TN-7095,TN,808049347754,Nature Valley Granola Bars,L-7111,2026-04-29,4
dfca7ea6-8cec-436c-aa26-1040bc091165,AL-6286,AL,653374520407,"Land O'Lakes Butter, 1lb",L-6480,2026-07-22,4
6703d23b-7a6a-4b7c-aa40-81e2cbe0919e,CA-5849,CA,875113329103,"Tyson Chicken Breast, Family Pack",250347,2026-07-23,1
134bc041-a655-40eb-96e0-b624867029c1,LA-8033,LA,701993641404,Blue Bell Vanilla Ice Cream,406635,2026-07-07,4
939b1acd-1e9e-4f5d-bd71-4987ad088bc8,OK-7227,OK,701993641404,Blue Bell Vanilla Ice Cream,L-5740,2026-06-11,2
5af97e36-5787-47a3-bc6b-d68debdc653c,LA-3751,LA,875113329103,"Tyson Chicken Breast, Family Pack",337807,2026-07-04,1
bdbaf081-20d7-4470-bfbc-fe67a6be860c,CA-9299,CA,875113329103,"Tyson Chicken Breast, Family Pack",406635,2026-08-12,1
6f27952b-8572-4c1b-94e5-6f077b2a0e30,CA-4894,CA,889391736613,Wonder Bread Classic White,L-6480,2026-07-28,2
3962d4a9-b9aa-4401-9832-0a4987c55650,OK-3025,OK,808049347754,Nature Valley Granola Bars,L-4532,2026-07-12,3
489df2bb-809a-43b1-a78c-4fe24c2630f8,FL-4858,FL,680261188425,"Great Value 2% Milk, Gallon",L-4260,2026-08-10,2
8294843c-d7d5-4079-babe-934c1318e0b8,AR-5073,AR,889391736613,Wonder Bread Classic White,L-6480,2026-04-16,4
957ca745-b280-4327-a10d-c58e00f3a83e,LA-4887,LA,680261188425,"Great Value 2% Milk, Gallon",L-1324,2026-07-11,2
08758d25-4351-4a7c-9798-7f38504a0e78,GA-2711,GA,701993641404,Blue Bell Vanilla Ice Cream,L-1324,2026-07-02,3
4ce982c4-d6d9-46ea-a9e4-769bf528e537,GA-1638,GA,610163406023,Folgers Classic Roast Coffee,L-6480,2026-05-09,3
69402fd3-0337-436c-abdb-1936215341cb,TN-9619,TN,653374520407,"Land O'Lakes Butter, 1lb",L-4532,2026-04-09,3
7c91994a-822a-4574-8085-c2bc4f408865,NM-6712,NM,382652812974,"Chobani Greek Yogurt, 32oz",L-4532,2026-05-02,3
e44316ed-90f3-4a33-b9dc-1079d100cb49,CA-8598,CA,610163406023,Folgers Classic Roast Coffee,L-7111,2026-07-24,4
912a41c9-dae9-4c0d-81ed-1172f2fd41d9,AR-2235,AR,653374520407,"Land O'Lakes Butter, 1lb",L-4532,2026-06-03,2
08ae5c2f-7dbf-4add-8ddd-8a1f3d8dfca8,AL-3140,AL,808049347754,Nature Valley Granola Bars,L-4260,2026-07-02,2
a8c9bd34-9c19-463b-a832-3b6fed9cb307,NM-8174,NM,653374520407,"Land O'Lakes Butter, 1lb",L-6480,2026-04-14,1
3c01db72-4f20-417a-863c-3b54ae4b0c85,MO-7998,MO,701993641404,Blue Bell Vanilla Ice Cream,L-4532,2026-04-17,2
0303ee79-8630-42fb-88f4-c9021ad2e2d3,TX-3484,TX,889391736613,Wonder Bread Classic White,337807,2026-05-07,3
d1c6387a-ba95-4d59-8202-6e4dba84c151,OK-9148,OK,653374520407,"Land O'Lakes Butter, 1lb",250347,2026-07-14,3
c4eeefae-b0ae-4e3d-ad6a-9a7428178b9a,AL-9959,AL,875113329103,"Tyson Chicken Breast, Family Pack",L-4532,2026-08-11,4
3454907c-0744-4e56-8525-ba4eb7aced2d,FL-9977,FL,808049347754,Nature Valley Granola Bars,L-7111,2026-04-23,3
fd6f498c-3001-4555-9806-cbe06b71899b,CA-6572,CA,889391736613,Wonder Bread Classic White,L-4532,2026-07-04,1
c286d62e-2dd6-4d09-97d0-35e533f840d1,MS-3337,MS,653374520407,"Land O'Lakes Butter, 1lb",L-6480,2026-04-06,1
74df8371-b83f-44fb-a259-e08a8ace0fc8,MO-4822,MO,889391736613,Wonder Bread Classic White,250347,2026-07-24,1
eb74e0cd-13dc-436d-b03d-9bc17570b561,OK-9732,OK,701993641404,Blue Bell Vanilla Ice Cream,L-7111,2026-06-11,1
4c4f91a9-0016-485e-8637-035d21f09820,TN-2307,TN,382652812974,"Chobani Greek Yogurt, 32oz",406635,2026-07-18,2
d71f026b-daa2-4f6b-9a02-cfe70273bbe0,MO-5929,MO,875113329103,"Tyson Chicken Breast, Family Pack",406635,2026-05-02,1
b7d1f2ea-431a-4416-a2d7-8c3de227b439,TX-1024,TX,059533434211,"Kroger Large Grade A Eggs, Dozen",0840962,2026-07-18,1
d84f82d8-3963-406e-aa83-3df894ec51c0,GA-6078,GA,808049347754,Nature Valley Granola Bars,192729,2026-07-13,2
d9cb6212-6907-4ce3-916f-585cd0e2eff5,FL-2005,FL,653374520407,"Land O'Lakes Butter, 1lb",L-6480,2026-04-04,4
f831233e-305c-4645-84db-1ac0128701a2,FL-7360,FL,653374520407,"Land O'Lakes Butter, 1lb",192729,2026-06-13,3
43af8559-ea4c-45c8-b805-cb189f6753f2,TN-8533,TN,610163406023,Folgers Classic Roast Coffee,L-4260,2026-08-02,1
7892c1a1-4d08-46ef-b3f7-07a31ab20976,AL-2857,AL,653374520407,"Land O'Lakes Butter, 1lb",192729,2026-07-31,4
d67b291b-f1ba-45ad-8494-180775af7db4,LA-2422,LA,808049347754,Nature Valley Granola Bars,L-4532,2026-07-30,4
b50dfa6d-3cc1-4d14-8984-f7c17ad71ab1,CA-1745,CA,680261188425,"Great Value 2% Milk, Gallon",L-7111,2026-06-19,3
274ad723-b04c-4285-a2ad-908b433b5063,AR-7074,AR,889391736613,Wonder Bread Classic White,192729,2026-05-27,3
1ba64301-c7b6-4560-be50-113fcb5a0b02,AR-9704,AR,808049347754,Nature Valley Granola Bars,250347,2026-06-16,4
15c7f97b-c243-4347-bae5-717bb465391a,AR-4840,AR,889391736613,Wonder Bread Classic White,L-4532,2026-06-12,4
2970ad0c-3c1d-4679-9fe5-cd7f6319a6dd,OK-7599,OK,610163406023,Folgers Classic Roast Coffee,L-5740,2026-06-29,4
1487f65e-e032-4936-925f-98db920a4541,MO-2643,MO,701993641404,Blue Bell Vanilla Ice Cream,192729,2026-05-30,3
5f576bb4-ee37-419a-9387-f77291026981,TX-3276,TX,808049347754,Nature Valley Granola Bars,L-5740,2026-08-13,3
200a34ce-72e4-47a4-a3c7-65852d8c3205,LA-3717,LA,808049347754,Nature Valley Granola Bars,L-4260,2026-05-31,4
1a37e4b0-097c-4fb8-8d23-08801bf275b4,AL-7884,AL,610163406023,Folgers Classic Roast Coffee,L-4260,2026-07-22,2
c1a71600-5736-4df1-8bbe-c99495091769,GA-7927,GA,808049347754,Nature Valley Granola Bars,L-6480,2026-05-14,3
76179e90-0afa-4fef-b974-8433e244fc6e,CA-9605,CA,808049347754,Nature Valley Granola Bars,L-7111,2026-07-02,3
8a672569-630a-4df5-955b-b2aabde449a1,GA-8564,GA,701993641404,Blue Bell Vanilla Ice Cream,192729,2026-08-02,3
c6881361-8426-4775-b8aa-199963e8bbea,CA-8246,CA,610163406023,Folgers Classic Roast Coffee,L-4260,2026-05-23,2
1566ecc1-930b-4045-8218-50d46408d8f0,TX-8393,TX,859982493629,"Country Morning Large Grade A Eggs, Dozen",0840962,2026-07-17,3
c0b6a647-567e-47d0-88d8-e83e13d9a123,AR-7349,AR,680261188425,"Great Value 2% Milk, Gallon",406635,2026-06-06,1
44ff8125-e74d-49b6-a6c3-ba445aeee251,GA-4339,GA,680261188425,"Great Value 2% Milk, Gallon",L-4532,2026-07-03,4
4d96e02b-f4e1-48fe-a522-e46ea71ee153,LA-9160,LA,382652812974,"Chobani Greek Yogurt, 32oz",L-6480,2026-05-01,2
c2cc19c0-5531-4a5f-9a60-71dc48c0dcc0,MS-8890,MS,610163406023,Folgers Classic Roast Coffee,406635,2026-06-10,4
e9f9f3dc-45a6-4ef9-b01e-6d38f0bf4eb0,CA-4821,CA,889391736613,Wonder Bread Classic White,337807,2026-07-29,2
380276f7-f0e4-4d70-afc8-42c42d6b89bb,FL-3244,FL,808049347754,Nature Valley Granola Bars,L-7111,2026-04-13,2
3c4ee408-cfe7-4c6d-9255-b51961e57a15,OK-6786,OK,653374520407,"Land O'Lakes Butter, 1lb",L-4532,2026-08-13,4
8495add4-f7b5-4fa7-aed3-eb7fa8982e21,FL-5023,FL,875113329103,"Tyson Chicken Breast, Family Pack",406635,2026-07-26,2
fe0e7a81-1724-48c6-b59d-09ac72620c13,MS-5998,MS,653374520407,"Land O'Lakes Butter, 1lb",L-6480,2026-07-31,4
d78922d5-0f42-4fce-bbe2-5591e7976794,LA-5248,LA,653374520407,"Land O'Lakes Butter, 1lb",192729,2026-04-06,3
12ec4ed8-82e8-4302-8417-573aa5e2a58b,TX-2337,TX,059533434211,"Kroger Large Grade A Eggs, Dozen",0840962,2026-06-23,1
db9e4150-31a2-439a-926d-b724d71a49e8,OK-6741,OK,610163406023,Folgers Classic Roast Coffee,406635,2026-08-06,2
4b086e45-73db-46fe-b434-0cd791ca86ff,AL-3409,AL,808049347754,Nature Valley Granola Bars,L-5740,2026-07-01,2
bb8c75b2-69fe-4fd1-a694-e1f8bcd6fd62,NM-1831,NM,889391736613,Wonder Bread Classic White,192729,2026-04-22,2
373da656-d9a4-4fd8-b976-ece611d886c0,MO-8598,MO,610163406023,Folgers Classic Roast Coffee,L-4260,2026-05-22,1
973ca50a-23b9-4750-91bc-9d2b233e2a22,AL-8750,AL,382652812974,"Chobani Greek Yogurt, 32oz",L-4532,2026-05-22,1
dc2ac081-4a00-4eeb-85fc-5a73352db993,LA-5180,LA,653374520407,"Land O'Lakes Butter, 1lb",406635,2026-04-01,4
a614a553-c128-4474-a911-08f6a6d6478a,AR-7011,AR,701993641404,Blue Bell Vanilla Ice Cream,337807,2026-04-16,2
afbab96e-5c26-4cb8-9675-8be6086bb2f8,AL-8662,AL,610163406023,Folgers Classic Roast Coffee,192729,2026-07-25,1
3324a84d-b462-4507-9a3a-fbe895e7707c,TX-8362,TX,875113329103,"Tyson Chicken Breast, Family Pack",406635,2026-06-03,4
ae92e55c-b550-436e-858d-0147472b9966,AL-1060,AL,610163406023,Folgers Classic Roast Coffee,337807,2026-06-01,4
c6414d7b-39f5-4cf2-bc6f-9c3c5d701d4a,FL-2835,FL,808049347754,Nature Valley Granola Bars,L-1324,2026-04-03,1
a904279c-542c-4015-b6d7-df34e9637315,MO-9719,MO,382652812974,"Chobani Greek Yogurt, 32oz",250347,2026-07-14,4
98cf060d-6491-4b49-aca2-4ebf3dc13b22,AR-2828,AR,701993641404,Blue Bell Vanilla Ice Cream,L-7111,2026-05-05,4
48af2c1f-8555-40f9-8f02-90c681550819,TN-6863,TN,382652812974,"Chobani Greek Yogurt, 32oz",337807,2026-04-25,4
b728b2ce-7533-42af-a35e-527031d0213e,LA-3190,LA,875113329103,"Tyson Chicken Breast, Family Pack",L-4532,2026-07-03,1
cfe45294-9d75-4af2-97f2-78e7c5a02222,TX-2236,TX,653374520407,"Land O'Lakes Butter, 1lb",L-6480,2026-08-03,1
2a16e7c4-c530-4b16-981c-fe48116c8f38,OK-1945,OK,610163406023,Folgers Classic Roast Coffee,L-4532,2026-04-05,4
8b02d6ec-e03f-4c4a-af2e-468754e29d53,AR-2225,AR,610163406023,Folgers Classic Roast Coffee,337807,2026-06-09,2
ea9384e8-978f-42c9-b623-93f9146da125,TX-9333,TX,382652812974,"Chobani Greek Yogurt, 32oz",337807,2026-05-07,2
5d98377d-9633-45db-8963-cda29355b50d,MS-8045,MS,680261188425,"Great Value 2% Milk, Gallon",L-5740,2026-06-03,3
3f01f857-7327-4cbe-9334-9cd20586f6cb,TN-2233,TN,701993641404,Blue Bell Vanilla Ice Cream,192729,2026-05-18,2
c43d9ea1-5b7d-4752-8e27-fd5c272a96c7,TN-1385,TN,653374520407,"Land O'Lakes Butter, 1lb",L-6480,2026-08-09,2
1c215706-a553-4125-9339-044aa921a3e3,MS-3705,MS,680261188425,"Great Value 2% Milk, Gallon",L-5740,2026-04-30,1
4c362a59-3a0d-493c-8103-342fff1450ea,OK-4040,OK,875113329103,"Tyson Chicken Breast, Family Pack",337807,2026-05-05,3
d30d6e74-2139-49cc-9e29-3189c708dfbf,AR-7588,AR,889391736613,Wonder Bread Classic White,337807,2026-06-12,1
c50c9063-d911-488a-ae50-4b797090a524,AL-8607,AL,875113329103,"Tyson Chicken Breast, Family Pack",337807,2026-05-02,3
d4e015ea-bd34-43ab-9aaf-9bb8edeb85fd,TN-1592,TN,680261188425,"Great Value 2% Milk, Gallon",406635,2026-05-28,4
dee98e2a-1480-4619-9bc6-1a0a97bc4b00,NM-9887,NM,889391736613,Wonder Bread Classic White,337807,2026-06-07,2
064e80e5-7187-4b08-afa1-451b4be9c54f,MO-1062,MO,680261188425,"Great Value 2% Milk, Gallon",192729,2026-07-06,1
19602b45-4535-4120-8cf4-dcd9460b7a49,OK-6874,OK,653374520407,"Land O'Lakes Butter, 1lb",L-6480,2026-05-14,4
b36f88c5-c378-4730-a053-ca9ed58ad718,NM-7848,NM,701993641404,Blue Bell Vanilla Ice Cream,L-4260,2026-05-16,2
4bde5bc2-fd97-4af9-9434-23b04d40c244,CA-8598,CA,875113329103,"Tyson Chicken Breast, Family Pack",337807,2026-05-25,4
5db650fc-e224-4093-99f2-74539323a248,FL-8976,FL,680261188425,"Great Value 2% Milk, Gallon",L-6480,2026-04-21,1
82bfa0cc-fa5e-435a-8f81-7b972c788659,GA-8912,GA,680261188425,"Great Value 2% Milk, Gallon",192729,2026-08-05,1
31ada2e1-b54c-48a1-8d2f-711d943b4a2d,TX-7689,TX,875113329103,"Tyson Chicken Breast, Family Pack",337807,2026-08-06,1
23905f69-74e4-49a7-ae81-8b83a5c13392,FL-3207,FL,701993641404,Blue Bell Vanilla Ice Cream,L-1324,2026-04-05,4
34dc9bf1-2d55-4a5f-8917-9b466aa966ba,AR-9744,AR,875113329103,"Tyson Chicken Breast, Family Pack",L-5740,2026-06-01,4
e211a712-962f-44a8-9a47-af8f7e653803,AR-1668,AR,859982493629,"Country Morning Large Grade A Eggs, Dozen",0840962,2026-07-21,4
0026c3d9-e560-4f67-9bca-b1df2c48e40b,AL-2456,AL,701993641404,Blue Bell Vanilla Ice Cream,L-6480,2026-08-15,3
825df30e-2e49-4d36-9f06-6e1957ad3ca1,TX-7442,TX,808049347754,Nature Valley Granola Bars,192729,2026-05-14,3
c3a36d2b-4f09-4e64-90d8-90622095a530,OK-4270,OK,610163406023,Folgers Classic Roast Coffee,192729,2026-06-02,1
5f987195-5ee8-4d77-bec1-2da748554356,CA-4813,CA,701993641404,Blue Bell Vanilla Ice Cream,L-7111,2026-07-02,4
74a6059b-03ed-462a-add4-3972827b89d2,TN-1732,TN,889391736613,Wonder Bread Classic White,406635,2026-06-05,2
7813ab76-c3cf-4e0f-84c2-1cc9ed68ddab,AR-7520,AR,653374520407,"Land O'Lakes Butter, 1lb",L-6480,2026-07-01,3
cf909df9-5b58-4103-a2db-0f95db77dad6,OK-5153,OK,808049347754,Nature Valley Granola Bars,192729,2026-06-29,3
99d197f0-3e3c-48c0-b668-f0050ef306e7,AL-4031,AL,610163406023,Folgers Classic Roast Coffee,337807,2026-08-05,2
928c29e2-b4d8-4503-9aee-b30422b03274,TN-6757,TN,653374520407,"Land O'Lakes Butter, 1lb",250347,2026-07-04,2
35da73ca-dd14-43a4-92f8-1b9a01243aa5,NM-6234,NM,875113329103,"Tyson Chicken Breast, Family Pack",L-7111,2026-06-09,3
6656e7ad-6d79-4545-9064-4c41c40837c5,AL-8058,AL,701993641404,Blue Bell Vanilla Ice Cream,L-4532,2026-08-13,1
da8806be-9f83-4630-ba97-7391e102d698,OK-2461,OK,680261188425,"Great Value 2% Milk, Gallon",L-6480,2026-05-07,1
e85e3749-8c3e-45f1-8cac-f73bc8a30eeb,MO-3628,MO,701993641404,Blue Bell Vanilla Ice Cream,337807,2026-06-29,2
000d3d1b-055e-4347-8b5c-909f6d581307,OK-4118,OK,653374520407,"Land O'Lakes Butter, 1lb",406635,2026-06-05,1
6c0decf9-87c1-4231-b9c7-ac61ef620927,AR-3502,AR,382652812974,"Chobani Greek Yogurt, 32oz",L-1324,2026-06-21,1
bc983a57-dfdc-40e5-a47a-5d91d221dbee,AR-2619,AR,889391736613,Wonder Bread Classic White,L-1324,2026-08-05,1
9d7a2a82-0b8a-4c67-959b-4d65a1cfe84c,MO-3573,MO,701993641404,Blue Bell Vanilla Ice Cream,L-5740,2026-05-31,2
95779012-8dc7-440a-a198-6edcf058ab51,TX-3918,TX,701993641404,Blue Bell Vanilla Ice Cream,337807,2026-05-16,4
8a2adfec-b578-4a03-b87e-2aeda2d59038,CA-5114,CA,653374520407,"Land O'Lakes Butter, 1lb",250347,2026-06-08,2
6a361603-49c1-4538-80ba-7cde3496d10e,NM-5895,NM,808049347754,Nature Valley Granola Bars,L-4260,2026-07-17,1
b3b20fca-a21c-4f7e-af8e-e6dc042c7b02,AR-5919,AR,701993641404,Blue Bell Vanilla Ice Cream,406635,2026-06-26,1
e59f79d5-5eee-404c-aadd-032d837d33be,MO-5537,MO,382652812974,"Chobani Greek Yogurt, 32oz",L-4532,2026-04-16,4
377cb9c6-8162-4f49-bbb9-4647355cd62f,NM-2571,NM,653374520407,"Land O'Lakes Butter, 1lb",337807,2026-08-08,1
fd6bc325-491f-4ebe-b62a-f0d7c6d1a1f4,MS-6712,MS,382652812974,"Chobani Greek Yogurt, 32oz",250347,2026-05-20,4
4306bc07-b40c-44ce-b86c-0f7c3880a0a3,MO-3272,MO,889391736613,Wonder Bread Classic White,L-1324,2026-05-23,4
53859b83-a073-4c08-b60b-09c3584cb4e5,OK-1631,OK,889391736613,Wonder Bread Classic White,250347,2026-06-24,1
c54a97e1-8e4f-47a2-afa5-df961d8b2896,TX-3811,TX,701993641404,Blue Bell Vanilla Ice Cream,L-6480,2026-04-19,3
a9c187a2-dbd0-4595-8da7-93d51f2727c0,GA-2512,GA,889391736613,Wonder Bread Classic White,250347,2026-05-21,1
8d4620ef-62ac-4722-89d4-b9777c55fe42,FL-7455,FL,889391736613,Wonder Bread Classic White,L-1324,2026-05-29,4
90764e66-b249-45e5-a5bb-f963e1ba73d7,LA-8810,LA,680261188425,"Great Value 2% Milk, Gallon",L-1324,2026-07-10,4
d1abf61e-db2c-4a7c-8204-7b8eae33e839,MO-5892,MO,653374520407,"Land O'Lakes Butter, 1lb",L-4532,2026-07-27,1
d0a19041-3a61-4b94-88f2-a8e03e34b15a,FL-9646,FL,889391736613,Wonder Bread Classic White,L-1324,2026-05-08,4
19bfeaf1-fc69-4be3-9ee0-99f81d46c290,TX-2937,TX,808049347754,Nature Valley Granola Bars,L-5740,2026-06-25,3
2ed30af2-e52e-43dc-957e-2c44ed982025,MO-5421,MO,889391736613,Wonder Bread Classic White,L-4260,2026-07-01,4
5f4574f3-3701-48cf-938c-fd9e97998ee8,TX-1475,TX,889391736613,Wonder Bread Classic White,L-6480,2026-06-22,1
ebbe2b81-67a2-4352-a10a-9f6a16b072ca,FL-5472,FL,382652812974,"Chobani Greek Yogurt, 32oz",L-6480,2026-05-19,2
d7140e14-eae9-4fa3-a28e-104ac5d73169,OK-7996,OK,382652812974,"Chobani Greek Yogurt, 32oz",192729,2026-06-14,4
92ed8a82-6b50-4b64-8ce8-614e2e7b8b72,MO-8045,MO,889391736613,Wonder Bread Classic White,406635,2026-04-16,2
4234f27f-0c8d-4c7c-8606-3ea27b008c7a,CA-4867,CA,875113329103,"Tyson Chicken Breast, Family Pack",250347,2026-05-25,2
c2fbc952-acea-47ff-a285-936379a32437,MO-9123,MO,701993641404,Blue Bell Vanilla Ice Cream,L-5740,2026-04-21,4
0c71f8a1-474e-440a-82d0-54b85a119921,FL-1946,FL,382652812974,"Chobani Greek Yogurt, 32oz",406635,2026-07-17,3
1435fe39-76a0-414d-a551-bb5550bef0a6,GA-7809,GA,701993641404,Blue Bell Vanilla Ice Cream,L-1324,2026-07-21,1
222fa1c1-f025-417d-b585-0310ab4741dc,CA-2546,CA,889391736613,Wonder Bread Classic White,L-5740,2026-05-30,3
bdf8274a-f0cc-4855-ae76-f11eed71b4d6,MS-1417,MS,382652812974,"Chobani Greek Yogurt, 32oz",L-5740,2026-04-10,4
f92b535d-b8f9-4745-bb34-d6387c4528ef,TX-9702,TX,889391736613,Wonder Bread Classic White,250347,2026-05-21,4
dcb73ba0-6acd-4304-903b-470322a06df8,LA-2329,LA,382652812974,"Chobani Greek Yogurt, 32oz",L-4532,2026-04-23,2
5960a557-27af-4367-93d2-cf924c70b13f,TN-4477,TN,653374520407,"Land O'Lakes Butter, 1lb",L-7111,2026-04-11,4
951488a6-73a6-4009-bab5-3bd6433ec745,MS-7315,MS,875113329103,"Tyson Chicken Breast, Family Pack",L-4260,2026-06-03,4
de070a23-8629-4f19-a297-4389c8dab069,TN-9499,TN,610163406023,Folgers Classic Roast Coffee,L-6480,2026-07-29,3
b4f3e834-7775-4dc6-8216-6f478bcfe473,FL-8420,FL,653374520407,"Land O'Lakes Butter, 1lb",L-7111,2026-06-11,3
cc846ab1-d78c-415f-9b3c-f7d9a1529dc2,TX-2073,TX,382652812974,"Chobani Greek Yogurt, 32oz",L-6480,2026-04-14,1
f139b0a1-1a36-438f-b5c0-236ad3143ca2,TN-5212,TN,889391736613,Wonder Bread Classic White,L-4532,2026-08-12,2
86017e28-9c91-4887-917e-acba5d6c73c5,MS-3903,MS,889391736613,Wonder Bread Classic White,192729,2026-04-02,4
682af2a4-a2c0-4252-aec2-39e52b9ab9ef,AR-1803,AR,680261188425,"Great Value 2% Milk, Gallon",192729,2026-07-23,3
39ae4c5e-4c9f-412f-a626-4eaff1f38418,MS-1343,MS,057642652279,"Brookshire's Large Grade A Eggs, Dozen",0840962,2026-07-01,3
afe3c5ea-87ea-4f3f-9182-dd4cf9e07a29,MO-7149,MO,875113329103,"Tyson Chicken Breast, Family Pack",L-4532,2026-05-03,2
e05a281a-64b0-4884-b7f1-4d46272968d6,MO-8001,MO,382652812974,"Chobani Greek Yogurt, 32oz",L-5740,2026-06-09,2
4a8efa4b-d21f-43ab-9943-cf7190f3ba9a,LA-9082,LA,889391736613,Wonder Bread Classic White,L-4532,2026-04-27,3
29f86ede-b6c9-4450-97ac-e5bbaf5a360e,LA-5679,LA,610163406023,Folgers Classic Roast Coffee,337807,2026-07-19,2
b36e25ae-6df4-4206-bca8-f2d7421f6cfd,AR-8112,AR,808049347754,Nature Valley Granola Bars,192729,2026-06-24,3
dac37d2e-2ec2-404e-8b90-e9d7e09bb9c0,TX-1861,TX,808049347754,Nature Valley Granola Bars,L-5740,2026-05-02,4
dfb9aca2-c8fa-4b86-9073-e35583256b0f,OK-1040,OK,680261188425,"Great Value 2% Milk, Gallon",337807,2026-08-06,2
9bc5acaa-b570-44b4-ae60-6b19ca881170,NM-6098,NM,875113329103,"Tyson Chicken Breast, Family Pack",406635,2026-08-14,1
f9a7439f-c830-44ac-b42c-2be02470fc19,GA-2874,GA,875113329103,"Tyson Chicken Breast, Family Pack",L-7111,2026-05-21,4
dc93f926-4375-47c8-a804-52462c146781,TX-8126,TX,889391736613,Wonder Bread Classic White,L-5740,2026-08-15,1
3d08f533-3215-40a7-9d5f-c6ad1b6f19f6,OK-6995,OK,653374520407,"Land O'Lakes Butter, 1lb",L-6480,2026-08-13,3
570f534a-555c-4148-985c-2c4295b8996e,CA-6403,CA,680261188425,"Great Value 2% Milk, Gallon",L-1324,2026-08-04,1
b5d55784-be1a-4d35-9a24-e194e28e6dc0,GA-7806,GA,701993641404,Blue Bell Vanilla Ice Cream,L-4532,2026-05-26,2
a9b13c7b-7396-4e77-814f-14f261c039b0,NM-8103,NM,808049347754,Nature Valley Granola Bars,L-4532,2026-07-08,2
3cd270ce-0881-4c19-be0f-916148142877,AR-4998,AR,701993641404,Blue Bell Vanilla Ice Cream,192729,2026-06-15,4
08e8f9e1-e1f1-4b4f-8992-07a340ee3539,MO-4324,MO,889391736613,Wonder Bread Classic White,406635,2026-07-04,3
f5fd05b1-4379-4e3c-ab1d-2d81b9bcdbad,TN-1948,TN,610163406023,Folgers Classic Roast Coffee,250347,2026-04-23,1
2f2db9bb-ef68-49ab-9a79-2262ea71bc13,OK-9169,OK,808049347754,Nature Valley Granola Bars,L-1324,2026-04-28,4
b1d7ed85-c3bb-4971-b654-dfc56213cecc,CA-3948,CA,875113329103,"Tyson Chicken Breast, Family Pack",L-7111,2026-06-18,2
18365707-e719-475d-a19a-32713530a18d,GA-7614,GA,808049347754,Nature Valley Granola Bars,L-6480,2026-06-22,2
b7108105-1dea-45d7-aa27-24e52899f136,GA-7520,GA,808049347754,Nature Valley Granola Bars,L-4260,2026-08-05,2
fe4e9f98-e32c-4c94-90d6-a2f04033681d,CA-5736,CA,701993641404,Blue Bell Vanilla Ice Cream,250347,2026-08-12,1
d38eda62-e1d2-44de-8302-4d7764aac412,GA-1160,GA,701993641404,Blue Bell Vanilla Ice Cream,L-4532,2026-06-17,4
941e11bf-1b64-4670-922e-a5a839b672ce,OK-2785,OK,610163406023,Folgers Classic Roast Coffee,L-4260,2026-06-05,2
6f61d540-6a61-4fa6-b2c9-982dfec7e568,NM-7262,NM,701993641404,Blue Bell Vanilla Ice Cream,L-7111,2026-05-27,3
be1e99c3-2197-48ba-b4d4-bd9d2c800517,AL-6423,AL,889391736613,Wonder Bread Classic White,337807,2026-08-07,4
5383ebcb-c038-43f2-b992-f7003225e223,OK-1946,OK,875113329103,"Tyson Chicken Breast, Family Pack",L-6480,2026-04-25,4
9b5028f8-f4ff-439c-b90a-07e2b7e78c1e,TN-2709,TN,889391736613,Wonder Bread Classic White,L-1324,2026-04-28,3
4ed3ccfa-1b52-4edc-a53a-80883f8f6efa,MO-1360,MO,808049347754,Nature Valley Granola Bars,L-4532,2026-07-09,2
68765792-8c91-4357-99c9-4405444fbc5d,OK-4584,OK,610163406023,Folgers Classic Roast Coffee,192729,2026-04-14,4
9eb537ea-d989-49f9-8491-21e3387c149b,MO-5331,MO,889391736613,Wonder Bread Classic White,L-4260,2026-04-30,2
e52a005d-baa4-4d99-be46-a5d597a225dc,AR-7633,AR,610163406023,Folgers Classic Roast Coffee,337807,2026-05-26,1
573c199d-9d8b-4095-b478-89a61fd2ebbd,GA-6708,GA,610163406023,Folgers Classic Roast Coffee,192729,2026-04-05,3
2b093bda-e96c-402e-a028-c38de716008b,MS-2538,MS,610163406023,Folgers Classic Roast Coffee,L-4532,2026-04-28,3
29af5b21-3a4f-4a37-8a12-e22c515143c9,TX-1437,TX,701993641404,Blue Bell Vanilla Ice Cream,L-4260,2026-07-25,3
8fedaf97-b35d-42f6-8794-f5c22c43c75d,TN-8659,TN,610163406023,Folgers Classic Roast Coffee,406635,2026-05-24,3
cdb5349d-f4d9-4106-bf66-154533226058,AL-2407,AL,875113329103,"Tyson Chicken Breast, Family Pack",L-7111,2026-05-13,4
e0084ff5-27b8-4cdd-a713-1c02fb424392,FL-2178,FL,653374520407,"Land O'Lakes Butter, 1lb",L-4260,2026-06-27,4
23fdc72d-fc47-4548-85f8-2897be35e0fa,LA-4131,LA,701993641404,Blue Bell Vanilla Ice Cream,L-5740,2026-05-22,1
4d6cd82d-7193-46aa-b2ad-b0c277d4f95b,AR-3215,AR,610163406023,Folgers Classic Roast Coffee,406635,2026-07-13,3
91db73de-04b8-4273-b424-13b627a6ce35,NM-2464,NM,610163406023,Folgers Classic Roast Coffee,L-5740,2026-07-19,4
04f0be80-376d-4296-9a0e-15cf274fdb8d,AL-1879,AL,653374520407,"Land O'Lakes Butter, 1lb",L-6480,2026-07-02,4
7d702031-dcad-427a-b483-14634cc71915,TN-7368,TN,889391736613,Wonder Bread Classic White,L-6480,2026-07-22,4
7362b989-0053-40c0-a681-06ea3caec4c9,LA-8359,LA,610163406023,Folgers Classic Roast Coffee,L-5740,2026-04-28,1
a030712e-4658-4cc0-bbe8-1d872fc421f5,AR-3150,AR,701993641404,Blue Bell Vanilla Ice Cream,337807,2026-08-15,3
c9a84545-eac7-4c79-a6b3-7cfe69534188,CA-1506,CA,680261188425,"Great Value 2% Milk, Gallon",L-7111,2026-05-17,4
96613880-717f-446d-bac4-61242848dc15,TN-5910,TN,875113329103,"Tyson Chicken Breast, Family Pack",250347,2026-07-19,4
d188116d-f7d5-4042-9b35-32f680ad4666,AR-1830,AR,610163406023,Folgers Classic Roast Coffee,337807,2026-07-03,3
c5742ade-0de5-4538-b8f1-0691a1841f8c,MO-7752,MO,610163406023,Folgers Classic Roast Coffee,L-6480,2026-05-04,3
df262906-99c6-4b17-b191-ec116c073220,MS-5780,MS,382652812974,"Chobani Greek Yogurt, 32oz",192729,2026-05-12,4
82a9425f-817e-4566-bf2a-219bb500f7d2,AR-6699,AR,610163406023,Folgers Classic Roast Coffee,L-5740,2026-04-11,4
bc59d0ee-4d99-4622-8876-cabc21a74083,CA-6279,CA,889391736613,Wonder Bread Classic White,L-5740,2026-06-04,2
9599d920-315e-4761-8be2-32f57b8ce4b7,CA-2080,CA,382652812974,"Chobani Greek Yogurt, 32oz",L-1324,2026-07-13,3
b9b08e35-67e4-4361-812f-2df24d845fe2,TX-8761,TX,241490613039,"Simple Truth Large Grade A Eggs, Dozen",0840962,2026-07-07,3
a96115e1-50ab-4a3e-aa26-738f6e8da8f7,AL-8640,AL,382652812974,"Chobani Greek Yogurt, 32oz",250347,2026-07-07,2
cf201cb1-8f01-437a-95c4-959536a156d1,MO-8447,MO,701993641404,Blue Bell Vanilla Ice Cream,250347,2026-08-08,3
03225444-e1a1-4fc6-8631-3b90137d9ab1,NM-1870,NM,610163406023,Folgers Classic Roast Coffee,406635,2026-08-06,1
434c2619-ce3f-4f42-b0f9-bf7db09d3897,TX-3052,TX,610163406023,Folgers Classic Roast Coffee,L-7111,2026-06-06,3
a3ab0b3e-ddfd-4d53-aff6-09f6ab750ccb,CA-5164,CA,701993641404,Blue Bell Vanilla Ice Cream,337807,2026-06-13,4
5e7e5896-beba-4fde-a792-de2f8610e956,NM-2270,NM,875113329103,"Tyson Chicken Breast, Family Pack",337807,2026-07-18,2
0b2ae786-67fb-4e71-8434-1791a7e32553,OK-7567,OK,653374520407,"Land O'Lakes Butter, 1lb",L-7111,2026-07-20,1
2abcdc07-0a91-416f-b70f-f32724484596,OK-9898,OK,610163406023,Folgers Classic Roast Coffee,192729,2026-05-29,2
01bd4397-968a-4913-9384-3e6876bf83d5,AL-5015,AL,875113329103,"Tyson Chicken Breast, Family Pack",L-4260,2026-04-13,4
45c22230-fb13-48f3-94b2-65f413a2b21d,TX-3582,TX,653374520407,"Land O'Lakes Butter, 1lb",L-5740,2026-06-20,1
0c249df5-02fd-47ce-96f3-479e242ba398,AR-3339,AR,808049347754,Nature Valley Granola Bars,L-7111,2026-08-06,2
6e425b9d-2d3b-4f02-8b32-109cbe8dba24,AR-7171,AR,653374520407,"Land O'Lakes Butter, 1lb",L-1324,2026-07-31,2
30844457-64d4-407a-a634-a3d28de8167f,TX-7942,TX,889391736613,Wonder Bread Classic White,L-6480,2026-07-18,2
8fd2644c-5e2a-49d0-8abe-c70d4c1e910a,AR-7703,AR,610163406023,Folgers Classic Roast Coffee,406635,2026-04-03,3
218e106c-1070-40a5-b44d-788556594c02,NM-6774,NM,808049347754,Nature Valley Granola Bars,406635,2026-07-08,3
c194cf76-0981-493f-8516-3bc9359d2ad0,TN-2627,TN,808049347754,Nature Valley Granola Bars,192729,2026-07-16,4
f7b45bd8-e6b4-49ae-a06b-28a48667f81a,GA-5635,GA,680261188425,"Great Value 2% Milk, Gallon",250347,2026-06-10,2
251f2d90-9d0a-4efe-9cdc-3884f1626935,AL-7012,AL,808049347754,Nature Valley Granola Bars,L-7111,2026-07-24,3
49e0fd6f-bb36-4c71-adbd-917f3980cba5,MS-3725,MS,875113329103,"Tyson Chicken Breast, Family Pack",192729,2026-06-19,1
162bec7c-babe-49b5-8ceb-a7e4757943de,OK-5470,OK,680261188425,"Great Value 2% Milk, Gallon",250347,2026-07-05,4
f52453e4-4688-45ef-a2c8-00a4560c3a29,TN-3242,TN,701993641404,Blue Bell Vanilla Ice Cream,337807,2026-05-27,2
5d2ca0f3-30bf-4c79-91ca-32a4aaa208eb,LA-7428,LA,610163406023,Folgers Classic Roast Coffee,L-4260,2026-04-08,1
68e6e5e7-b5e4-47e7-93c4-100f4722be7e,MO-2849,MO,701993641404,Blue Bell Vanilla Ice Cream,L-4532,2026-06-03,2
eac5b71f-1aa8-4a9f-beeb-299d223b6ceb,GA-7316,GA,382652812974,"Chobani Greek Yogurt, 32oz",L-7111,2026-05-11,4
1711cf69-e304-4d8b-94ca-4fa0234eb839,MO-6647,MO,875113329103,"Tyson Chicken Breast, Family Pack",250347,2026-05-21,1
3c1ef0ab-4bc8-42dd-a1af-5b311b0d892e,MS-1868,MS,610163406023,Folgers Classic Roast Coffee,L-6480,2026-06-22,4
ef494dfd-a4cc-4fc8-bd6c-5f86a574c62a,MO-4374,MO,382652812974,"Chobani Greek Yogurt, 32oz",250347,2026-04-24,3
6398c834-ac38-423d-857e-33edabe664dd,NM-8600,NM,653374520407,"Land O'Lakes Butter, 1lb",337807,2026-08-12,2
389382f2-7399-484e-8a25-c7cfae44c67c,AL-9738,AL,680261188425,"Great Value 2% Milk, Gallon",L-5740,2026-05-05,1
599d4882-86e8-4e06-8fde-05e15e9997b7,MO-7731,MO,653374520407,"Land O'Lakes Butter, 1lb",L-1324,2026-04-11,1
b9a07d92-2721-4a24-a41d-b1592bd4d44d,AR-2045,AR,680261188425,"Great Value 2% Milk, Gallon",250347,2026-05-27,2
3702b964-f927-43d9-8aee-db49c0726b62,CA-4289,CA,382652812974,"Chobani Greek Yogurt, 32oz",192729,2026-07-18,3
4c5267d5-e01e-4404-8181-03b7b68f3f68,MO-9111,MO,653374520407,"Land O'Lakes Butter, 1lb",L-1324,2026-04-27,1
e165167f-0715-4f58-9c7d-f669271dfe68,FL-1109,FL,653374520407,"Land O'Lakes Butter, 1lb",250347,2026-05-14,1
b911a865-c3be-4aeb-b60b-8a1cf4c10802,OK-2714,OK,680261188425,"Great Value 2% Milk, Gallon",L-6480,2026-06-12,4
5195b768-1ad5-4e87-8b5c-8053d592e2e0,OK-9761,OK,808049347754,Nature Valley Granola Bars,L-4532,2026-05-14,2
fe750631-2a62-4e66-93da-900b5fec47ce,AL-8628,AL,875113329103,"Tyson Chicken Breast, Family Pack",406635,2026-07-30,3
de9b03de-080a-4655-aae3-db409120b841,MO-3109,MO,875113329103,"Tyson Chicken Breast, Family Pack",250347,2026-05-23,4
be6f17d9-24aa-4505-971c-af50c5332f49,TN-9937,TN,875113329103,"Tyson Chicken Breast, Family Pack",L-4532,2026-07-20,4
f8d93f64-5d89-4d3a-afb7-db0c4fbc6a21,AR-7165,AR,859982493629,"Country Morning Large Grade A Eggs, Dozen",0840962,2026-07-07,2
a6424052-fc37-41c0-939a-0be3e59f3be9,LA-4776,LA,653374520407,"Land O'Lakes Butter, 1lb",L-1324,2026-05-13,2
4f0e3f8b-e02e-4a97-8055-f1058cd6e910,TN-4071,TN,889391736613,Wonder Bread Classic White,L-6480,2026-07-17,4
5cf7b7e9-677d-4e62-aaad-aa8a19e3fe9b,NM-7139,NM,808049347754,Nature Valley Granola Bars,337807,2026-08-15,1
e69babd1-6c43-4bb3-94d1-5228747a83ae,AR-9002,AR,653374520407,"Land O'Lakes Butter, 1lb",192729,2026-06-26,3
024e0ad8-56d7-445a-960c-5be3a694e36a,FL-7088,FL,610163406023,Folgers Classic Roast Coffee,250347,2026-04-20,4
fcbb8d7b-9536-4468-a6cc-6fd83b155bf6,AR-5776,AR,653374520407,"Land O'Lakes Butter, 1lb",406635,2026-08-03,2
dad6064b-6ca5-484f-9749-d531ffb2a9e9,LA-3450,LA,889391736613,Wonder Bread Classic White,L-4260,2026-05-20,1
f701d89f-2f8d-4615-b872-1d4a5b97a47f,TX-3208,TX,875113329103,"Tyson Chicken Breast, Family Pack",L-7111,2026-05-20,1
98931d73-4a00-41be-a51a-0d0f6ac20b2b,MO-5011,MO,382652812974,"Chobani Greek Yogurt, 32oz",192729,2026-05-09,4
4d0c3273-3e8a-4d87-9ffa-35d8c8533448,AR-8333,AR,889391736613,Wonder Bread Classic White,L-4532,2026-07-08,3
5471ab15-4860-4f74-91fa-63dab6978da8,MS-9266,MS,808049347754,Nature Valley Granola Bars,L-6480,2026-06-16,4
357a1cfb-6b9a-4d27-ab20-84e147a7e126,OK-8366,OK,808049347754,Nature Valley Granola Bars,L-7111,2026-08-11,3
5528c38f-dc7b-479b-b47a-169edab24bc8,OK-2352,OK,680261188425,"Great Value 2% Milk, Gallon",L-4532,2026-06-20,1
04556b48-b736-44e5-98ba-04a1dc9c2f12,MS-2117,MS,808049347754,Nature Valley Granola Bars,337807,2026-04-15,2
c2548d55-d49f-462f-b3bd-965b5197fd32,OK-9264,OK,701993641404,Blue Bell Vanilla Ice Cream,L-5740,2026-05-17,4
239b76a9-7310-4a7f-a000-c58e3b003d0d,CA-1900,CA,653374520407,"Land O'Lakes Butter, 1lb",337807,2026-07-31,2
0f90d364-675d-4d04-92d2-dab15c1d35dd,AR-2475,AR,382652812974,"Chobani Greek Yogurt, 32oz",L-7111,2026-07-26,1
bfb2c7d9-b4a3-45aa-848a-135256eb46b5,OK-9995,OK,382652812974,"Chobani Greek Yogurt, 32oz",L-4260,2026-07-17,4
c69c6ab4-0113-45d8-9fbb-0e5e14ca886c,CA-5007,CA,382652812974,"Chobani Greek Yogurt, 32oz",L-4532,2026-06-21,4
85c3d29c-eb61-4ccb-991d-3a6b57fdbaa6,FL-8167,FL,701993641404,Blue Bell Vanilla Ice Cream,L-7111,2026-07-19,3
a5f4cc32-7a62-49ae-bf4a-c4bf306b1164,TX-1752,TX,680261188425,"Great Value 2% Milk, Gallon",L-7111,2026-06-27,2
045fde05-d1fb-444a-8d09-eb6f2ff60156,FL-7531,FL,382652812974,"Chobani Greek Yogurt, 32oz",250347,2026-05-01,4
697554fc-a2bc-476c-8aea-ea215da33a4e,MO-7049,MO,610163406023,Folgers Classic Roast Coffee,192729,2026-07-15,2
6df0ce45-44f4-4233-95d5-a720e35dda8f,CA-7043,CA,808049347754,Nature Valley Granola Bars,L-7111,2026-06-10,4
867317af-ca9a-4428-93a8-0cb8f848b199,LA-4935,LA,680261188425,"Great Value 2% Milk, Gallon",L-7111,2026-07-27,3
76c3de93-a49e-4837-a486-e1185a595ab8,GA-1006,GA,808049347754,Nature Valley Granola Bars,L-5740,2026-06-28,4
038a8fcb-d7fb-44e6-b8dd-b966540cb462,TN-9227,TN,889391736613,Wonder Bread Classic White,L-4260,2026-04-18,2
83d9c605-fd33-4408-8695-14aa2cc7a4c7,TN-7619,TN,889391736613,Wonder Bread Classic White,337807,2026-08-12,3
73986779-4158-4040-8ef7-a5488fc58668,TX-4269,TX,701993641404,Blue Bell Vanilla Ice Cream,250347,2026-06-17,2
9bae790b-19b5-478a-8499-239bd9bca941,OK-4727,OK,382652812974,"Chobani Greek Yogurt, 32oz",406635,2026-07-27,2
3d7533f2-7a93-4c70-a959-d7212d791e6b,CA-2133,CA,610163406023,Folgers Classic Roast Coffee,L-5740,2026-05-17,3
6b73460a-5dc8-4db7-87a4-ad400d2a79d5,GA-8569,GA,610163406023,Folgers Classic Roast Coffee,L-5740,2026-05-31,3
f4f7b157-b968-4e31-a199-7240a03fbf16,OK-7068,OK,680261188425,"Great Value 2% Milk, Gallon",L-4260,2026-06-20,1
d7d63b82-9f77-4bcd-a945-01d77ad0fbb4,TX-2760,TX,889391736613,Wonder Bread Classic White,L-7111,2026-07-22,2
ce2d6fa2-3db0-4148-a79a-44017cbac926,GA-3003,GA,808049347754,Nature Valley Granola Bars,L-6480,2026-04-11,3
101dd3c8-60eb-4f66-a404-77f77cc8a373,TX-2399,TX,808049347754,Nature Valley Granola Bars,337807,2026-06-26,4
7fe4f0bc-285b-477c-a241-5011f8c217d6,LA-9248,LA,808049347754,Nature Valley Granola Bars,L-4532,2026-06-18,2
4d601bf4-6167-449f-bbce-d2310abd492c,CA-5214,CA,875113329103,"Tyson Chicken Breast, Family Pack",L-6480,2026-04-09,1
f23ca079-4485-4d5c-b0a9-fb436a599ec2,TX-1851,TX,610163406023,Folgers Classic Roast Coffee,L-7111,2026-05-29,1
61f51f47-e356-4fc6-80e4-4593be9f162a,NM-6839,NM,146279721070,"Sunups Large Grade A Eggs, Dozen",P-1950,2026-07-10,2
71a611c4-cda4-46ab-a19c-55e77f32615c,AL-4283,AL,610163406023,Folgers Classic Roast Coffee,L-5740,2026-05-25,3
8996115e-7287-41e0-adf3-7dbaf158bc53,TN-4400,TN,701993641404,Blue Bell Vanilla Ice Cream,406635,2026-08-05,1
26457367-5049-4912-8049-127a0752d0cc,OK-1245,OK,701993641404,Blue Bell Vanilla Ice Cream,337807,2026-04-24,4
36b1a87b-c3bf-4d5e-b152-a0b0543deb62,AR-7778,AR,875113329103,"Tyson Chicken Breast, Family Pack",192729,2026-06-10,1
212d0759-1d14-4746-a1e1-721f3d49c195,NM-8250,NM,610163406023,Folgers Classic Roast Coffee,L-4532,2026-08-09,3
8b6dc6d3-cc14-4afa-bc23-a77f43cf5284,MO-1115,MO,875113329103,"Tyson Chicken Breast, Family Pack",L-4532,2026-07-18,4
c0a1905a-d0d9-4e7d-b47f-6adfb549272f,LA-2797,LA,889391736613,Wonder Bread Classic White,L-4532,2026-05-11,2
b8fd4cbb-d34b-4cee-b05a-07e0d66aab32,AL-9271,AL,653374520407,"Land O'Lakes Butter, 1lb",192729,2026-05-30,3
fc26a761-3ac2-4f19-b403-88492bbd4188,GA-8370,GA,889391736613,Wonder Bread Classic White,406635,2026-04-12,2
82fa02dc-3c1f-42c7-ba6e-efedb1e0d7d5,LA-4324,LA,889391736613,Wonder Bread Classic White,337807,2026-06-12,1
24775bb0-9629-4c09-a081-aded812b358e,CA-9063,CA,701993641404,Blue Bell Vanilla Ice Cream,L-6480,2026-07-24,4
a77ae188-1b99-4639-8a50-53f65a0ec6e8,TX-7046,TX,653374520407,"Land O'Lakes Butter, 1lb",250347,2026-07-09,4
35278e2a-5211-41f0-9550-a03585fdcb1b,AL-1503,AL,382652812974,"Chobani Greek Yogurt, 32oz",337807,2026-06-24,3
79a0b6c9-0181-4348-a525-4f39e4add2b6,MS-8763,MS,808049347754,Nature Valley Granola Bars,L-6480,2026-04-09,4
7f6c3106-e1b6-4f93-a9ac-a184bb35d1eb,GA-5388,GA,382652812974,"Chobani Greek Yogurt, 32oz",406635,2026-06-19,1
b616586e-8df3-4cf2-84ad-1a28a9d0a02c,OK-2979,OK,889391736613,Wonder Bread Classic White,337807,2026-07-15,4
7126ca16-6652-4e16-aff3-65ee52d7d2d7,GA-1517,GA,808049347754,Nature Valley Granola Bars,406635,2026-07-09,3
dd8265d1-3542-4c77-9c40-499af1260646,MO-7761,MO,701993641404,Blue Bell Vanilla Ice Cream,L-4260,2026-07-10,2
d0116f9a-d03d-49f8-8738-b6983be1f75d,MS-1920,MS,680261188425,"Great Value 2% Milk, Gallon",L-4260,2026-05-06,1
620a1d05-3673-4d50-beea-5d10b6e1d156,TN-2421,TN,808049347754,Nature Valley Granola Bars,L-7111,2026-05-14,1
11df3517-f063-44fd-b5b2-68dc062ca769,FL-7295,FL,610163406023,Folgers Classic Roast Coffee,L-4260,2026-07-22,4
9b1082ba-86f8-4dee-a3dc-01c2f477e7d8,OK-8234,OK,875113329103,"Tyson Chicken Breast, Family Pack",250347,2026-06-11,3
f2caa761-da47-4936-ab56-73f18f6b70ce,AR-2090,AR,680261188425,"Great Value 2% Milk, Gallon",192729,2026-07-06,2
01b9f97b-1f98-482a-b713-3261031e5d23,LA-9613,LA,382652812974,"Chobani Greek Yogurt, 32oz",L-4260,2026-07-07,2
f1b5cd05-d24c-4675-9d2c-f99e14aa9589,AR-4785,AR,382652812974,"Chobani Greek Yogurt, 32oz",L-5740,2026-07-01,3
4fc64716-b904-4811-80bc-a3abd0d82ef1,AL-9814,AL,889391736613,Wonder Bread Classic White,406635,2026-04-03,2
ce29813e-791c-4957-b5d2-e4c0b0fe802c,OK-4016,OK,889391736613,Wonder Bread Classic White,406635,2026-06-01,3
7dbb9744-492b-40f2-a4d7-4ed890e591b3,MS-8690,MS,382652812974,"Chobani Greek Yogurt, 32oz",L-1324,2026-07-18,2
33c7575a-a68a-4cf0-86a8-1dd08132d146,LA-8969,LA,610163406023,Folgers Classic Roast Coffee,337807,2026-04-24,2
7193601b-eb7c-455b-b85f-031d9edaba62,TX-8654,TX,610163406023,Folgers Classic Roast Coffee,337807,2026-04-08,1
d2f6af5f-3d77-4f8f-891a-0827a3f85ef7,GA-1737,GA,889391736613,Wonder Bread Classic White,L-1324,2026-07-31,2
f60c79f2-c638-49a9-a3f7-7711ec8a5d7c,LA-7849,LA,382652812974,"Chobani Greek Yogurt, 32oz",L-5740,2026-06-12,4
1d1b40cf-62d2-4556-9095-1404c792814c,LA-8701,LA,653374520407,"Land O'Lakes Butter, 1lb",L-4532,2026-04-06,3
4631802a-fca8-490c-ac6d-46cbba00f956,GA-5105,GA,680261188425,"Great Value 2% Milk, Gallon",L-1324,2026-05-27,2
9ad3a557-aff5-4dc3-bede-1e27602a844f,TX-8943,TX,610163406023,Folgers Classic Roast Coffee,L-1324,2026-06-07,3
fdc32f23-7cb7-43b8-8909-8920be151046,FL-8738,FL,653374520407,"Land O'Lakes Butter, 1lb",L-7111,2026-04-13,3
a6047595-7333-44a4-950b-136f37599772,GA-4203,GA,680261188425,"Great Value 2% Milk, Gallon",L-5740,2026-07-27,2
59a13e21-254d-4a54-bbe5-c9f8e4b0497d,OK-5761,OK,610163406023,Folgers Classic Roast Coffee,L-4532,2026-06-22,3
f65c76c8-1b54-4e00-a5e4-101e44c4263e,GA-8950,GA,808049347754,Nature Valley Granola Bars,L-4260,2026-07-18,1
6e2edc11-9f18-433a-819e-f5d640b2e424,FL-6630,FL,610163406023,Folgers Classic Roast Coffee,L-6480,2026-05-26,4
bd3b15a8-d4a0-4562-a802-b844acb2f690,GA-9486,GA,701993641404,Blue Bell Vanilla Ice Cream,L-6480,2026-08-09,4
c496690e-6daa-400e-ab7d-3e72969ff96b,GA-7473,GA,889391736613,Wonder Bread Classic White,250347,2026-05-01,1
46ce1676-b428-46dd-9a9e-16a8d84dce9f,LA-7953,LA,701993641404,Blue Bell Vanilla Ice Cream,L-1324,2026-05-26,1
e6fa0653-cbf2-491f-9deb-1c5e3ca68e0a,OK-4732,OK,808049347754,Nature Valley Granola Bars,192729,2026-04-24,3
5f564216-8e8f-4099-9cac-f1687fd0519b,MS-8559,MS,610163406023,Folgers Classic Roast Coffee,337807,2026-06-12,3
bf3fa78a-14d3-4746-9507-bd641c32956e,OK-8685,OK,382652812974,"Chobani Greek Yogurt, 32oz",L-5740,2026-04-02,4
44a890f0-a168-4d07-9827-301e12818fe4,MO-9473,MO,653374520407,"Land O'Lakes Butter, 1lb",L-5740,2026-05-10,1
40d03288-4350-4f5b-adfb-a270c991408d,TX-9132,TX,653374520407,"Land O'Lakes Butter, 1lb",406635,2026-04-14,1
cfcca913-b0ac-47dc-88ed-e1b2185a17fd,MS-5154,MS,382652812974,"Chobani Greek Yogurt, 32oz",L-5740,2026-05-31,4
fb02ee20-b315-42f7-9540-c9250e664a78,AR-7735,AR,610163406023,Folgers Classic Roast Coffee,L-4260,2026-06-18,2
b050b834-25ec-4361-89b1-b5736b93974b,LA-8278,LA,889391736613,Wonder Bread Classic White,L-5740,2026-07-25,2
cf2004ea-8033-45d1-9dc7-09ec409ad3e2,LA-8912,LA,889391736613,Wonder Bread Classic White,192729,2026-08-11,4
b1635cd3-9c9e-401c-a235-ba5f8678d9b3,CA-6062,CA,653374520407,"Land O'Lakes Butter, 1lb",192729,2026-06-13,4
e1ec20ee-b879-44e9-bdee-987897054248,MO-4450,MO,610163406023,Folgers Classic Roast Coffee,250347,2026-06-04,1
49e2a65e-d6c9-468e-8cad-64176198b993,AL-5366,AL,875113329103,"Tyson Chicken Breast, Family Pack",192729,2026-06-13,1
990d8f82-d368-4d21-aade-f21f781bdb58,CA-8163,CA,889391736613,Wonder Bread Classic White,337807,2026-04-16,2
8a67bc19-fcb3-4969-a883-4f2f611d6b9b,GA-8771,GA,701993641404,Blue Bell Vanilla Ice Cream,L-1324,2026-06-14,1
6401b404-8254-439e-803f-53dc54b80345,LA-4020,LA,808049347754,Nature Valley Granola Bars,L-6480,2026-06-30,1
7a6018cb-e905-491d-8bc1-9361f734838b,MS-8629,MS,701993641404,Blue Bell Vanilla Ice Cream,192729,2026-07-07,3
375f5788-0799-4f86-9141-42d52808735e,FL-4740,FL,808049347754,Nature Valley Granola Bars,L-4260,2026-07-04,2
11b1f123-c11c-4878-b977-3cab7ffff9f5,GA-3891,GA,875113329103,"Tyson Chicken Breast, Family Pack",192729,2026-06-12,4
83b37d79-7558-47cb-8d65-c0aa06d44da2,MO-5249,MO,610163406023,Folgers Classic Roast Coffee,L-7111,2026-07-20,1
d7ccbcc6-a52d-42db-a631-1eb719caa0ff,GA-6512,GA,610163406023,Folgers Classic Roast Coffee,L-6480,2026-06-15,1
821a922a-62ed-4214-8a0c-ca5ef3ec4fb9,CA-4753,CA,653374520407,"Land O'Lakes Butter, 1lb",406635,2026-04-06,1
fdfeddb4-6bfc-4c6a-93de-6f636c3a3912,GA-7026,GA,653374520407,"Land O'Lakes Butter, 1lb",L-1324,2026-07-25,3
43d3a0be-88d4-41c3-98d9-b65f61319cf8,NM-2471,NM,808049347754,Nature Valley Granola Bars,L-4260,2026-06-11,4
0d6fa8d3-414c-4d98-b865-2c3eb7c54ef4,OK-4864,OK,382652812974,"Chobani Greek Yogurt, 32oz",406635,2026-04-11,1
901de384-89bd-40a0-b954-57b44ebecebd,MO-9076,MO,680261188425,"Great Value 2% Milk, Gallon",L-4260,2026-05-25,1
076adc3a-d00e-4da3-891b-dd6faf0f62bd,MS-3372,MS,653374520407,"Land O'Lakes Butter, 1lb",L-7111,2026-08-12,1
de1059ab-286e-4f7a-aa6f-5d26f440aba7,CA-7659,CA,889391736613,Wonder Bread Classic White,L-6480,2026-05-22,3
3b6d4ca1-b8c3-4c8e-9094-3a13e0edaf11,MO-9552,MO,875113329103,"Tyson Chicken Breast, Family Pack",250347,2026-04-29,4
1ef26f19-c3e0-48d3-a258-0356a98d5d64,OK-9091,OK,875113329103,"Tyson Chicken Breast, Family Pack",192729,2026-05-20,4
5f45861e-5280-48cd-9ad3-94839376ca4f,AL-5945,AL,382652812974,"Chobani Greek Yogurt, 32oz",192729,2026-05-25,2
9f3eb053-9b80-4a4c-8ec0-3192aa0f7d51,FL-1631,FL,382652812974,"Chobani Greek Yogurt, 32oz",L-7111,2026-06-28,1
934da9fb-3882-450a-b322-f427e2745725,TX-3480,TX,653374520407,"Land O'Lakes Butter, 1lb",L-6480,2026-04-27,3
2ad40e24-5300-4214-b516-9e10ee8847a1,GA-8835,GA,610163406023,Folgers Classic Roast Coffee,250347,2026-08-10,1
d51cfad2-2ed8-4ec3-8fdf-b7cc1fc4f693,CA-1381,CA,875113329103,"Tyson Chicken Breast, Family Pack",337807,2026-05-07,1
59fe2c3e-372e-410b-9aae-da2ed2c3da52,TX-2908,TX,808049347754,Nature Valley Granola Bars,L-1324,2026-04-12,2
ae22942b-4281-47d5-b1d4-3d00c28872df,AL-5609,AL,875113329103,"Tyson Chicken Breast, Family Pack",L-4532,2026-07-16,3
bd1e08bf-f634-4879-b954-f497e8a0fbbc,OK-2782,OK,382652812974,"Chobani Greek Yogurt, 32oz",L-5740,2026-07-06,2
a11b30f4-5801-42b8-b6bd-1bbf56d1d6ee,AL-6059,AL,808049347754,Nature Valley Granola Bars,192729,2026-07-24,3
a5eca834-b61b-4f67-8995-54406a4c66e5,FL-2131,FL,610163406023,Folgers Classic Roast Coffee,192729,2026-07-28,1
068dbe49-53a3-4517-9834-9e407fa9a044,FL-3175,FL,610163406023,Folgers Classic Roast Coffee,337807,2026-05-29,2
365a7b03-d800-4386-9959-eb9fa6cbf58d,TN-2266,TN,653374520407,"Land O'Lakes Butter, 1lb",L-4260,2026-06-04,3
a5457e5e-648c-48b3-ac35-5d9b4212356a,NM-7112,NM,610163406023,Folgers Classic Roast Coffee,L-5740,2026-04-18,3
b6e8e500-1685-4356-8d69-dd68d8a503f8,OK-9826,OK,680261188425,"Great Value 2% Milk, Gallon",406635,2026-08-02,2
e856fecd-5345-4ec0-a431-595bd3cbb20a,MO-5350,MO,701993641404,Blue Bell Vanilla Ice Cream,L-4532,2026-05-30,1
6d7ef3d4-6c8c-4cf8-a638-bfc19fff897d,CA-8455,CA,653374520407,"Land O'Lakes Butter, 1lb",L-6480,2026-06-12,2
de92b410-933e-494d-a79b-1bf681d11b7d,CA-4280,CA,808049347754,Nature Valley Granola Bars,406635,2026-08-08,2
b1dfac36-8f68-4a68-9f21-467e8bae6bf0,OK-7798,OK,653374520407,"Land O'Lakes Butter, 1lb",406635,2026-06-08,4
9997fbc1-e750-4a2e-8f2b-484483b02c73,AL-3167,AL,680261188425,"Great Value 2% Milk, Gallon",192729,2026-05-02,2
b6bea86c-60b1-4882-8b2f-2c1cefbd7756,LA-5705,LA,610163406023,Folgers Classic Roast Coffee,L-7111,2026-04-15,3
2f0a1f78-0ff7-4fe6-aabc-52210ffd7d53,AL-8514,AL,701993641404,Blue Bell Vanilla Ice Cream,L-4532,2026-06-18,4
7d357744-1d44-4353-af72-44d11609f7e0,CA-4052,CA,680261188425,"Great Value 2% Milk, Gallon",L-4532,2026-05-04,1
d48e9480-148f-4ddf-a763-d0918f5bdfad,MS-8558,MS,610163406023,Folgers Classic Roast Coffee,L-7111,2026-06-01,3
30bae660-3bc0-4401-b38b-af9b6852a5ee,FL-3682,FL,701993641404,Blue Bell Vanilla Ice Cream,L-4532,2026-05-15,4
7f59a9a5-a41a-4507-af49-1f6886f50611,AR-9168,AR,146279721070,"Sunups Large Grade A Eggs, Dozen",0840962,2026-06-29,2
eaad3c76-9ffd-4120-9e80-b7bea573b471,AR-2802,AR,653374520407,"Land O'Lakes Butter, 1lb",L-7111,2026-07-16,2
e34425bd-d7d4-4f34-bf29-fd9c86271641,GA-2823,GA,382652812974,"Chobani Greek Yogurt, 32oz",L-4260,2026-06-19,3
a6529bf4-9d08-4854-a6b0-0db151870ec3,TX-7634,TX,875113329103,"Tyson Chicken Breast, Family Pack",L-7111,2026-06-03,1
84dc8293-e525-41ad-b0b4-87fdd82318bc,OK-4919,OK,680261188425,"Great Value 2% Milk, Gallon",337807,2026-04-23,1
a4760cf7-0431-4a04-b466-9aa7fa934046,AR-2992,AR,382652812974,"Chobani Greek Yogurt, 32oz",192729,2026-07-31,2
fbc8a307-9b9e-43c1-80de-16eb646b4390,LA-3544,LA,680261188425,"Great Value 2% Milk, Gallon",L-6480,2026-08-01,3
d8afdc20-cb70-41e0-8d7f-6ea178be29c7,TN-4110,TN,889391736613,Wonder Bread Classic White,406635,2026-04-22,1
193f04a1-12c2-43a4-8964-518b8702dc83,MS-2463,MS,875113329103,"Tyson Chicken Breast, Family Pack",L-7111,2026-06-03,4
b61c49c1-106c-4104-bc8c-97f3239240c6,OK-2373,OK,875113329103,"Tyson Chicken Breast, Family Pack",L-6480,2026-05-16,1
71419850-e147-46e8-b89f-a1f11dae2e44,LA-5578,LA,610163406023,Folgers Classic Roast Coffee,L-7111,2026-04-03,2
ef7a624a-d7e7-409e-8384-0a150be0d383,MO-2389,MO,808049347754,Nature Valley Granola Bars,250347,2026-05-31,2
e12c0946-8b8f-4a9b-b167-007dfe528e53,MS-3953,MS,875113329103,"Tyson Chicken Breast, Family Pack",406635,2026-06-10,3
c7b821ff-4e47-4cb1-98d5-64760e1becc3,AL-5767,AL,680261188425,"Great Value 2% Milk, Gallon",250347,2026-08-04,2
d0c2c334-77d9-423a-adb0-88d3390eb2d0,OK-7803,OK,680261188425,"Great Value 2% Milk, Gallon",L-5740,2026-04-01,1
94f5ae5c-0962-49e6-b7ad-b84e09130733,AL-4261,AL,653374520407,"Land O'Lakes Butter, 1lb",L-7111,2026-07-21,2
b5e36889-38e0-4277-a375-a49c5107104c,MS-3270,MS,653374520407,"Land O'Lakes Butter, 1lb",192729,2026-07-04,1
810bd761-4e05-4247-b218-642635623892,AR-6025,AR,889391736613,Wonder Bread Classic White,L-4532,2026-07-23,4
0f324ca4-59d6-4679-b458-c05c48ea84fe,AL-5581,AL,680261188425,"Great Value 2% Milk, Gallon",L-5740,2026-04-09,1
e5349585-100d-4ab9-9b46-8b1f5d4a481b,OK-8702,OK,701993641404,Blue Bell Vanilla Ice Cream,L-1324,2026-05-03,4
73e48043-d806-4b24-a98a-53749031c59e,FL-7517,FL,610163406023,Folgers Classic Roast Coffee,L-4260,2026-08-11,3
2646c96e-4678-4ebc-97cf-e0676a814f1f,TN-2833,TN,382652812974,"Chobani Greek Yogurt, 32oz",337807,2026-06-19,3
5c100110-1f0e-42a6-9907-7599c9df239d,LA-1881,LA,889391736613,Wonder Bread Classic White,L-4260,2026-06-27,2
a0526a96-f65d-408f-90e0-5870bb171412,CA-2978,CA,889391736613,Wonder Bread Classic White,192729,2026-05-30,3
be7ea7c4-bac2-4c7e-a6df-87a3b40121bc,MS-5222,MS,653374520407,"Land O'Lakes Butter, 1lb",L-1324,2026-04-28,4
06ffcd71-cdbe-4c8c-a259-a13a378530ee,FL-2279,FL,382652812974,"Chobani Greek Yogurt, 32oz",L-1324,2026-04-30,2
735aaf99-7494-4fce-82c1-2d5f36f9dac7,LA-2077,LA,680261188425,"Great Value 2% Milk, Gallon",337807,2026-06-22,4
af225150-c2c7-4043-a3ef-ce6b164118bf,MS-2585,MS,875113329103,"Tyson Chicken Breast, Family Pack",406635,2026-07-10,1
ed2f2c5b-e6d7-475a-9ea1-51b3da7429f5,NM-8909,NM,808049347754,Nature Valley Granola Bars,192729,2026-04-06,4
e5100d23-7a67-48a4-9cf2-8de3988ad7b5,LA-8689,LA,875113329103,"Tyson Chicken Breast, Family Pack",L-1324,2026-07-30,4
3f04bbff-ab55-4a63-89cd-d1bb3bc02160,AL-6501,AL,680261188425,"Great Value 2% Milk, Gallon",192729,2026-04-29,1
91971ed9-792b-4cf4-936e-a54cf160c93f,GA-6558,GA,889391736613,Wonder Bread Classic White,L-4260,2026-04-25,3
c2e9652d-c310-4e35-80bb-fc2b3e7eb3b8,AR-4910,AR,889391736613,Wonder Bread Classic White,250347,2026-04-27,3
ce34cfa9-4697-4129-8b0a-7c4166060be7,LA-9156,LA,610163406023,Folgers Classic Roast Coffee,L-4532,2026-05-20,1
429fad28-163c-41f7-b38d-b7b15d311795,MO-6245,MO,653374520407,"Land O'Lakes Butter, 1lb",L-4260,2026-05-01,3
45470b42-5c8a-4d30-bda9-1750c34b7bc6,AL-9485,AL,808049347754,Nature Valley Granola Bars,L-5740,2026-07-09,2
8f1779d7-f40f-4e20-a92c-6fafcb45632e,AL-2102,AL,653374520407,"Land O'Lakes Butter, 1lb",L-1324,2026-08-11,3
0a00bc3a-bbd8-47bf-9730-32474824a2df,LA-9410,LA,680261188425,"Great Value 2% Milk, Gallon",L-5740,2026-07-09,4
7ca6fa51-ca96-4139-b37d-26a62c27c753,TX-1900,TX,808049347754,Nature Valley Granola Bars,192729,2026-04-21,3
bf2e50e4-bcf1-45d1-822f-3e2bd4690450,GA-8479,GA,653374520407,"Land O'Lakes Butter, 1lb",406635,2026-05-29,1
46b5c6e7-c1c8-4768-a280-c5721bf9a338,TX-8211,TX,808049347754,Nature Valley Granola Bars,L-4532,2026-04-25,4
79573508-311d-4af9-983c-844446833706,GA-4670,GA,701993641404,Blue Bell Vanilla Ice Cream,L-6480,2026-04-27,3
39b555c0-e36e-4f9f-9525-f8ceaa926fd7,FL-8275,FL,808049347754,Nature Valley Granola Bars,406635,2026-05-25,1
730ac75d-c27d-4774-8c50-136968a4956f,CA-9923,CA,653374520407,"Land O'Lakes Butter, 1lb",L-6480,2026-05-31,4
c52ec539-ac36-4a33-b71e-509038e489fd,NM-1245,NM,610163406023,Folgers Classic Roast Coffee,406635,2026-04-07,4
f7514821-30bb-4fe1-a181-d0671d0f348f,FL-1028,FL,382652812974,"Chobani Greek Yogurt, 32oz",L-1324,2026-05-30,3
f58eb7eb-159a-4966-a6e9-5b106452e817,NM-8870,NM,889391736613,Wonder Bread Classic White,L-4532,2026-04-27,1
d2973651-86c4-4588-ab79-61614051251e,TN-8586,TN,701993641404,Blue Bell Vanilla Ice Cream,250347,2026-04-21,2
cfaaa106-3584-4603-9296-857f45f2984b,FL-2037,FL,889391736613,Wonder Bread Classic White,L-7111,2026-08-10,2
c87e708b-50ab-4b49-a39a-fe8a755e62b3,TX-1173,TX,859982493629,"Country Morning Large Grade A Eggs, Dozen",0840962,2026-06-20,2
924613de-7790-4839-a0c5-202f838f74d2,GA-4687,GA,610163406023,Folgers Classic Roast Coffee,L-1324,2026-06-10,2
fa5902a5-c0d7-4379-9609-e63515ac5441,OK-4078,OK,653374520407,"Land O'Lakes Butter, 1lb",L-5740,2026-04-22,4
8d5c2104-6cc7-4c99-96c2-86c6b665e547,OK-1041,OK,680261188425,"Great Value 2% Milk, Gallon",L-7111,2026-06-07,4
d0e2ba42-e64f-4833-b35e-b8476572abf4,MS-2779,MS,875113329103,"Tyson Chicken Breast, Family Pack",192729,2026-05-12,2
07d6f084-a7e9-4639-a51a-fa3629efae92,TX-9112,TX,680261188425,"Great Value 2% Milk, Gallon",L-1324,2026-04-18,4
083e4e30-c34f-4cac-ae91-ddbd299467f3,TN-3284,TN,680261188425,"Great Value 2% Milk, Gallon",L-6480,2026-06-11,3
f75e7f54-3590-493e-8339-70c0dc820c81,TN-4719,TN,701993641404,Blue Bell Vanilla Ice Cream,L-7111,2026-05-15,1
0be6bd6b-f6ac-4d4f-875e-4fa604cf9532,GA-3553,GA,610163406023,Folgers Classic Roast Coffee,L-4260,2026-06-27,3
a77ecc76-3b7a-472f-a164-503a3d3e21e4,AR-2554,AR,382652812974,"Chobani Greek Yogurt, 32oz",192729,2026-05-24,1
18f63dcf-75f2-4ee1-85a3-1f59022142ad,FL-3145,FL,680261188425,"Great Value 2% Milk, Gallon",250347,2026-05-03,4
8162a52c-4c2e-4f82-9acd-297de7277985,MS-4393,MS,875113329103,"Tyson Chicken Breast, Family Pack",L-7111,2026-05-10,3
f98b9f4f-dcfa-4a0f-861b-1acf48407a85,AL-1206,AL,680261188425,"Great Value 2% Milk, Gallon",L-5740,2026-04-27,4
748ef8eb-6835-482e-a825-72173924b4c2,NM-3542,NM,701993641404,Blue Bell Vanilla Ice Cream,L-1324,2026-04-15,3
152fc5b4-4cf1-41eb-9ec4-2d6f94b3569e,TN-8090,TN,680261188425,"Great Value 2% Milk, Gallon",250347,2026-06-04,3
c4c1da11-8e68-4ef6-a1f7-8c0d908aea6b,GA-6109,GA,875113329103,"Tyson Chicken Breast, Family Pack",250347,2026-07-08,2
35302a40-a562-44ea-a80f-77d2cd12c1e1,NM-6682,NM,653374520407,"Land O'Lakes Butter, 1lb",337807,2026-05-02,4
83479a0e-ff54-4d07-82d2-69727d6ec430,LA-7135,LA,875113329103,"Tyson Chicken Breast, Family Pack",250347,2026-07-13,2
4b4ce1b6-4b8a-44f9-9b5f-20bd2150fde5,MO-2332,MO,875113329103,"Tyson Chicken Breast, Family Pack",L-1324,2026-07-10,2
a24ca5a2-ee39-4ad0-9e68-920165ded81d,CA-8853,CA,701993641404,Blue Bell Vanilla Ice Cream,337807,2026-04-23,4
935cbedd-e3ad-429c-bfeb-89ac628d08a8,CA-2544,CA,610163406023,Folgers Classic Roast Coffee,250347,2026-06-05,2
7bc61e8f-c9be-4e4a-9fe6-5777b4f4d5ba,TX-6339,TX,808049347754,Nature Valley Granola Bars,L-4260,2026-06-24,1
f3e5194c-6a33-41ed-8677-1beb2595f9ab,LA-7230,LA,889391736613,Wonder Bread Classic White,L-7111,2026-04-23,3
5f977885-c209-4835-91a6-f24963a1d6ab,LA-4782,LA,875113329103,"Tyson Chicken Breast, Family Pack",L-4532,2026-08-10,1
1a175531-4e45-457f-bd92-9a491a65b6d5,TX-1984,TX,382652812974,"Chobani Greek Yogurt, 32oz",250347,2026-04-21,3
fddc841e-3c74-4b23-ba6f-6e2ebc10c3da,AR-8209,AR,808049347754,Nature Valley Granola Bars,L-5740,2026-06-11,2
7d02a4e9-84de-40c4-9e98-3691eb8d5501,LA-5013,LA,808049347754,Nature Valley Granola Bars,L-7111,2026-05-10,2
8d63de96-38fd-4af4-bd83-3369db2a2884,OK-8682,OK,382652812974,"Chobani Greek Yogurt, 32oz",337807,2026-07-24,2
7d842e92-2e4b-402b-81d1-1a5813b23103,CA-7618,CA,701993641404,Blue Bell Vanilla Ice Cream,250347,2026-05-26,4
b9a15a14-f65d-48a5-99ab-5b56be325fb2,OK-4358,OK,653374520407,"Land O'Lakes Butter, 1lb",406635,2026-05-16,3
552410db-9baf-44d0-adba-60da99e932e8,AR-1161,AR,680261188425,"Great Value 2% Milk, Gallon",337807,2026-06-21,1
5fe21b05-6a28-40ef-ab21-09bd03c44045,AR-9385,AR,610163406023,Folgers Classic Roast Coffee,L-7111,2026-07-25,1
e4a2d583-fefd-4475-8fb5-95c24e89991b,MS-3241,MS,146279721070,"Sunups Large Grade A Eggs, Dozen",P-1950,2026-07-28,4
a91466df-965c-4b01-a7f1-47bd5954b745,AL-9669,AL,808049347754,Nature Valley Granola Bars,L-1324,2026-04-10,4
ed6f72f0-4696-4e87-bb01-a3028e7adcca,LA-5791,LA,680261188425,"Great Value 2% Milk, Gallon",192729,2026-05-17,2
889abf0e-f513-4869-9cbe-070a3c0456ec,FL-2121,FL,653374520407,"Land O'Lakes Butter, 1lb",L-6480,2026-05-29,3
57d1cfa2-35f0-46b0-8ec5-2d61d6b7639f,MS-2717,MS,701993641404,Blue Bell Vanilla Ice Cream,L-4260,2026-05-20,2
d5854f45-7f02-40aa-ba80-b8647c85fe00,FL-1051,FL,610163406023,Folgers Classic Roast Coffee,L-1324,2026-07-07,4
87df70df-c70b-4018-a45b-a204ddd7a1b4,GA-5339,GA,701993641404,Blue Bell Vanilla Ice Cream,L-1324,2026-06-20,3
359f3f53-68c3-4f44-95a8-8574d7ad8876,OK-1332,OK,680261188425,"Great Value 2% Milk, Gallon",406635,2026-05-29,2
27df53be-b37b-462e-9ddb-8eb94ed936b5,MS-5590,MS,680261188425,"Great Value 2% Milk, Gallon",250347,2026-06-22,1
0d8f1d0b-881e-4dbe-a957-5fc1fb47c3e8,TX-6838,TX,610163406023,Folgers Classic Roast Coffee,L-4532,2026-04-19,4
60acc4ae-76e7-4369-b2cb-4404a282b2cf,NM-8761,NM,889391736613,Wonder Bread Classic White,406635,2026-06-09,3
e61516e6-f6c9-4da7-8fd8-df297e2e16e2,FL-8799,FL,653374520407,"Land O'Lakes Butter, 1lb",406635,2026-05-08,4
a1383380-a9a2-4b99-ba16-0b0d12c8255b,AR-2339,AR,382652812974,"Chobani Greek Yogurt, 32oz",192729,2026-07-09,2
a2d17590-3cbb-4eeb-8af5-f185d9916c16,TX-7094,TX,653374520407,"Land O'Lakes Butter, 1lb",L-5740,2026-04-26,2
c7b119d3-ddd0-4845-89b4-27c70aae6700,CA-6247,CA,808049347754,Nature Valley Granola Bars,406635,2026-06-23,4
2845c270-ac35-4f66-a662-b7139ced13f4,TN-9310,TN,610163406023,Folgers Classic Roast Coffee,L-7111,2026-06-13,1
4e421b2b-51f2-4072-9139-512978213364,GA-5466,GA,610163406023,Folgers Classic Roast Coffee,250347,2026-06-26,1
7bc347ed-8322-4cf9-83e3-ee1fdc97e25b,TX-4394,TX,059533434211,"Kroger Large Grade A Eggs, Dozen",P-1950,2026-07-14,3
859bc906-bb50-4aaa-a70a-fe4a6753a8e7,CA-7517,CA,875113329103,"Tyson Chicken Breast, Family Pack",406635,2026-04-27,1
36418d7e-d7b0-42ea-8153-64f51d293ff3,NM-4339,NM,701993641404,Blue Bell Vanilla Ice Cream,L-1324,2026-05-08,1
0e3f33c7-c8b9-47e5-8f7c-8e277eabe29b,OK-8952,OK,653374520407,"Land O'Lakes Butter, 1lb",L-7111,2026-08-05,4
26b02e7b-5b69-411b-a709-bad433c48b63,MO-6293,MO,610163406023,Folgers Classic Roast Coffee,L-4532,2026-05-18,1
5e03b94e-a0f6-430d-916d-45e67d821386,NM-6864,NM,653374520407,"Land O'Lakes Butter, 1lb",L-4260,2026-05-08,4
79f74dee-bdec-4d8c-a1cb-7d5fd879513b,TX-2078,TX,808049347754,Nature Valley Granola Bars,L-4260,2026-04-30,1
efd18881-da85-46a6-97ab-73d888600603,AL-3432,AL,382652812974,"Chobani Greek Yogurt, 32oz",L-1324,2026-06-23,3
9c93b00a-d0a9-4fb2-b54e-30d378d63809,AL-5099,AL,382652812974,"Chobani Greek Yogurt, 32oz",L-1324,2026-08-06,2
bbd596d2-d683-4d4e-b23a-0a5db2f2cf39,AR-7735,AR,680261188425,"Great Value 2% Milk, Gallon",406635,2026-05-31,3
fceced15-2b3e-4c35-9824-75f3665b8281,AL-1810,AL,382652812974,"Chobani Greek Yogurt, 32oz",L-4260,2026-06-23,1
502e3530-012c-4faf-b992-4cd7f9763767,TX-1948,TX,808049347754,Nature Valley Granola Bars,192729,2026-07-27,4
33a3d2cb-e03f-4298-a2a9-faedf742c587,NM-8235,NM,889391736613,Wonder Bread Classic White,250347,2026-05-29,4
88476eb3-8545-491e-b9f9-01289e338665,LA-7600,LA,382652812974,"Chobani Greek Yogurt, 32oz",L-5740,2026-08-13,1
5e8a00e4-c8fe-484e-8f12-ae7baaa652ed,MO-6893,MO,889391736613,Wonder Bread Classic White,L-6480,2026-05-16,1
b63d4c94-6a00-483c-87ed-517284ba9e72,TX-1602,TX,889391736613,Wonder Bread Classic White,L-5740,2026-06-28,3
a63ccade-723f-41e5-897d-98cb9fdcbdb1,NM-7443,NM,680261188425,"Great Value 2% Milk, Gallon",L-7111,2026-07-27,3
27bd973e-43fa-4190-935e-a537fce04a22,TX-1029,TX,382652812974,"Chobani Greek Yogurt, 32oz",192729,2026-04-05,3
1a36d36b-02e3-49a8-83bd-69839bb6e05a,MS-4644,MS,875113329103,"Tyson Chicken Breast, Family Pack",250347,2026-07-13,4
00454b41-957a-45e5-b267-d57ed0f24650,MS-5868,MS,701993641404,Blue Bell Vanilla Ice Cream,406635,2026-06-04,1
92d98834-ec17-4afa-920c-6cbcb219220f,TX-8388,TX,808049347754,Nature Valley Granola Bars,L-5740,2026-04-26,4
838c6cec-6afe-4a93-9695-166b0366e2da,TX-1144,TX,057642652279,"Brookshire's Large Grade A Eggs, Dozen",P-1950,2026-06-16,4
ce9404cd-cba5-4efb-9f0f-66c3f729a4da,TN-6036,TN,875113329103,"Tyson Chicken Breast, Family Pack",L-7111,2026-07-25,3
7eb6f6dd-b5a5-4991-a337-83e9d14f823b,AL-1063,AL,680261188425,"Great Value 2% Milk, Gallon",L-4260,2026-06-27,4
6e443c99-e59f-420e-af51-551305f20b00,TX-2583,TX,382652812974,"Chobani Greek Yogurt, 32oz",L-5740,2026-07-04,2
9bf34c82-8da0-44d7-9cb9-01acb0e4a213,CA-7896,CA,875113329103,"Tyson Chicken Breast, Family Pack",L-6480,2026-07-27,3
e4331432-e3e0-41dd-876e-6fa1f7c75c2a,AR-7852,AR,701993641404,Blue Bell Vanilla Ice Cream,337807,2026-04-09,1
a891ae46-0884-4162-9fd5-83783a2eb3d2,NM-3208,NM,653374520407,"Land O'Lakes Butter, 1lb",406635,2026-07-21,2
9683bf02-cb3d-4687-8603-4cb84096f76a,TX-9696,TX,875113329103,"Tyson Chicken Breast, Family Pack",250347,2026-04-04,2
6fc8312e-3892-468b-b01b-19d597f71aab,TX-4711,TX,875113329103,"Tyson Chicken Breast, Family Pack",192729,2026-07-09,4
1865b695-2109-4bb8-8f1d-62e6b7b31c80,TX-4199,TX,680261188425,"Great Value 2% Milk, Gallon",192729,2026-07-08,1
386fb115-95d9-4f08-9d3d-2900f5e125ac,AR-8845,AR,610163406023,Folgers Classic Roast Coffee,406635,2026-05-19,4
3ec01730-313a-47d4-8bbd-d243775e5c30,OK-1706,OK,382652812974,"Chobani Greek Yogurt, 32oz",L-4532,2026-04-04,3
5b1ead02-c9f5-4e2c-b385-3e5e4e52e80a,FL-5405,FL,889391736613,Wonder Bread Classic White,L-6480,2026-06-26,1
e7b3f947-27f0-4a5d-927e-dcefad3e6d87,CA-3173,CA,610163406023,Folgers Classic Roast Coffee,L-4532,2026-07-30,1
8cc2ec17-b10e-47d6-82a8-e02b36ff3765,LA-1793,LA,680261188425,"Great Value 2% Milk, Gallon",L-1324,2026-05-04,4
1e666187-606f-4098-9128-740f1ecc4742,AL-4430,AL,889391736613,Wonder Bread Classic White,L-5740,2026-07-22,2
25ee5eb5-0eff-4942-a384-e357c75a1a27,LA-9507,LA,889391736613,Wonder Bread Classic White,337807,2026-04-14,4
76a2cc4c-d336-4b0a-bdd2-4a1b8b9f404f,CA-3171,CA,875113329103,"Tyson Chicken Breast, Family Pack",L-7111,2026-06-21,2
b6c639c5-ffdc-4db3-b2e3-5a11a9caba08,MS-6936,MS,701993641404,Blue Bell Vanilla Ice Cream,L-4260,2026-05-26,4
1fd30258-9d6c-422d-bfe9-1614f147dd35,MO-8928,MO,889391736613,Wonder Bread Classic White,L-4532,2026-04-06,1
9687e694-e868-44cf-ad6d-0d30b604ecc8,FL-8345,FL,382652812974,"Chobani Greek Yogurt, 32oz",192729,2026-05-16,4
c0205ec9-9190-4aa6-80cb-53eea475d1d7,TX-9000,TX,653374520407,"Land O'Lakes Butter, 1lb",406635,2026-04-14,1
e40e66bf-8bf6-4ea6-8573-3e9b9d5098d4,AL-5560,AL,889391736613,Wonder Bread Classic White,192729,2026-06-26,2
2874fc0a-d200-42b7-9253-e38a77f0be50,TX-7301,TX,889391736613,Wonder Bread Classic White,L-4260,2026-07-04,4
ec9816ca-31f9-4d2b-a846-c04006c91cd5,LA-8228,LA,875113329103,"Tyson Chicken Breast, Family Pack",L-7111,2026-07-23,3
7c59ade2-44de-46b7-b95a-d7ea1284eefe,MO-5425,MO,610163406023,Folgers Classic Roast Coffee,L-4260,2026-05-02,3
fe4ab5d6-4ed7-4ba3-b497-d1a89f47ee80,TX-7149,TX,701993641404,Blue Bell Vanilla Ice Cream,L-1324,2026-05-20,2
33da0d13-fe7e-48a0-94d9-7afcb0d1bc72,NM-2153,NM,610163406023,Folgers Classic Roast Coffee,L-1324,2026-04-05,2
f4adcab3-6281-469a-b55a-1baadf192a7e,TN-2613,TN,382652812974,"Chobani Greek Yogurt, 32oz",250347,2026-04-29,3
45d9e21d-4355-4f28-8b1a-d3547a3351b4,MO-4421,MO,653374520407,"Land O'Lakes Butter, 1lb",L-6480,2026-04-29,3
57aca48c-6937-4f15-a5bf-45e8035aabe4,MS-7518,MS,382652812974,"Chobani Greek Yogurt, 32oz",L-4260,2026-08-13,3
329ea844-6197-40b6-a36d-7a250458ed9f,AL-1311,AL,889391736613,Wonder Bread Classic White,250347,2026-07-12,1
2a5f0fa0-0978-4c47-a729-0f3c04656ee1,TN-4247,TN,701993641404,Blue Bell Vanilla Ice Cream,406635,2026-04-10,2
9fc37efe-57e4-439f-a7d1-767ae864cea1,OK-3839,OK,610163406023,Folgers Classic Roast Coffee,250347,2026-06-04,3
6009245e-c875-469e-b862-e77bc57eebe7,OK-2175,OK,057642652279,"Brookshire's Large Grade A Eggs, Dozen",P-1950,2026-07-08,1
52976a9a-622f-4d4e-8b77-913b72793c47,CA-4575,CA,875113329103,"Tyson Chicken Breast, Family Pack",192729,2026-05-08,3
ab289d95-e07c-40a5-ade1-8916d1d8c124,MS-7708,MS,889391736613,Wonder Bread Classic White,192729,2026-06-02,4
2f9e2f2b-b88a-40d2-bfdb-2b2dc1dba017,NM-2497,NM,382652812974,"Chobani Greek Yogurt, 32oz",L-4532,2026-04-20,3
52c0c80d-f7d3-48ae-ac4f-912dd89c1585,AR-3839,AR,701993641404,Blue Bell Vanilla Ice Cream,250347,2026-06-18,2
5ecde5b4-da54-4e05-97c2-53c41aad4474,AL-7646,AL,808049347754,Nature Valley Granola Bars,406635,2026-07-08,2
cb40ed92-a704-4f06-bcc9-e08e86c3f4cf,OK-9373,OK,875113329103,"Tyson Chicken Breast, Family Pack",L-7111,2026-07-14,4
9e89f1af-2d7f-4c8d-bb7d-93d73283e689,MS-3992,MS,875113329103,"Tyson Chicken Breast, Family Pack",L-1324,2026-07-12,3
1e08c953-7e8e-4de0-8c91-7f4ca95589ba,CA-6129,CA,382652812974,"Chobani Greek Yogurt, 32oz",406635,2026-07-17,4
e7b1367a-0f57-41e2-a6bc-ce8b99018ab7,CA-6272,CA,653374520407,"Land O'Lakes Butter, 1lb",L-6480,2026-04-03,4
cb9f33b8-d34e-4b43-b568-598e2c75b3fb,NM-8686,NM,680261188425,"Great Value 2% Milk, Gallon",L-6480,2026-05-11,2
0d186739-f3ab-476f-80a8-4ffd4fae04bc,AR-1273,AR,808049347754,Nature Valley Granola Bars,L-7111,2026-07-01,1
0bda3700-dfb9-408a-9923-28789855bc07,LA-4511,LA,701993641404,Blue Bell Vanilla Ice Cream,L-6480,2026-06-23,1
5abf0364-4785-45c0-a99e-3dd7a09c12e7,MO-4428,MO,808049347754,Nature Valley Granola Bars,250347,2026-07-11,4
af936e9b-e4c7-4c45-af46-b18ecad789dd,LA-6817,LA,808049347754,Nature Valley Granola Bars,L-1324,2026-06-04,1
23a822e7-2dc2-49dc-9304-af3b6fb64c1e,AL-7605,AL,875113329103,"Tyson Chicken Breast, Family Pack",337807,2026-06-18,1
9a8e0c4d-a33c-4fc5-8891-4b0d430325f2,TX-5594,TX,701993641404,Blue Bell Vanilla Ice Cream,L-4260,2026-07-06,1
7d2c0e46-72a4-40c0-b6e7-feca4fafe79b,AR-7681,AR,610163406023,Folgers Classic Roast Coffee,L-4260,2026-04-22,4
9692b2ea-3ab6-40cd-bd1d-56f974111220,AR-2326,AR,808049347754,Nature Valley Granola Bars,406635,2026-07-01,2
cae86f84-2d5f-42b0-8666-8ee2cd771068,LA-4694,LA,680261188425,"Great Value 2% Milk, Gallon",192729,2026-05-10,2
9f7df539-391f-4e14-b31c-30cf12cf8b97,LA-6854,LA,653374520407,"Land O'Lakes Butter, 1lb",L-6480,2026-06-30,1
0735a42d-2875-4c99-97c5-973ca4504ca5,TN-3604,TN,610163406023,Folgers Classic Roast Coffee,250347,2026-07-18,1
57b5d8fb-a19b-4a2a-8624-94761bad06c1,MS-2332,MS,382652812974,"Chobani Greek Yogurt, 32oz",L-5740,2026-05-08,2
634831b7-3010-4b94-9647-70bdb8ab23c9,AL-3227,AL,889391736613,Wonder Bread Classic White,L-4260,2026-08-15,1
8fe11911-9bcb-484a-be9c-d1a51560d914,FL-4635,FL,610163406023,Folgers Classic Roast Coffee,L-4532,2026-06-01,3
c82032fc-d5b4-41d5-ac36-962f8ff54541,OK-7058,OK,382652812974,"Chobani Greek Yogurt, 32oz",L-1324,2026-06-26,3
315db51d-4c63-4d2e-87cc-9f5b75861ca8,OK-8846,OK,701993641404,Blue Bell Vanilla Ice Cream,L-4532,2026-04-19,4
deb682e9-8978-45ff-aa9a-ff749049ffa8,FL-2536,FL,382652812974,"Chobani Greek Yogurt, 32oz",L-7111,2026-07-13,2
90400aa7-1304-4c06-8b66-6519e24e269b,OK-6771,OK,889391736613,Wonder Bread Classic White,L-7111,2026-08-04,3
e85445f0-8181-417e-90e0-5192e0cbf55a,MS-3512,MS,701993641404,Blue Bell Vanilla Ice Cream,L-6480,2026-06-30,1
f8886a38-6b7c-4be5-969c-1ad922fb7f5d,MO-9770,MO,808049347754,Nature Valley Granola Bars,L-4532,2026-06-10,3
e0ab21d0-8333-4f69-9a5a-17a116e9e666,CA-3940,CA,610163406023,Folgers Classic Roast Coffee,L-1324,2026-04-13,2
b7655da6-842f-4148-afa1-86062136eaa8,TX-2725,TX,653374520407,"Land O'Lakes Butter, 1lb",L-6480,2026-05-29,1
cf2d54c9-6d9b-4d58-af2a-af07f8e7196c,NM-6740,NM,241490613039,"Simple Truth Large Grade A Eggs, Dozen",P-1950,2026-07-08,3
54bef61a-b7ed-42b9-b5e9-e857af453eaa,FL-8585,FL,610163406023,Folgers Classic Roast Coffee,L-1324,2026-08-15,3
89ac5ab2-9f7f-431a-a971-f3d812856cfb,MO-5316,MO,610163406023,Folgers Classic Roast Coffee,L-4532,2026-06-14,3
585978e4-3362-4440-965e-485fd5919c2f,AL-7466,AL,382652812974,"Chobani Greek Yogurt, 32oz",192729,2026-04-13,2
67b46d58-0fce-4255-a177-f8afe1a14c90,OK-2859,OK,889391736613,Wonder Bread Classic White,L-5740,2026-04-06,3
050d7f52-923a-4834-a408-32abafa5ca8b,NM-7182,NM,382652812974,"Chobani Greek Yogurt, 32oz",337807,2026-07-26,2
8cb19fcf-9059-4c68-8f85-12d46cc11598,GA-8956,GA,653374520407,"Land O'Lakes Butter, 1lb",250347,2026-04-28,3
cd9d5766-dbfd-4efe-b51f-737bda9c2cd3,TX-5795,TX,680261188425,"Great Value 2% Milk, Gallon",L-4260,2026-07-09,2
c08368a6-79fd-45db-a210-330c021ee45e,GA-6733,GA,701993641404,Blue Bell Vanilla Ice Cream,L-4260,2026-05-02,1
c58f4226-8796-4f1a-8b69-4a45f3d85bd1,MO-7537,MO,610163406023,Folgers Classic Roast Coffee,406635,2026-06-06,2
3349817e-13d9-4e1d-ba97-549ef474d964,TX-4515,TX,610163406023,Folgers Classic Roast Coffee,337807,2026-06-06,2
66936339-51f3-4273-8159-a768a48ab72f,CA-5304,CA,680261188425,"Great Value 2% Milk, Gallon",L-4532,2026-06-15,2
e88711dd-7480-4648-a2b8-581c9e58b135,LA-6999,LA,610163406023,Folgers Classic Roast Coffee,L-4532,2026-06-11,4
7f0d5d84-bd57-4049-8ee1-4dfb14f66091,AL-2764,AL,808049347754,Nature Valley Granola Bars,L-5740,2026-07-22,3
6ac2d2b1-0661-45d1-8ed4-0769b6dc0b74,MS-4444,MS,808049347754,Nature Valley Granola Bars,406635,2026-07-23,1
8f5ade82-4241-4ad3-ab26-60fb963c638a,GA-3587,GA,875113329103,"Tyson Chicken Breast, Family Pack",337807,2026-08-14,1
f66f0d6c-0261-4416-9dd6-51770f4d489b,OK-4920,OK,610163406023,Folgers Classic Roast Coffee,L-1324,2026-07-23,1
f5aa07d9-7fcb-4a85-90f0-a22915835f2c,MS-5218,MS,610163406023,Folgers Classic Roast Coffee,406635,2026-05-13,3
7be47303-2c83-424d-8309-4552401c57d1,LA-2243,LA,653374520407,"Land O'Lakes Butter, 1lb",406635,2026-07-14,1
20b34dc6-926a-45dd-8f59-d0f8cf32055a,AL-9988,AL,808049347754,Nature Valley Granola Bars,L-5740,2026-06-14,2
596861f4-d212-4040-b049-8636a49e0e3b,MS-9280,MS,610163406023,Folgers Classic Roast Coffee,L-7111,2026-05-25,4
322683e8-e580-49fa-838a-b5b16c87ebff,TN-2873,TN,610163406023,Folgers Classic Roast Coffee,250347,2026-04-03,3
81f27531-5b03-4afb-b027-fc7ae0f13752,AL-1746,AL,701993641404,Blue Bell Vanilla Ice Cream,L-5740,2026-07-19,1
ebd0abb1-d759-4f97-b90e-1c09c07d80e7,FL-6065,FL,610163406023,Folgers Classic Roast Coffee,L-7111,2026-06-23,4
e8f680c2-9af2-4d28-9334-861a0dadf481,AL-3088,AL,610163406023,Folgers Classic Roast Coffee,L-7111,2026-06-18,1
4229cde7-867a-485e-9fd3-a4bff98a44fb,MO-6349,MO,875113329103,"Tyson Chicken Breast, Family Pack",L-4260,2026-07-24,2
dd973652-76e3-4275-9e0d-79a08469dc69,OK-9022,OK,382652812974,"Chobani Greek Yogurt, 32oz",L-4532,2026-07-22,4
03973d18-89e1-4f02-8641-d35249a18ff6,TX-2361,TX,875113329103,"Tyson Chicken Breast, Family Pack",250347,2026-04-10,1
f86e6393-a91a-4d67-b4e9-18d4e3df79ea,AL-2561,AL,808049347754,Nature Valley Granola Bars,L-1324,2026-07-27,1
5cb4fdbc-2fcd-4c7c-8e60-6cbea4d1fc58,AR-2243,AR,610163406023,Folgers Classic Roast Coffee,L-5740,2026-06-20,2
7daffd7d-0139-4971-9c71-8fe586ecf0be,CA-1404,CA,382652812974,"Chobani Greek Yogurt, 32oz",L-4260,2026-04-10,2
da5c9a7a-7eb5-485b-b93d-0f38d9d5958a,NM-5440,NM,610163406023,Folgers Classic Roast Coffee,406635,2026-06-03,1
16740627-212b-40d7-89db-b7e97549452e,FL-1114,FL,382652812974,"Chobani Greek Yogurt, 32oz",406635,2026-06-23,2
748d8aaa-e59b-401c-af77-fc7ba786017b,CA-2845,CA,875113329103,"Tyson Chicken Breast, Family Pack",L-7111,2026-07-09,4
ef21c65f-3c51-4a75-b78b-154901b81716,AL-4869,AL,889391736613,Wonder Bread Classic White,L-1324,2026-04-23,4
9741048f-6cfd-4ad5-9012-c1ba068384df,AR-5268,AR,808049347754,Nature Valley Granola Bars,192729,2026-06-21,1
8d80fc4f-1048-41c7-bfbb-085663c1544c,MO-8954,MO,875113329103,"Tyson Chicken Breast, Family Pack",L-5740,2026-05-08,4
0b6ad112-a038-41fe-8056-374840dee05d,TX-3053,TX,889391736613,Wonder Bread Classic White,L-1324,2026-08-13,4
07a03c8c-e05a-4be4-985c-4491aec2c17c,LA-1865,LA,610163406023,Folgers Classic Roast Coffee,L-6480,2026-04-25,4
0e9110af-17b8-4f52-a186-38a95c3889cc,OK-5674,OK,680261188425,"Great Value 2% Milk, Gallon",250347,2026-07-26,1
29835152-b1d0-4688-a47e-f42c90af7e6f,OK-3670,OK,382652812974,"Chobani Greek Yogurt, 32oz",L-1324,2026-07-31,2
b36a1339-6e2c-4a4f-a75c-c7ae419523c4,AL-7923,AL,875113329103,"Tyson Chicken Breast, Family Pack",192729,2026-07-05,4
d99fd8d3-0341-4e60-b246-b7a6597764f4,FL-1766,FL,875113329103,"Tyson Chicken Breast, Family Pack",L-4532,2026-06-28,1
b2f5a886-8499-49c0-b624-90806337df7f,MO-7228,MO,875113329103,"Tyson Chicken Breast, Family Pack",337807,2026-06-06,2
81b2da48-52ce-4c07-b5a0-15895448df9d,NM-4584,NM,382652812974,"Chobani Greek Yogurt, 32oz",L-6480,2026-07-23,4
09f3a95f-7eeb-44b0-8dd9-c6c0a37654d1,FL-2740,FL,808049347754,Nature Valley Granola Bars,250347,2026-06-04,1
7eeea25e-1d51-48ef-9d2b-deea0b982f9c,TN-5731,TN,653374520407,"Land O'Lakes Butter, 1lb",337807,2026-05-24,1
c4efe5d9-08b1-42c8-a008-6c09b035589a,CA-5493,CA,875113329103,"Tyson Chicken Breast, Family Pack",337807,2026-06-22,3
e37d9fa0-b9d8-4396-b2a2-5106f656af49,AR-1580,AR,680261188425,"Great Value 2% Milk, Gallon",250347,2026-04-23,2
4b29ff86-e3c3-4617-8b97-f49851ebd2ae,CA-8410,CA,889391736613,Wonder Bread Classic White,L-5740,2026-04-25,2
91c41124-c2ed-47d6-add6-89edb35174aa,GA-8817,GA,382652812974,"Chobani Greek Yogurt, 32oz",192729,2026-08-01,4
3c275354-1b66-4da0-aeda-7c572e281811,NM-8310,NM,653374520407,"Land O'Lakes Butter, 1lb",250347,2026-04-08,1
11b883a0-2603-4ff6-a617-8d41800c17fa,AL-7416,AL,808049347754,Nature Valley Granola Bars,192729,2026-08-06,3
86aa6a6f-fe77-46d1-8781-1da149206ff1,NM-9484,NM,653374520407,"Land O'Lakes Butter, 1lb",L-1324,2026-04-08,4
32886fe7-f70d-4d3a-be44-37843b02b961,OK-1552,OK,875113329103,"Tyson Chicken Breast, Family Pack",L-5740,2026-04-27,3
c2725028-019d-4dae-8399-36af5177dc0b,TX-2057,TX,382652812974,"Chobani Greek Yogurt, 32oz",L-1324,2026-05-16,2
05133691-a031-4bd1-b0fb-ebc99eadb2eb,NM-9920,NM,653374520407,"Land O'Lakes Butter, 1lb",L-7111,2026-04-18,2
e748b651-fb0f-4100-ac74-3e911fce380b,AR-8124,AR,057642652279,"Brookshire's Large Grade A Eggs, Dozen",0840962,2026-06-27,3
a35c3f0f-431b-44bb-a597-ee903cf6e8be,FL-7625,FL,680261188425,"Great Value 2% Milk, Gallon",L-1324,2026-05-10,3
53816d99-2923-45bb-86e4-751a605698af,OK-9036,OK,610163406023,Folgers Classic Roast Coffee,L-7111,2026-04-24,2
0e9c3622-7825-42ec-b64f-43b1a67df33b,FL-4424,FL,680261188425,"Great Value 2% Milk, Gallon",L-6480,2026-07-30,3
d845afcd-cef9-4c1c-9920-5e8b72f60383,LA-5718,LA,701993641404,Blue Bell Vanilla Ice Cream,L-5740,2026-08-08,2
56c104e1-39c7-46cf-a10e-6ae825c25313,CA-1053,CA,701993641404,Blue Bell Vanilla Ice Cream,L-5740,2026-05-02,3
fcc026d3-74ae-4992-9204-ac641bf8487e,MO-7378,MO,680261188425,"Great Value 2% Milk, Gallon",L-1324,2026-05-18,2
7742196c-f981-4bb5-bb1f-e04da1679068,CA-2125,CA,875113329103,"Tyson Chicken Breast, Family Pack",L-1324,2026-06-03,2
69a038fd-71be-4a5e-acd7-ea39129bde8a,NM-8051,NM,808049347754,Nature Valley Granola Bars,L-5740,2026-04-23,4
f7204af1-45f5-46f2-bd64-0346d8c2b3b5,TN-6121,TN,808049347754,Nature Valley Granola Bars,L-4532,2026-05-24,4
014007ef-e04e-4794-811e-155e91c86974,LA-4892,LA,808049347754,Nature Valley Granola Bars,L-5740,2026-08-13,3
05514371-f307-44f4-a476-f903ca61a6cb,LA-3929,LA,889391736613,Wonder Bread Classic White,L-6480,2026-06-15,3
c9ac6033-3797-485f-ac4d-f76f79774ff0,MS-7825,MS,808049347754,Nature Valley Granola Bars,L-5740,2026-07-11,1
4385841c-8a31-4de9-b714-a80936fe6c2f,CA-5028,CA,701993641404,Blue Bell Vanilla Ice Cream,337807,2026-06-27,1
51074779-e6cc-4c5d-a8dd-3d57ac1c4ebd,AR-3081,AR,653374520407,"Land O'Lakes Butter, 1lb",L-1324,2026-07-13,2
1018e9db-493a-4daa-a2bb-d9121995f76e,MS-2355,MS,875113329103,"Tyson Chicken Breast, Family Pack",406635,2026-04-09,4
d9c43792-77f9-4020-a19a-f7a3db081ab6,GA-8817,GA,653374520407,"Land O'Lakes Butter, 1lb",L-6480,2026-06-12,4
a50d3eb2-d72b-43ff-a776-8d429438a324,TN-1108,TN,875113329103,"Tyson Chicken Breast, Family Pack",L-7111,2026-04-13,3
3ae0c8a2-f6aa-4995-afc9-e0469a6a7c38,CA-9094,CA,701993641404,Blue Bell Vanilla Ice Cream,L-6480,2026-08-05,4
ca2c6de8-e808-4616-83b9-7498e439cc70,AL-5293,AL,680261188425,"Great Value 2% Milk, Gallon",406635,2026-04-14,1
6d539464-865b-465c-b7f7-2d22fd4c36fd,TX-2270,TX,382652812974,"Chobani Greek Yogurt, 32oz",L-5740,2026-06-02,4
10725f1d-bd60-4819-b42e-bf03aea9d891,TX-9839,TX,701993641404,Blue Bell Vanilla Ice Cream,192729,2026-07-20,4
3ee966ec-1114-4e10-bb70-a448bddbf54e,LA-4145,LA,382652812974,"Chobani Greek Yogurt, 32oz",L-6480,2026-07-15,4
a86142d4-b9fa-49bd-a806-81fd78f6f840,GA-3571,GA,610163406023,Folgers Classic Roast Coffee,L-1324,2026-06-20,3
5761c3cb-bdab-4a0a-9cd5-d42741b7c2aa,LA-7769,LA,875113329103,"Tyson Chicken Breast, Family Pack",250347,2026-04-25,1
26252f53-3bbe-42cf-b28b-64781f2c6f7e,MO-2654,MO,808049347754,Nature Valley Granola Bars,192729,2026-07-05,1
81d119d7-a97c-41da-a2d5-c2b781aefac1,LA-3475,LA,808049347754,Nature Valley Granola Bars,406635,2026-04-08,3
a4f87cdb-fa7f-485f-a09f-1d1c62a71b2d,AR-5023,AR,889391736613,Wonder Bread Classic White,L-4260,2026-04-12,1
371b910c-697a-4c6a-97d0-7dc26d48efe0,CA-9197,CA,382652812974,"Chobani Greek Yogurt, 32oz",L-4260,2026-05-15,4
6d2694ac-6870-4988-bfb1-a6046307aff1,TN-3781,TN,701993641404,Blue Bell Vanilla Ice Cream,L-1324,2026-06-05,2
1a8a9b45-6921-4ea7-8077-790bc0563f60,LA-6099,LA,680261188425,"Great Value 2% Milk, Gallon",192729,2026-04-25,1
c50e8c28-4012-4307-8767-4f99a7432baf,GA-8746,GA,382652812974,"Chobani Greek Yogurt, 32oz",L-5740,2026-04-15,1
72901189-e19d-46d6-9116-c05c26950200,MO-9692,MO,889391736613,Wonder Bread Classic White,406635,2026-07-29,2
1d7d2225-8f1d-4e91-b367-166719efc65a,OK-1658,OK,701993641404,Blue Bell Vanilla Ice Cream,406635,2026-06-29,2
139d5a31-b2ec-4d93-963d-619c0da2c805,CA-3718,CA,610163406023,Folgers Classic Roast Coffee,337807,2026-06-13,1
88ae609c-e587-4655-af19-aa5244106d5e,NM-5514,NM,875113329103,"Tyson Chicken Breast, Family Pack",250347,2026-04-24,4
bf3403d7-9da1-49c0-bd06-f38acd62a63e,MS-9606,MS,680261188425,"Great Value 2% Milk, Gallon",250347,2026-05-15,2
b4c3a0eb-baba-4de5-8f9f-f800c926beeb,TX-9023,TX,875113329103,"Tyson Chicken Breast, Family Pack",250347,2026-06-18,3
fb3cbbba-c7d5-415e-942b-43efe4254a3f,AR-5807,AR,680261188425,"Great Value 2% Milk, Gallon",192729,2026-06-16,1
8426087c-6884-4ae3-a005-c192915bde3c,CA-2812,CA,808049347754,Nature Valley Granola Bars,L-7111,2026-08-13,3
8626a686-58c6-4b95-90fc-90ba557067f8,FL-3573,FL,680261188425,"Great Value 2% Milk, Gallon",L-6480,2026-07-12,1
5629084d-2b40-41de-abca-39c6624f94c8,TX-4032,TX,653374520407,"Land O'Lakes Butter, 1lb",L-6480,2026-07-12,2
dfb86185-f20d-4b06-a332-dfaed4f1c576,MO-5412,MO,382652812974,"Chobani Greek Yogurt, 32oz",L-5740,2026-05-16,3
6cbc3d6c-0e9d-4294-8c82-7ff29a836a31,MO-1841,MO,875113329103,"Tyson Chicken Breast, Family Pack",L-5740,2026-05-24,2
9fc89b60-1908-499c-b36c-267011814f4a,NM-3227,NM,875113329103,"Tyson Chicken Breast, Family Pack",192729,2026-07-17,3
14f90616-7dbf-4447-a0ab-07b9efb534ec,FL-7398,FL,875113329103,"Tyson Chicken Breast, Family Pack",L-7111,2026-07-13,1
a320521d-abd1-41b4-90a6-41b43138757c,NM-7784,NM,875113329103,"Tyson Chicken Breast, Family Pack",L-5740,2026-07-18,2
348644a4-2246-4686-892c-a6c06dc83bfb,MO-7509,MO,610163406023,Folgers Classic Roast Coffee,L-7111,2026-08-08,2
2ccf90c4-65d0-4612-ab4a-0149310c3738,NM-4488,NM,653374520407,"Land O'Lakes Butter, 1lb",L-4532,2026-08-11,4
5daa7a5d-1deb-4109-a336-1c71388ec9fc,TX-6319,TX,653374520407,"Land O'Lakes Butter, 1lb",L-1324,2026-04-12,2
69f8f204-5567-4628-92ed-00016329cadd,GA-8323,GA,875113329103,"Tyson Chicken Breast, Family Pack",L-7111,2026-07-06,4
9dda3c8c-00a3-4068-aea3-e78672f95072,OK-9572,OK,701993641404,Blue Bell Vanilla Ice Cream,L-1324,2026-05-14,4
448f9657-b966-46c7-a059-f9f4e19d1fe1,NM-9396,NM,382652812974,"Chobani Greek Yogurt, 32oz",L-7111,2026-04-14,3
963e77fc-b755-4dc6-a140-4336c1bf875a,GA-1686,GA,701993641404,Blue Bell Vanilla Ice Cream,337807,2026-07-20,2
f7449c02-a992-4249-8520-0b08c2fdbc25,OK-4759,OK,382652812974,"Chobani Greek Yogurt, 32oz",250347,2026-05-09,3
d2881e8f-11b6-4733-8675-ff08c23a48aa,CA-6519,CA,680261188425,"Great Value 2% Milk, Gallon",337807,2026-04-19,3
156833c7-75fd-4104-a359-f926bc459363,FL-9999,FL,653374520407,"Land O'Lakes Butter, 1lb",406635,2026-06-04,4
f264603d-8662-4951-bdc1-66c9e6748ea0,MO-6772,MO,382652812974,"Chobani Greek Yogurt, 32oz",406635,2026-07-19,2
38a8df97-f5b2-4870-8219-07a0355598ab,CA-2828,CA,701993641404,Blue Bell Vanilla Ice Cream,L-4532,2026-07-27,3
c7fb879f-79f5-4432-ab7c-7f0517927de1,OK-7230,OK,610163406023,Folgers Classic Roast Coffee,250347,2026-04-23,3
4b71a24f-0dfb-4b09-aaa8-aca24c2e3538,MS-8673,MS,610163406023,Folgers Classic Roast Coffee,337807,2026-05-07,1
638908fb-e447-4093-94c2-ad29ced551a2,MS-7383,MS,382652812974,"Chobani Greek Yogurt, 32oz",L-1324,2026-04-13,4
762db7f4-0723-46bf-9f9d-fedbaf00ca00,AR-6786,AR,653374520407,"Land O'Lakes Butter, 1lb",406635,2026-07-11,2
ad87bf39-5dab-400c-8b6c-40fe8192f27d,MO-2392,MO,701993641404,Blue Bell Vanilla Ice Cream,406635,2026-07-26,3
4de1d6f6-eb10-43d9-982c-be6b39cd0e20,FL-1272,FL,701993641404,Blue Bell Vanilla Ice Cream,192729,2026-06-13,2
4569a6ab-035b-4f34-9b6c-ac8292935041,LA-2827,LA,875113329103,"Tyson Chicken Breast, Family Pack",192729,2026-04-07,4
adf7b291-23fa-44cb-b050-4e3ad46df2c7,GA-5296,GA,653374520407,"Land O'Lakes Butter, 1lb",192729,2026-04-05,1
e9144668-5679-4892-b927-8b0f4e3746c2,NM-8105,NM,680261188425,"Great Value 2% Milk, Gallon",L-6480,2026-06-13,2
0d3e4118-d649-4a65-8b2f-ccca2402141f,FL-4198,FL,808049347754,Nature Valley Granola Bars,L-5740,2026-04-04,1
80441fe9-3376-4d22-87eb-ab391d237d83,AR-3235,AR,680261188425,"Great Value 2% Milk, Gallon",L-4260,2026-04-06,1
4177aaee-0c72-42c0-8111-3f5a8b1b0135,TX-1537,TX,889391736613,Wonder Bread Classic White,L-1324,2026-07-30,3
acace42c-ba75-452d-9043-68c83431b6da,MO-7728,MO,680261188425,"Great Value 2% Milk, Gallon",L-6480,2026-04-04,4
d1d18d06-7c3a-4a71-a512-4dd1fe70c151,MO-3171,MO,889391736613,Wonder Bread Classic White,337807,2026-04-21,2
4ab5f843-1799-4dfd-b162-da19e9acc2e5,NM-2931,NM,875113329103,"Tyson Chicken Breast, Family Pack",L-5740,2026-06-05,2
4e9715a9-9623-4f5d-a081-8a95cdcdb00e,CA-5333,CA,382652812974,"Chobani Greek Yogurt, 32oz",L-5740,2026-08-09,2
9b5ea107-f6fd-4c65-a1f5-9b6a8d94fac3,GA-5426,GA,875113329103,"Tyson Chicken Breast, Family Pack",L-6480,2026-06-10,3
236bc501-c3f6-4277-81d0-44f2ade1e2b5,FL-1847,FL,889391736613,Wonder Bread Classic White,L-6480,2026-04-25,1
03a3fd20-3a98-4a55-9b01-786900d92500,TX-8131,TX,653374520407,"Land O'Lakes Butter, 1lb",406635,2026-06-03,1
6b4babcc-c864-46d0-beec-46b4e4263a1d,TX-1448,TX,808049347754,Nature Valley Granola Bars,337807,2026-08-07,4
b6da3b7f-dd9c-45a8-9864-1983875801c4,OK-6091,OK,680261188425,"Great Value 2% Milk, Gallon",L-4532,2026-04-09,2
adfdc84a-80b6-465c-9487-dff4af466506,TN-8657,TN,875113329103,"Tyson Chicken Breast, Family Pack",L-4260,2026-07-31,2
b64d4d74-0130-4240-8309-f90a3941c8ef,LA-5764,LA,701993641404,Blue Bell Vanilla Ice Cream,250347,2026-07-28,3
09a47b83-1db6-48b8-b06b-b64386fc770e,MO-2440,MO,382652812974,"Chobani Greek Yogurt, 32oz",337807,2026-04-13,2
45dfde17-455d-46fe-a5f5-773b42c81eae,OK-9321,OK,680261188425,"Great Value 2% Milk, Gallon",L-6480,2026-07-24,1
de3de692-0ced-4292-9c45-de593accc430,FL-4857,FL,653374520407,"Land O'Lakes Butter, 1lb",L-5740,2026-04-07,1
a32ed8a7-92c0-4b5d-97d1-a01e702f3b43,TN-4251,TN,382652812974,"Chobani Greek Yogurt, 32oz",406635,2026-06-15,1
8fe9911b-6071-4670-be95-0b5b2703588a,CA-9386,CA,889391736613,Wonder Bread Classic White,L-5740,2026-07-09,1
d5b16dfc-ee89-4efc-9b8f-dd7ed034d394,OK-7125,OK,875113329103,"Tyson Chicken Breast, Family Pack",L-4532,2026-08-03,2
f1e9c40b-0e55-4d57-9d66-3f1feb768f33,LA-7273,LA,875113329103,"Tyson Chicken Breast, Family Pack",L-7111,2026-07-19,2
85fc6ba4-7ab2-4542-999d-af2c429180ef,AL-9011,AL,382652812974,"Chobani Greek Yogurt, 32oz",L-6480,2026-06-03,3
94b6d7ea-b3a2-4456-8eba-84bde1c68bd3,LA-3860,LA,889391736613,Wonder Bread Classic White,337807,2026-04-11,3
f7c538de-ed34-44ce-a4a6-0bf6e6a71853,FL-4360,FL,875113329103,"Tyson Chicken Breast, Family Pack",L-7111,2026-07-15,3
0643dc02-981b-4809-9f73-59b2f426bd39,GA-4115,GA,382652812974,"Chobani Greek Yogurt, 32oz",L-6480,2026-05-10,4
b07a4e32-eac4-487f-9b03-11540e698fc6,OK-9208,OK,701993641404,Blue Bell Vanilla Ice Cream,L-4532,2026-05-15,3
bddaa8ba-8ac0-49a4-affa-86619de83a86,FL-9758,FL,680261188425,"Great Value 2% Milk, Gallon",L-4260,2026-04-23,1
a8a16a68-346e-4cba-8c1a-f71aa3ef8f3d,MS-9216,MS,680261188425,"Great Value 2% Milk, Gallon",L-1324,2026-05-24,2
d45406e0-5401-4b61-9563-d22487d1a6a5,NM-2817,NM,701993641404,Blue Bell Vanilla Ice Cream,L-1324,2026-08-02,2
366575e8-f750-473d-aaa2-00f669d0d3c6,TN-5987,TN,680261188425,"Great Value 2% Milk, Gallon",L-7111,2026-08-08,2
0e8129c6-9d47-40ce-a5d8-e3f425fba990,TX-4059,TX,889391736613,Wonder Bread Classic White,L-7111,2026-06-13,4
29532eb4-7bbd-4bf7-aaa8-6281d4ef4539,AL-5495,AL,680261188425,"Great Value 2% Milk, Gallon",L-4532,2026-06-05,4
c00ca73d-54a8-4a69-ae11-c146ed8ba593,GA-1028,GA,382652812974,"Chobani Greek Yogurt, 32oz",L-1324,2026-05-22,4
9a9250b8-74e4-49a3-8284-c9d2a0b59cef,MS-3302,MS,875113329103,"Tyson Chicken Breast, Family Pack",406635,2026-04-21,2
b18d59f4-d1d6-4818-8f9d-f149f7baeb03,MO-8950,MO,889391736613,Wonder Bread Classic White,192729,2026-07-29,2
2a505bce-9b53-45b5-82ff-095e2d9049bc,TN-5578,TN,701993641404,Blue Bell Vanilla Ice Cream,L-4532,2026-08-02,1
b3fe8064-0302-412d-a80e-fab212bc979d,TN-1859,TN,610163406023,Folgers Classic Roast Coffee,L-4260,2026-06-13,4
75eb9e32-5ce7-4d19-9957-ab9b910e832e,CA-7455,CA,610163406023,Folgers Classic Roast Coffee,L-4532,2026-07-20,1
daa3c9c4-c067-470d-87cf-9771505dbdfa,FL-3545,FL,875113329103,"Tyson Chicken Breast, Family Pack",L-7111,2026-05-17,2
eddd8292-5de4-4aab-9435-22cb5d74a5ea,MS-2139,MS,875113329103,"Tyson Chicken Breast, Family Pack",L-1324,2026-07-18,1
e9aa0518-9b2d-4935-8bae-4bcf57681531,MO-4596,MO,701993641404,Blue Bell Vanilla Ice Cream,L-7111,2026-06-26,2
48349abf-da98-45ba-a89b-43c01ad5ac6c,AL-3013,AL,701993641404,Blue Bell Vanilla Ice Cream,L-4260,2026-07-02,3
b863a2ae-d8be-435b-91ab-0d85c2f157f1,LA-7763,LA,610163406023,Folgers Classic Roast Coffee,L-4260,2026-06-12,3
48019937-e0ce-4401-89ba-fa1574db886f,AR-7504,AR,610163406023,Folgers Classic Roast Coffee,L-5740,2026-04-30,4
3dda40cd-c4b7-41e2-b1b4-baf7859588e8,LA-2112,LA,889391736613,Wonder Bread Classic White,L-4532,2026-05-28,1
d41c3b5c-5e3e-472c-87fe-703b49b41cb9,AR-6873,AR,382652812974,"Chobani Greek Yogurt, 32oz",192729,2026-07-19,2
56e6e09e-ecb4-4933-a26e-8db58441e54f,FL-8137,FL,382652812974,"Chobani Greek Yogurt, 32oz",L-4260,2026-04-24,3
e2b2f6d4-b082-4116-9054-179a621d2432,MO-8087,MO,653374520407,"Land O'Lakes Butter, 1lb",L-5740,2026-07-17,3
9c425f6a-c1b5-4cea-a681-0136464dfd10,FL-4408,FL,808049347754,Nature Valley Granola Bars,337807,2026-06-05,2
d83c825f-82d6-42b0-a440-674db7270b38,NM-1777,NM,610163406023,Folgers Classic Roast Coffee,192729,2026-08-11,3
173f3897-23e7-4fce-911f-60d68900c5ce,NM-6211,NM,701993641404,Blue Bell Vanilla Ice Cream,L-5740,2026-08-06,1
f80f917d-9279-4c26-8bba-5b52064a850f,LA-9220,LA,653374520407,"Land O'Lakes Butter, 1lb",L-5740,2026-05-15,3
31e2bc76-2989-4249-9cfe-da354f08cd36,AL-5491,AL,680261188425,"Great Value 2% Milk, Gallon",192729,2026-04-21,3
c7d24dfd-1cef-4842-a3ca-4f11af1af09e,CA-7935,CA,680261188425,"Great Value 2% Milk, Gallon",192729,2026-04-23,1
02bb0f24-8e35-48d3-8729-75b05306ba62,NM-2210,NM,701993641404,Blue Bell Vanilla Ice Cream,406635,2026-08-11,3
fdebab7d-06f2-4157-b9a6-94efcc3242d8,FL-8156,FL,889391736613,Wonder Bread Classic White,L-6480,2026-06-07,4
3f2d3836-95e0-4ac9-ac5c-892b1a8cacb1,NM-6877,NM,875113329103,"Tyson Chicken Breast, Family Pack",L-5740,2026-05-12,1
444207d6-9431-414c-988b-b71bd53150c3,OK-9781,OK,875113329103,"Tyson Chicken Breast, Family Pack",L-5740,2026-06-28,1
0f95af42-a24d-4ed0-a38f-660a6ac45c6c,MO-6506,MO,610163406023,Folgers Classic Roast Coffee,L-1324,2026-06-30,3
627b819d-37b3-461e-bb4e-b33851078fe2,MS-6907,MS,889391736613,Wonder Bread Classic White,406635,2026-05-15,4
e1074da6-a368-4668-983d-b0be256d9cd3,OK-2717,OK,701993641404,Blue Bell Vanilla Ice Cream,L-1324,2026-05-18,1
2a82c000-3b21-45b3-948c-aabb31e472ec,FL-2540,FL,610163406023,Folgers Classic Roast Coffee,250347,2026-04-23,3
dce01149-c7db-48d3-a9f8-2155b1eeb905,LA-1606,LA,808049347754,Nature Valley Granola Bars,L-1324,2026-07-29,4
d348ec27-9a92-4036-9220-70824a98e4e3,FL-7921,FL,382652812974,"Chobani Greek Yogurt, 32oz",406635,2026-08-15,2
cc3d574a-54d5-419c-b1b1-c8fc247b9b9c,GA-6255,GA,701993641404,Blue Bell Vanilla Ice Cream,L-4532,2026-05-24,3
8d43205d-bc01-4040-a4dd-7b56aecd032d,MO-6670,MO,875113329103,"Tyson Chicken Breast, Family Pack",406635,2026-07-23,1
a0d7784e-ff51-4604-9f56-952ee1f7992d,AR-7691,AR,610163406023,Folgers Classic Roast Coffee,L-5740,2026-04-17,3
91d72a98-977a-4385-aaca-fecf9fad4509,OK-9590,OK,808049347754,Nature Valley Granola Bars,L-6480,2026-07-23,4
36f387df-70c9-4195-89d5-f4d663bbe1d3,AR-8508,AR,653374520407,"Land O'Lakes Butter, 1lb",L-6480,2026-07-26,4
1540b67c-bdad-4fab-aac7-7d3e19355cec,MS-3804,MS,382652812974,"Chobani Greek Yogurt, 32oz",192729,2026-04-29,4
97b02ac8-486d-4261-8d7d-1701931c1175,GA-8875,GA,382652812974,"Chobani Greek Yogurt, 32oz",L-4260,2026-06-15,4
3d536b5f-e6f6-476d-a95b-78b2adf61d63,LA-1645,LA,889391736613,Wonder Bread Classic White,L-4532,2026-05-11,1
9fd628ab-ea88-4ace-a4d4-5458af40ca44,CA-7947,CA,808049347754,Nature Valley Granola Bars,406635,2026-08-09,2
bf92dd91-66bc-479d-b4e1-b0ef423f8e35,MS-9765,MS,057642652279,"Brookshire's Large Grade A Eggs, Dozen",P-1950,2026-06-15,3
33cc88a8-643f-4f95-a17b-7469567a1555,MS-5145,MS,859982493629,"Country Morning Large Grade A Eggs, Dozen",P-1950,2026-06-14,2
027e8268-4dbc-4517-bbf1-72f427c06aaf,AL-7098,AL,701993641404,Blue Bell Vanilla Ice Cream,L-6480,2026-06-18,3
390a40b5-c877-4ff0-9c8c-d10ed3407de6,GA-2158,GA,382652812974,"Chobani Greek Yogurt, 32oz",L-7111,2026-05-12,2
30167f5e-7b0c-4102-816c-835dcd02fff5,MO-6892,MO,680261188425,"Great Value 2% Milk, Gallon",337807,2026-08-11,3
bff35d6f-6fda-408e-8da3-80faefdf727b,MO-7297,MO,808049347754,Nature Valley Granola Bars,L-7111,2026-05-21,2
c85d47c8-9a6e-4014-bfb8-c99516ad8b61,AR-3862,AR,241490613039,"Simple Truth Large Grade A Eggs, Dozen",P-1950,2026-07-07,4
105ff99a-d486-4183-aa68-9a67f5b0ecec,TX-7952,TX,808049347754,Nature Valley Granola Bars,192729,2026-05-19,2
a3ff70ff-c832-45a7-bbf2-109c82d3badd,CA-5654,CA,875113329103,"Tyson Chicken Breast, Family Pack",L-4532,2026-08-09,2
0d670db8-3b5f-4504-a77c-cd7aadf081a8,GA-1912,GA,808049347754,Nature Valley Granola Bars,L-4260,2026-07-05,1
b1a12fbf-3478-46fc-904c-eb44a56a0be7,GA-4830,GA,382652812974,"Chobani Greek Yogurt, 32oz",406635,2026-04-28,4
7332c5c1-b20a-4f74-92b7-f8a0b611d9bd,FL-2365,FL,382652812974,"Chobani Greek Yogurt, 32oz",250347,2026-04-10,3
5ab29f7e-268b-4216-9330-7f88dff9d9fb,TN-2188,TN,382652812974,"Chobani Greek Yogurt, 32oz",L-7111,2026-04-13,3
2eb603ff-3204-45ef-8d35-c0267192b6ab,NM-8840,NM,680261188425,"Great Value 2% Milk, Gallon",192729,2026-06-11,3
21482de8-fe50-4bb0-8fac-eec8c145f0d6,TN-7080,TN,610163406023,Folgers Classic Roast Coffee,337807,2026-05-30,1
f8c67a31-d814-4d9a-9b97-e840e6086899,LA-8031,LA,610163406023,Folgers Classic Roast Coffee,337807,2026-04-18,1
f6758769-f909-4a13-933f-e30fe954dc03,AL-8494,AL,875113329103,"Tyson Chicken Breast, Family Pack",L-7111,2026-07-11,1
f01c7a0d-cbd2-42df-9d52-8ba1414802a1,FL-8941,FL,808049347754,Nature Valley Granola Bars,L-4260,2026-07-23,4
7b8ea675-311c-48d9-a0f9-1fe75d60025f,NM-3499,NM,701993641404,Blue Bell Vanilla Ice Cream,192729,2026-07-30,2
db457c34-f78d-4d7e-84cb-663f24da5367,TN-9984,TN,701993641404,Blue Bell Vanilla Ice Cream,337807,2026-08-03,4
fb99f9b0-970d-4953-96c3-f52cc7f8d7ab,TX-6604,TX,875113329103,"Tyson Chicken Breast, Family Pack",L-4260,2026-05-13,2
91a5369f-8579-4709-ad4a-e88aadc1aff7,NM-8389,NM,382652812974,"Chobani Greek Yogurt, 32oz",L-4532,2026-04-29,3
5419fadf-bf90-43b5-86c0-6773a23f90f4,FL-9941,FL,889391736613,Wonder Bread Classic White,L-6480,2026-07-21,3
8f494368-0991-48e8-bf87-c8adacb3ba44,MS-7396,MS,889391736613,Wonder Bread Classic White,L-6480,2026-04-28,2
f23645e2-d51c-461d-8d69-abf153e62178,GA-3365,GA,808049347754,Nature Valley Granola Bars,192729,2026-06-08,4
b08c8df1-35bb-489f-8df8-a9107da030e6,CA-3375,CA,680261188425,"Great Value 2% Milk, Gallon",L-4260,2026-08-06,2
346b58ed-d11c-417c-80ee-52dfb289433a,OK-1223,OK,680261188425,"Great Value 2% Milk, Gallon",250347,2026-05-25,1
ebb978ff-1c3f-4152-943e-1057e5b81ded,MS-1975,MS,875113329103,"Tyson Chicken Breast, Family Pack",192729,2026-06-01,2
a65b0f42-a1ec-4b47-98f2-a52f9b9de343,MO-1911,MO,680261188425,"Great Value 2% Milk, Gallon",250347,2026-07-27,4
ec47e261-3416-42ee-85f1-20a7c66a09fd,TX-4989,TX,610163406023,Folgers Classic Roast Coffee,337807,2026-06-12,2
3f810c18-c34c-40f8-8dc4-d601d336e28c,TX-2284,TX,680261188425,"Great Value 2% Milk, Gallon",192729,2026-04-23,3
2a559f3e-1511-4e96-b620-a107ad86c335,MO-9215,MO,808049347754,Nature Valley Granola Bars,L-4532,2026-04-28,2
a567d001-7a39-4438-9a65-7eaabb937695,CA-8329,CA,875113329103,"Tyson Chicken Breast, Family Pack",L-5740,2026-06-26,4
63f2b65f-6c5e-4ae1-9cdd-80503f8c55bb,LA-5648,LA,701993641404,Blue Bell Vanilla Ice Cream,L-6480,2026-05-06,2
14c684d3-a00e-4e90-9c6f-854cc0f45a9e,GA-7682,GA,610163406023,Folgers Classic Roast Coffee,L-7111,2026-05-03,2
39b5d78d-d48d-4436-b8d5-d1d35adb2379,AL-8623,AL,382652812974,"Chobani Greek Yogurt, 32oz",L-6480,2026-06-25,2
ffb3b357-b8c8-49f4-9c65-9c5f30a25876,TN-4820,TN,875113329103,"Tyson Chicken Breast, Family Pack",337807,2026-06-26,1
87b89084-ed38-4381-875d-e2433a8f86ca,MS-3518,MS,241490613039,"Simple Truth Large Grade A Eggs, Dozen",P-1950,2026-06-22,4
1bcd4f38-72ba-4ccc-b75e-46be8a69cfeb,FL-8274,FL,653374520407,"Land O'Lakes Butter, 1lb",192729,2026-08-08,3
126712e9-493c-4fdb-bcd3-d29e5025e4cb,TX-9957,TX,701993641404,Blue Bell Vanilla Ice Cream,L-7111,2026-06-29,1
4d7e066a-68ef-41ab-bae7-c470a8813a69,FL-8815,FL,382652812974,"Chobani Greek Yogurt, 32oz",L-4260,2026-06-22,4
c2f36a69-a9ff-4331-93cb-13287d4bda16,MS-2735,MS,610163406023,Folgers Classic Roast Coffee,L-1324,2026-07-19,1
4d11e8c0-5944-465b-a2cc-12ed71b5f106,AL-9566,AL,701993641404,Blue Bell Vanilla Ice Cream,L-5740,2026-05-06,1
948ed84d-a628-480f-bd34-5756974ce80a,NM-7833,NM,146279721070,"Sunups Large Grade A Eggs, Dozen",P-1950,2026-07-22,3
aa20ee99-a57e-4a0e-8fca-7c5b7e56a59f,FL-9521,FL,382652812974,"Chobani Greek Yogurt, 32oz",L-4260,2026-06-09,3
0bf0d33c-d5e3-4b45-9efc-454c8d0cfcf8,AR-1489,AR,680261188425,"Great Value 2% Milk, Gallon",L-7111,2026-06-18,4
a62c9efe-57b4-4174-b647-9f58a88bccf8,AR-1965,AR,875113329103,"Tyson Chicken Breast, Family Pack",250347,2026-07-04,2
a5e7ecbf-a5b1-4149-a632-4d36d1d2d6cb,NM-8789,NM,680261188425,"Great Value 2% Milk, Gallon",337807,2026-04-14,1
3e0ad7b5-01c8-4743-bcfd-586264394696,TN-1796,TN,610163406023,Folgers Classic Roast Coffee,192729,2026-05-01,2
3f54eca3-33e7-42fa-ac9d-14182df21502,AR-3883,AR,808049347754,Nature Valley Granola Bars,250347,2026-08-10,4
4fe9189a-b697-4d32-b565-336b1f9779d6,TX-2487,TX,889391736613,Wonder Bread Classic White,L-1324,2026-05-17,4
c4879bcb-a0f7-4b69-b640-6ded333f4c78,AL-5695,AL,382652812974,"Chobani Greek Yogurt, 32oz",192729,2026-05-20,3
1a3a0746-881b-4c58-9de5-0a20b18464e9,TX-9406,TX,653374520407,"Land O'Lakes Butter, 1lb",L-5740,2026-08-09,2
7f29d439-f48b-46ac-b39a-854ab3b0e0de,CA-5821,CA,680261188425,"Great Value 2% Milk, Gallon",L-1324,2026-04-28,2
53444b41-56b5-4fbe-89fc-60462b014ec0,NM-7221,NM,680261188425,"Great Value 2% Milk, Gallon",L-4260,2026-06-02,1
74fe899a-cb0c-43db-969e-3c85fa2dde20,MS-2974,MS,701993641404,Blue Bell Vanilla Ice Cream,L-6480,2026-06-27,3
22b4ebf7-b138-4658-b270-4a154f420dba,LA-9391,LA,701993641404,Blue Bell Vanilla Ice Cream,L-4260,2026-07-09,3
25b08d94-84e9-4dd7-a553-34bfae805cc6,NM-2387,NM,382652812974,"Chobani Greek Yogurt, 32oz",L-4260,2026-04-08,2
5b79e78b-5288-4fa3-8ca2-358f38141e92,AR-1549,AR,875113329103,"Tyson Chicken Breast, Family Pack",250347,2026-07-25,2
77a26e97-c8c0-4b5c-94b4-b938d48d0a1c,MO-8484,MO,680261188425,"Great Value 2% Milk, Gallon",250347,2026-07-26,2
a5b9a5c4-cf5a-4994-a393-05c19e31b90d,MS-4437,MS,808049347754,Nature Valley Granola Bars,192729,2026-04-11,2
3924e889-5bde-42d1-b654-0dfa8c5dc8c8,OK-6715,OK,889391736613,Wonder Bread Classic White,L-7111,2026-06-03,1
c4602a34-6a55-41d9-8c52-179baf854e6f,TN-2190,TN,680261188425,"Great Value 2% Milk, Gallon",L-5740,2026-05-03,1
e0d3a4d0-c59b-401a-b726-90149a3b80fd,AL-6031,AL,610163406023,Folgers Classic Roast Coffee,L-1324,2026-06-13,3
30150605-ebc7-43f6-93a5-526627c7dece,TX-5784,TX,610163406023,Folgers Classic Roast Coffee,250347,2026-06-15,2
6718f4cc-5a8f-4463-907f-700607d7da73,LA-3900,LA,808049347754,Nature Valley Granola Bars,L-6480,2026-07-30,4
966630e0-621b-4535-9d21-b931a1a279d2,OK-1392,OK,875113329103,"Tyson Chicken Breast, Family Pack",L-1324,2026-07-15,4
8408fee9-97ba-43a7-82ca-8ebe303c32e1,CA-2277,CA,889391736613,Wonder Bread Classic White,L-7111,2026-05-06,4
c98605c1-9a2f-47d5-85e8-7384695a160e,OK-7716,OK,701993641404,Blue Bell Vanilla Ice Cream,192729,2026-04-08,2
4021eb88-5857-43c8-9c83-256527ca5a9e,AR-1026,AR,610163406023,Folgers Classic Roast Coffee,L-5740,2026-04-01,4
3922d8a6-416e-4255-bda8-6dfa42197e14,TX-7692,TX,889391736613,Wonder Bread Classic White,L-6480,2026-05-15,2
cbd3ef39-2803-471c-aeac-c29b03eb82b4,GA-7066,GA,875113329103,"Tyson Chicken Breast, Family Pack",337807,2026-07-06,2
c9c08062-d3e6-4ce7-b980-48cf96b63892,OK-5447,OK,808049347754,Nature Valley Granola Bars,192729,2026-06-18,3
71082aa9-62a0-4c95-b9c1-8298762c34d1,MO-8546,MO,680261188425,"Great Value 2% Milk, Gallon",337807,2026-04-14,4
7b76140f-14d0-44a5-8f96-c474622ef3a0,LA-3564,LA,889391736613,Wonder Bread Classic White,L-4260,2026-06-08,2
c3ada4ab-03ea-4db6-bec6-13d1c91f4907,GA-7932,GA,610163406023,Folgers Classic Roast Coffee,L-4260,2026-05-13,3
3e3f9b89-ac53-439b-8edb-734bd88975c3,MS-5689,MS,382652812974,"Chobani Greek Yogurt, 32oz",L-6480,2026-07-22,1
d2c4493a-9b74-430d-ad64-654293a5490a,OK-1736,OK,889391736613,Wonder Bread Classic White,L-4532,2026-07-27,4
3baa8563-e760-4dc8-9536-ba8bcfa8b011,AL-3358,AL,701993641404,Blue Bell Vanilla Ice Cream,192729,2026-06-16,1
73890e9f-26ab-4da3-b28b-7cb87b5ed216,MO-4514,MO,653374520407,"Land O'Lakes Butter, 1lb",L-6480,2026-05-09,2
70888111-0ad0-447f-98ac-1a74a7c0981c,AR-9103,AR,680261188425,"Great Value 2% Milk, Gallon",192729,2026-04-30,3
34d3e4e9-ad54-4aa1-b3af-284875d44440,TN-3026,TN,701993641404,Blue Bell Vanilla Ice Cream,L-6480,2026-04-16,2
cbe5038e-0abe-4212-a4ad-5d931bb7410d,FL-5885,FL,680261188425,"Great Value 2% Milk, Gallon",L-7111,2026-08-13,4
2819141e-00d5-4840-8b7a-88ba0ac2e947,FL-8569,FL,653374520407,"Land O'Lakes Butter, 1lb",406635,2026-08-01,1
2d631f8e-ccf7-429a-80e3-31564a3cd24b,MS-3588,MS,808049347754,Nature Valley Granola Bars,192729,2026-05-12,3
2d5cfb56-2252-4784-a67b-d11349918b17,TN-9945,TN,701993641404,Blue Bell Vanilla Ice Cream,L-1324,2026-07-02,4
61ce62c9-89b4-41ca-a27e-d2333c3eb817,TN-3132,TN,382652812974,"Chobani Greek Yogurt, 32oz",250347,2026-04-19,4
ee1aa9f8-a21a-4eaa-8fbc-61850de3d3e4,MS-4902,MS,889391736613,Wonder Bread Classic White,L-6480,2026-04-21,4
c8f0ccec-a0bf-42d1-8394-a0460cd7e1cf,FL-5676,FL,610163406023,Folgers Classic Roast Coffee,337807,2026-07-25,1
d3bed423-4da5-41cc-a1f3-1aeb866afd7f,NM-2654,NM,680261188425,"Great Value 2% Milk, Gallon",L-6480,2026-07-17,3
810b95c8-6659-4ea8-b5f9-f8938fd4d53e,TX-3166,TX,701993641404,Blue Bell Vanilla Ice Cream,250347,2026-08-12,1
c3186840-2c5d-4036-993b-9cfd10e09308,AR-7703,AR,059533434211,"Kroger Large Grade A Eggs, Dozen",P-1950,2026-07-28,1
320090ba-2420-47c6-ad19-da75d969c775,CA-8345,CA,889391736613,Wonder Bread Classic White,L-1324,2026-05-07,2
af5e8fb7-301d-4f34-ade0-2645da2b682d,AR-3953,AR,701993641404,Blue Bell Vanilla Ice Cream,L-4532,2026-06-25,4
85670e44-ede4-4747-9e57-a8a0cbd25be4,CA-6467,CA,680261188425,"Great Value 2% Milk, Gallon",406635,2026-04-14,3
c3f33656-15c6-468a-8975-b2db578ed775,CA-5774,CA,889391736613,Wonder Bread Classic White,406635,2026-05-18,2
ff8bbb45-bdd6-48bd-9255-5b9bedddd79b,OK-8360,OK,701993641404,Blue Bell Vanilla Ice Cream,L-4532,2026-06-29,2
dfabce58-8d8c-45ab-9f69-cc7b77f7798c,LA-8563,LA,808049347754,Nature Valley Granola Bars,L-4532,2026-05-25,3
e317cfc8-1531-44e4-9d69-5da0350cd682,LA-6569,LA,610163406023,Folgers Classic Roast Coffee,L-5740,2026-05-25,2
29d0faab-2e22-4d98-828b-4a953a180953,CA-1418,CA,889391736613,Wonder Bread Classic White,250347,2026-04-24,1
227f6791-e055-4c9a-ad28-94bd13f5b690,LA-3865,LA,808049347754,Nature Valley Granola Bars,L-5740,2026-07-24,1
8efda49d-6492-4ad5-ab03-cd3da35dfff6,MS-6058,MS,875113329103,"Tyson Chicken Breast, Family Pack",406635,2026-05-22,1
fa031e39-f342-4e5d-a8f7-6bdac47db5b2,NM-4405,NM,808049347754,Nature Valley Granola Bars,L-4260,2026-05-08,3
356835c3-e554-4c1d-8db4-549a28a98f66,MO-3697,MO,680261188425,"Great Value 2% Milk, Gallon",L-7111,2026-07-25,4
d5c20ce4-0de7-41b1-9b2a-e651e9e18300,TN-3343,TN,382652812974,"Chobani Greek Yogurt, 32oz",L-4260,2026-06-07,3
f0114467-9aec-4632-ad0c-8e3a39b99343,MS-6556,MS,701993641404,Blue Bell Vanilla Ice Cream,192729,2026-04-21,4
6c1187b2-4046-43ae-afeb-32b88bb6b86c,TX-4043,TX,382652812974,"Chobani Greek Yogurt, 32oz",L-7111,2026-05-23,1
2796e8a8-4d40-48fa-8c69-ef71e668bb77,MO-4127,MO,610163406023,Folgers Classic Roast Coffee,250347,2026-08-01,1
56f0d804-bf32-4533-97e9-6d76ead8a6fb,NM-3352,NM,653374520407,"Land O'Lakes Butter, 1lb",250347,2026-06-08,2
50b31897-e999-4554-9941-dfad46caaaac,OK-9177,OK,382652812974,"Chobani Greek Yogurt, 32oz",L-4532,2026-07-05,2
c3257ed7-355c-4807-97ad-71b6a10a8b87,GA-6858,GA,889391736613,Wonder Bread Classic White,L-5740,2026-06-24,1
b39300ff-163f-44f4-8fa0-aadeddeda264,AL-6371,AL,382652812974,"Chobani Greek Yogurt, 32oz",L-5740,2026-07-08,4
d6c3f7a6-5b31-4603-b0d8-bfcdbed2987b,AR-7674,AR,701993641404,Blue Bell Vanilla Ice Cream,L-6480,2026-07-15,4
3781ac06-55bf-4ca4-8585-b86f1c601089,MS-4561,MS,382652812974,"Chobani Greek Yogurt, 32oz",L-7111,2026-06-06,4
63c52b93-3b1c-47d3-91cb-c48e4e87f654,TN-8274,TN,808049347754,Nature Valley Granola Bars,L-6480,2026-04-28,2
d7d83c35-cf3d-4fe0-b488-a80308cac06f,FL-8695,FL,889391736613,Wonder Bread Classic White,406635,2026-04-12,1
230dd1bd-c3ad-45fc-8da5-245d4f3ac23d,TN-7614,TN,653374520407,"Land O'Lakes Butter, 1lb",L-7111,2026-05-27,2
3df714e6-8ce0-4705-9ac1-57c31611696c,OK-9169,OK,382652812974,"Chobani Greek Yogurt, 32oz",L-4532,2026-07-06,4
e2bc109a-09f4-4d2c-8b31-2d3bd7f64584,CA-2109,CA,382652812974,"Chobani Greek Yogurt, 32oz",337807,2026-06-20,3
e7f71c4a-a40b-4b8b-991d-c3a717e08a84,GA-1434,GA,808049347754,Nature Valley Granola Bars,337807,2026-08-04,3
a6070433-e717-4b02-ad21-4bd86cf4d718,TX-1208,TX,875113329103,"Tyson Chicken Breast, Family Pack",L-4260,2026-07-27,2
2b42ef39-2f40-4e14-bc06-dbc26af3b681,NM-6590,NM,382652812974,"Chobani Greek Yogurt, 32oz",L-7111,2026-04-12,2
e8d190aa-517c-4c01-a982-ced6b1d3c1d1,MS-6097,MS,808049347754,Nature Valley Granola Bars,L-4532,2026-06-04,4
5986cb05-921d-48a3-b79e-44910ee237f6,LA-2283,LA,889391736613,Wonder Bread Classic White,192729,2026-05-31,4
56e82332-6203-464c-bc4f-90a3f49c21ca,MO-9306,MO,875113329103,"Tyson Chicken Breast, Family Pack",L-4532,2026-06-21,1
2a6a098b-8cac-4129-b7d2-2481c30eb806,MS-5431,MS,875113329103,"Tyson Chicken Breast, Family Pack",L-7111,2026-07-05,1
1bd7c882-5861-43b0-ba2b-7bfd73d04077,TN-7728,TN,382652812974,"Chobani Greek Yogurt, 32oz",L-4532,2026-07-05,2
f4b0cfb4-716c-4255-9d48-89903a7a4c6c,GA-8285,GA,808049347754,Nature Valley Granola Bars,250347,2026-05-30,4
4ab21dc9-d411-4afe-9781-58f771f63731,GA-5396,GA,653374520407,"Land O'Lakes Butter, 1lb",L-5740,2026-06-09,3
fbf9870d-13db-4341-b002-8c43cf225269,FL-6309,FL,610163406023,Folgers Classic Roast Coffee,L-4260,2026-04-12,2
922774fb-9f99-4642-aecd-d7e8e28946db,GA-4219,GA,610163406023,Folgers Classic Roast Coffee,250347,2026-05-04,2
aba9795a-f1b0-42d4-bb01-204dd3d1bd69,GA-4216,GA,382652812974,"Chobani Greek Yogurt, 32oz",L-1324,2026-08-12,4
720c9e8b-57f3-4d0e-8a83-1dcadb7f156e,AL-6449,AL,875113329103,"Tyson Chicken Breast, Family Pack",L-1324,2026-04-21,2
d8981eb5-25ee-4c67-a9e2-8606db091f3e,GA-2941,GA,680261188425,"Great Value 2% Milk, Gallon",337807,2026-07-31,1
74fb2fee-c888-4cb0-b82a-ce1bf5d6af7f,MO-8256,MO,382652812974,"Chobani Greek Yogurt, 32oz",L-4260,2026-07-01,2
ed64690d-0bbf-4d47-8411-fcf7796b58d0,LA-6639,LA,875113329103,"Tyson Chicken Breast, Family Pack",L-5740,2026-04-16,2
c59012aa-c53e-495b-af6e-457c8aa4aeed,LA-7507,LA,241490613039,"Simple Truth Large Grade A Eggs, Dozen",P-1950,2026-07-28,4
066af40d-ae5c-4b5a-9b29-e740a9d9ef1e,CA-5091,CA,680261188425,"Great Value 2% Milk, Gallon",250347,2026-07-01,4
0a027263-9f65-444c-955a-6d7094509792,AL-1222,AL,889391736613,Wonder Bread Classic White,L-1324,2026-04-01,4
469ae60d-c61c-4533-bcc5-bbb52a2efae9,AL-1378,AL,808049347754,Nature Valley Granola Bars,406635,2026-06-04,4
4daae42c-f715-4e39-9aaf-2a159df183e5,CA-1923,CA,680261188425,"Great Value 2% Milk, Gallon",192729,2026-06-11,3
075f73d5-5120-4f66-a4b7-1ea18e82f409,AR-4232,AR,875113329103,"Tyson Chicken Breast, Family Pack",337807,2026-06-12,1
670f7b4f-0e61-4522-ac88-3c4fda944191,AR-6855,AR,382652812974,"Chobani Greek Yogurt, 32oz",337807,2026-07-12,1
adcdb3df-15fd-4787-aa84-dd5cf6292973,NM-3759,NM,875113329103,"Tyson Chicken Breast, Family Pack",L-5740,2026-05-18,3
81d63bfb-c8d7-407c-bac5-cc5bda9cecec,MS-5722,MS,701993641404,Blue Bell Vanilla Ice Cream,337807,2026-04-30,2
35d07495-0e18-4938-b47e-4e509dbb9d7b,AL-9528,AL,610163406023,Folgers Classic Roast Coffee,L-7111,2026-07-14,2
26b2dbc2-88a7-4c92-b2e9-65e73b63e048,FL-8559,FL,653374520407,"Land O'Lakes Butter, 1lb",L-4532,2026-06-29,1
e4e5f5bc-777e-407e-84dc-d848863958b8,FL-9123,FL,889391736613,Wonder Bread Classic White,L-4260,2026-05-24,3
31832196-f0a7-47ac-81a4-66369cbaab63,TN-3843,TN,875113329103,"Tyson Chicken Breast, Family Pack",L-7111,2026-04-11,4
a7e84488-bdb5-4761-8a64-7baab051d3a8,CA-5747,CA,653374520407,"Land O'Lakes Butter, 1lb",406635,2026-04-24,1
6c9772e1-a74c-4cc0-bfaa-1b512c8eaf29,AL-6784,AL,680261188425,"Great Value 2% Milk, Gallon",192729,2026-05-23,4
7ab64a8a-c563-45fd-a84f-47e17b9ed1fa,CA-7295,CA,382652812974,"Chobani Greek Yogurt, 32oz",192729,2026-06-08,1
2667449a-b883-4fdd-9802-47fb81f602c5,NM-5448,NM,610163406023,Folgers Classic Roast Coffee,L-1324,2026-07-31,4
dceaf35a-7da1-41d7-9fc8-d07f198f3876,TX-9699,TX,610163406023,Folgers Classic Roast Coffee,L-1324,2026-04-12,2
67ffecf3-ea24-4a3f-ba33-3d8ebb536ce3,GA-4977,GA,889391736613,Wonder Bread Classic White,L-7111,2026-04-27,4
ccb9baff-35a8-464c-afb1-6bbda31d9a66,TX-6261,TX,680261188425,"Great Value 2% Milk, Gallon",192729,2026-05-07,4
7c15da05-b2e7-4089-9026-ea08f9a7b324,CA-2003,CA,701993641404,Blue Bell Vanilla Ice Cream,L-5740,2026-07-31,3
d725820b-2f6e-44f1-a047-3391dcd54350,FL-3706,FL,808049347754,Nature Valley Granola Bars,L-4532,2026-07-13,2
dcf2f875-4a45-466c-a8d1-c56b5f9797a0,LA-2641,LA,808049347754,Nature Valley Granola Bars,192729,2026-05-23,3
2dd36a53-d4e2-4258-ac30-07f763aafa26,OK-8497,OK,610163406023,Folgers Classic Roast Coffee,L-5740,2026-08-14,2
af72c97c-a6d1-4161-9cda-36738f69e4c1,TX-7473,TX,875113329103,"Tyson Chicken Breast, Family Pack",250347,2026-06-10,2
c1cb0d15-87a9-48d6-817c-66f6575916fd,TX-9864,TX,701993641404,Blue Bell Vanilla Ice Cream,406635,2026-07-31,2
4b7893ec-7c33-41b2-8fb9-b75d550c28a8,OK-4370,OK,875113329103,"Tyson Chicken Breast, Family Pack",L-7111,2026-08-01,2
c20beee9-3bdf-4b48-a8e6-c56b8c6f29eb,MS-6036,MS,680261188425,"Great Value 2% Milk, Gallon",L-6480,2026-04-17,1
08986301-7b55-4606-81a6-ead4ba29dac6,AR-1500,AR,701993641404,Blue Bell Vanilla Ice Cream,337807,2026-07-20,3
dcf0943d-7490-4f96-ab0e-2581639fac35,AR-3688,AR,808049347754,Nature Valley Granola Bars,L-6480,2026-08-15,1
bffed98a-06cc-404c-9845-ced410638743,MO-1661,MO,808049347754,Nature Valley Granola Bars,192729,2026-07-01,1
e3a87349-ac3c-462f-95d8-29b1ccccb52e,MO-9036,MO,808049347754,Nature Valley Granola Bars,L-7111,2026-06-06,2
eab09ec6-6419-4f9e-b2eb-6c2c61b55eb9,LA-7953,LA,808049347754,Nature Valley Granola Bars,192729,2026-04-05,1
4f806cdf-fca2-4e56-a400-bd02cb6188bd,TN-1922,TN,610163406023,Folgers Classic Roast Coffee,337807,2026-04-11,2
59745762-f334-4201-8161-8bafcc8480b2,MS-7504,MS,059533434211,"Kroger Large Grade A Eggs, Dozen",P-1950,2026-06-15,2
ccdb7de0-731a-48a1-9a84-caf0c8a679c0,TX-2533,TX,701993641404,Blue Bell Vanilla Ice Cream,337807,2026-05-26,4
155e6900-d38e-4849-a6de-9eaf6f065dfa,MS-1740,MS,808049347754,Nature Valley Granola Bars,337807,2026-08-11,4
9cd9b80b-5b84-4bd0-a55c-5899cfb89853,TX-4907,TX,875113329103,"Tyson Chicken Breast, Family Pack",L-6480,2026-06-11,1
e64af550-7f2c-416e-9345-38e9caa8b02d,NM-6018,NM,889391736613,Wonder Bread Classic White,L-5740,2026-08-05,1
d644ea1b-0f3b-4ea8-914c-c74ff73bc175,TN-9808,TN,653374520407,"Land O'Lakes Butter, 1lb",L-5740,2026-06-26,2
92456655-59a0-41a7-b652-90753db2041c,MO-9026,MO,653374520407,"Land O'Lakes Butter, 1lb",406635,2026-06-07,4
abca94d6-2545-4a76-8af5-1b34c5502122,MO-7829,MO,610163406023,Folgers Classic Roast Coffee,250347,2026-04-27,3
c59f709c-1cf8-40d5-9706-e4d6c1bc0192,LA-8886,LA,808049347754,Nature Valley Granola Bars,L-6480,2026-04-16,3
37611ff7-d94f-489c-b13f-a428dd5ff05e,TN-2016,TN,610163406023,Folgers Classic Roast Coffee,192729,2026-07-07,1
ad66d78e-54b0-4650-83ab-b279e753c2ca,OK-3679,OK,382652812974,"Chobani Greek Yogurt, 32oz",L-4260,2026-06-28,3
461dfef5-d0ef-4646-a471-69ff51f27cd5,MO-6023,MO,701993641404,Blue Bell Vanilla Ice Cream,L-4260,2026-05-27,4
4cbff5da-a392-4248-aafa-9438d08fe242,NM-4421,NM,701993641404,Blue Bell Vanilla Ice Cream,L-7111,2026-04-13,4
69264c8a-cc6e-4b96-8d2d-0a0ab02cfceb,AL-9436,AL,382652812974,"Chobani Greek Yogurt, 32oz",L-4532,2026-05-18,3
d8661bd3-e1dd-487f-a7d6-8eafe622758d,OK-2561,OK,610163406023,Folgers Classic Roast Coffee,406635,2026-04-18,3
05104340-5e14-4a67-be4a-3c955674948e,OK-7102,OK,610163406023,Folgers Classic Roast Coffee,L-7111,2026-07-27,2
177d8b4c-d3ce-4a71-901a-ac9829ba6d79,FL-9134,FL,701993641404,Blue Bell Vanilla Ice Cream,L-6480,2026-06-10,2
d7bfdd01-0846-4350-84bb-d6046982a484,LA-4596,LA,382652812974,"Chobani Greek Yogurt, 32oz",337807,2026-06-06,4
2f56f03d-0fc7-43ee-95e9-db8355c7596e,GA-6063,GA,875113329103,"Tyson Chicken Breast, Family Pack",192729,2026-07-30,3
ef0342f4-a6e6-477b-b197-e5143fe53973,OK-2215,OK,701993641404,Blue Bell Vanilla Ice Cream,L-1324,2026-06-05,3
24f23f65-5c44-4e53-b6b1-7cd2d86ee3f3,GA-7800,GA,680261188425,"Great Value 2% Milk, Gallon",L-6480,2026-06-05,2
8bba9c7e-050a-4449-b063-f2a15b6a4426,MO-6259,MO,889391736613,Wonder Bread Classic White,L-5740,2026-06-21,2
f16a3d35-7a8e-49e4-b1ea-775f683e71be,OK-7012,OK,889391736613,Wonder Bread Classic White,L-6480,2026-05-03,2
bc713f38-45da-498e-a734-d5471bf3a539,OK-3559,OK,875113329103,"Tyson Chicken Breast, Family Pack",L-4260,2026-08-02,3
4d5387a7-c1ca-4112-b50e-ce6a8ba06980,GA-3961,GA,701993641404,Blue Bell Vanilla Ice Cream,L-6480,2026-07-17,2
5639ca4b-d814-4b5a-993e-5fa47adb2d67,NM-5116,NM,610163406023,Folgers Classic Roast Coffee,337807,2026-07-26,3
de6e45d8-0f0f-4608-9a3a-e9fdc6735911,CA-9106,CA,680261188425,"Great Value 2% Milk, Gallon",192729,2026-08-06,1
95df274e-2499-4999-b0f3-65bdc99a9dcd,AR-6855,AR,653374520407,"Land O'Lakes Butter, 1lb",406635,2026-06-02,4
6f373539-0955-4078-8742-e84c22ab051b,FL-2077,FL,875113329103,"Tyson Chicken Breast, Family Pack",250347,2026-05-20,2
3257af89-89c6-4497-ad5e-094a848df784,CA-4944,CA,889391736613,Wonder Bread Classic White,250347,2026-07-25,2
defc8555-0216-4dab-b98a-e068ffd1378c,NM-2264,NM,808049347754,Nature Valley Granola Bars,L-6480,2026-07-16,2
9b79da22-f56a-4e4e-9063-ecf796f78b92,OK-5743,OK,653374520407,"Land O'Lakes Butter, 1lb",337807,2026-04-07,2
703252e9-763e-40df-af75-9a758e7a3443,CA-8372,CA,610163406023,Folgers Classic Roast Coffee,337807,2026-07-23,4
0ba9e720-c25c-4f5f-8a6f-a414b82b368d,MS-9718,MS,610163406023,Folgers Classic Roast Coffee,L-6480,2026-07-22,3
bac4b75f-2225-4f65-b4da-f4d676b2fa11,AL-5982,AL,610163406023,Folgers Classic Roast Coffee,L-4260,2026-04-01,2
853bfdf2-7f35-48db-acc9-3a1583b5fa2e,LA-9535,LA,859982493629,"Country Morning Large Grade A Eggs, Dozen",P-1950,2026-06-30,1
401a2b33-21bc-49b5-b6fb-a68148c4c30a,TN-4666,TN,875113329103,"Tyson Chicken Breast, Family Pack",406635,2026-08-10,2
70671744-4340-40d3-a77f-de7bf5622e04,CA-7859,CA,808049347754,Nature Valley Granola Bars,L-6480,2026-05-31,2
89609e42-d545-4781-83eb-d56cdb4490cd,OK-3921,OK,382652812974,"Chobani Greek Yogurt, 32oz",192729,2026-06-12,2
f76cf945-8773-4c4b-91af-2977d4fb2104,OK-5362,OK,808049347754,Nature Valley Granola Bars,406635,2026-04-29,4
795610ef-0d3a-48bb-bec1-8c01382a25af,NM-3873,NM,610163406023,Folgers Classic Roast Coffee,337807,2026-05-23,2
805c7a7d-808c-44e8-b3f1-7b77b2fdf322,GA-4282,GA,808049347754,Nature Valley Granola Bars,L-1324,2026-05-21,1
7774efba-17b7-4484-a797-e9daadca05d8,TN-5894,TN,875113329103,"Tyson Chicken Breast, Family Pack",L-1324,2026-06-12,4
b5a3be86-d0c1-4129-bf44-386ad88d8e94,TX-8171,TX,653374520407,"Land O'Lakes Butter, 1lb",L-4260,2026-06-23,3
f2cf5b3a-3132-4a6e-ab50-8dc6f281a45d,AR-3690,AR,808049347754,Nature Valley Granola Bars,250347,2026-07-29,1
d062cec5-4c86-4072-b6ad-77d2abac3365,FL-1204,FL,680261188425,"Great Value 2% Milk, Gallon",192729,2026-07-19,3
fdd7587c-b9c0-4db2-ac30-84b512d726f9,AL-7391,AL,875113329103,"Tyson Chicken Breast, Family Pack",406635,2026-07-01,2
3b1a5064-b461-4694-a871-b0938eeec219,TX-3513,TX,701993641404,Blue Bell Vanilla Ice Cream,L-4532,2026-08-12,3
2a36366c-18bd-4ed6-b014-29e2b5a8550a,TN-8169,TN,680261188425,"Great Value 2% Milk, Gallon",406635,2026-06-18,1
9d106188-5c9f-4fed-ab3f-0fd99961916e,MO-9557,MO,680261188425,"Great Value 2% Milk, Gallon",406635,2026-04-25,1
080e0d1c-6d71-490f-84a3-715354f3b89e,NM-6974,NM,859982493629,"Country Morning Large Grade A Eggs, Dozen",0840962,2026-06-28,3
67cbe9c3-6ebe-4330-bedd-88127f43713f,TX-8656,TX,653374520407,"Land O'Lakes Butter, 1lb",192729,2026-06-04,2
65b2c877-69c8-4c43-a476-11c3af857d16,OK-3271,OK,889391736613,Wonder Bread Classic White,L-6480,2026-08-13,3
7c51cf3f-6492-4497-bd32-1a184b9e2251,CA-2465,CA,701993641404,Blue Bell Vanilla Ice Cream,250347,2026-04-11,4
1889d8cd-e3ac-4602-9373-8b9712335bcd,NM-1953,NM,610163406023,Folgers Classic Roast Coffee,L-4260,2026-04-07,1
148c6a12-b2a6-4cb8-af74-edee3058fe6d,MS-1165,MS,680261188425,"Great Value 2% Milk, Gallon",L-1324,2026-07-28,3
1779ef1f-6334-46e2-919d-d0f7a28b887e,AR-3176,AR,875113329103,"Tyson Chicken Breast, Family Pack",L-5740,2026-04-13,2
e0aba0c0-80f7-460f-bf0a-a2770632cbaf,AR-8536,AR,610163406023,Folgers Classic Roast Coffee,406635,2026-05-23,3
b447687d-cf4d-4eb2-a270-b596f74ac925,MS-4580,MS,382652812974,"Chobani Greek Yogurt, 32oz",406635,2026-05-21,4
cfd6bae3-f0e5-4905-8605-447ae1a607cf,MS-3777,MS,889391736613,Wonder Bread Classic White,L-6480,2026-05-13,4
ea218248-da43-4f3b-97ed-6b9670b0f39e,AR-1327,AR,875113329103,"Tyson Chicken Breast, Family Pack",L-6480,2026-06-20,3
eb9501ed-d850-4273-b7d6-2af881c4cda2,AL-4200,AL,701993641404,Blue Bell Vanilla Ice Cream,L-5740,2026-05-21,4
617b958f-b132-4f2f-a425-7b85751efce2,CA-2229,CA,889391736613,Wonder Bread Classic White,192729,2026-06-09,2
e865f232-4585-4307-9ba6-f9e6c15f5055,MS-8293,MS,382652812974,"Chobani Greek Yogurt, 32oz",406635,2026-05-10,3
a2a9b240-4d6d-4570-8a13-7f52ebbf1d2b,LA-7540,LA,610163406023,Folgers Classic Roast Coffee,192729,2026-07-27,2
f9a593a2-0d2d-4e13-89ee-434bb2fb2d4a,FL-1751,FL,701993641404,Blue Bell Vanilla Ice Cream,250347,2026-04-13,3
70269958-1647-456e-8ec6-666c52002bd6,CA-6545,CA,875113329103,"Tyson Chicken Breast, Family Pack",192729,2026-04-21,3
49fd7139-55ff-45ed-951b-d1dd43424ab6,GA-8842,GA,701993641404,Blue Bell Vanilla Ice Cream,L-5740,2026-06-23,3
4ec3310e-bdfe-4a84-8c27-39e2c24f51ed,AL-9218,AL,808049347754,Nature Valley Granola Bars,337807,2026-07-29,1
cc05b62c-3e4c-48de-bcd3-0dd2671d5682,NM-9768,NM,653374520407,"Land O'Lakes Butter, 1lb",406635,2026-04-15,3
a8d14f44-29b0-446d-b8da-a37f1ec5a888,OK-6372,OK,889391736613,Wonder Bread Classic White,L-7111,2026-06-10,3
19af41e7-53db-48c1-b57a-27bf00573472,NM-4927,NM,701993641404,Blue Bell Vanilla Ice Cream,L-6480,2026-07-01,4
6bd124ba-2e27-445b-ab65-ccb325db577e,TN-9570,TN,701993641404,Blue Bell Vanilla Ice Cream,L-4532,2026-04-18,1
702c5b9c-6609-4c19-bc9c-d5105477cd58,MO-3782,MO,808049347754,Nature Valley Granola Bars,L-4260,2026-06-20,2
053744b6-cb0b-447f-9e48-ccb2610321ac,GA-4750,GA,653374520407,"Land O'Lakes Butter, 1lb",250347,2026-07-12,4
4a8870e6-80b5-4564-9c74-bc6ca9bb9a70,NM-4480,NM,701993641404,Blue Bell Vanilla Ice Cream,L-4532,2026-07-01,4
1a383b79-588a-47ba-9378-15f27434bf4c,AL-3092,AL,889391736613,Wonder Bread Classic White,L-4532,2026-05-10,2
aff2b90c-1276-498b-be27-c5a26d96f2e3,OK-7442,OK,653374520407,"Land O'Lakes Butter, 1lb",L-1324,2026-07-09,3
46f19ab5-2976-4afc-b909-3b58ab460af5,AR-6364,AR,875113329103,"Tyson Chicken Breast, Family Pack",L-1324,2026-05-12,3
f1ba9324-b20e-4107-a53d-86c96f54347e,CA-8695,CA,382652812974,"Chobani Greek Yogurt, 32oz",L-5740,2026-08-10,2
362cb0a7-d3f5-4720-b3ff-5c9170e953bf,GA-5124,GA,701993641404,Blue Bell Vanilla Ice Cream,L-6480,2026-08-15,3
382a3213-4d2b-47ab-8e31-94f6f89d814b,CA-7874,CA,808049347754,Nature Valley Granola Bars,406635,2026-06-19,4
16afdb17-4ca9-4664-966d-85f6ad4679ed,MS-6522,MS,653374520407,"Land O'Lakes Butter, 1lb",L-4532,2026-07-22,4
05cf403b-0753-4ae1-acae-8a3aa20d0af5,MO-5706,MO,889391736613,Wonder Bread Classic White,192729,2026-06-23,1
0759f8da-fb23-421e-b7e1-2a32d5005577,GA-9095,GA,808049347754,Nature Valley Granola Bars,406635,2026-06-03,3
6e3d514b-613b-4e08-98e5-f63a343c2220,FL-2022,FL,701993641404,Blue Bell Vanilla Ice Cream,406635,2026-05-03,3
02bde2af-120c-4ff6-86fa-9e2eda53f8f0,TX-8695,TX,653374520407,"Land O'Lakes Butter, 1lb",337807,2026-05-08,1
b6a1a269-2fb6-433e-8c86-8a761d148754,TX-3354,TX,680261188425,"Great Value 2% Milk, Gallon",250347,2026-07-22,3
9a5fd449-84ba-4c03-a42f-b9b9264f4b52,NM-7625,NM,808049347754,Nature Valley Granola Bars,L-6480,2026-05-08,2
96a7a885-e104-4cf5-b0ae-6bdb64c37d91,NM-3309,NM,146279721070,"Sunups Large Grade A Eggs, Dozen",P-1950,2026-07-25,1
0d228a01-9a2d-4d86-8b07-7f2d3d95229d,TX-3783,TX,701993641404,Blue Bell Vanilla Ice Cream,L-7111,2026-06-30,2
a9d01a78-77cf-432f-88e2-301f982c8932,AL-7013,AL,680261188425,"Great Value 2% Milk, Gallon",L-7111,2026-08-09,4
01ba6516-7d4f-4dde-ac53-e2adcb78a9a2,NM-7395,NM,701993641404,Blue Bell Vanilla Ice Cream,406635,2026-05-03,1
6913b8bf-8a46-490b-a9fe-51053cab856a,TN-8204,TN,680261188425,"Great Value 2% Milk, Gallon",L-4532,2026-04-24,4
4f76e912-29eb-40a5-8d3e-a22d1ea60d77,CA-8020,CA,382652812974,"Chobani Greek Yogurt, 32oz",L-4532,2026-08-14,1
d5ec056f-d9dd-417c-9380-375c47710b67,MS-4298,MS,610163406023,Folgers Classic Roast Coffee,L-4260,2026-04-18,3
96a24c61-b7a6-4fa2-afcc-5792db8accde,GA-2587,GA,610163406023,Folgers Classic Roast Coffee,L-5740,2026-07-20,2
c4554700-a5fd-49b6-96be-e5385c17b8d2,TN-1064,TN,875113329103,"Tyson Chicken Breast, Family Pack",L-4532,2026-08-14,3
5d5b7b7c-5d46-443d-8090-44a094e1eaf5,MO-9414,MO,701993641404,Blue Bell Vanilla Ice Cream,192729,2026-07-23,4
d828fa61-a87c-4fa9-8411-7e0c5fdcb16e,MS-5452,MS,875113329103,"Tyson Chicken Breast, Family Pack",192729,2026-04-03,1
dc641232-1895-46aa-ac30-dbaaeab1c011,MO-6137,MO,875113329103,"Tyson Chicken Breast, Family Pack",L-1324,2026-06-23,3
04e18eeb-3d2f-4d6e-915c-b279d2af28dd,MS-6465,MS,875113329103,"Tyson Chicken Breast, Family Pack",L-4260,2026-07-18,2
81b27787-facd-40cd-8aaa-4089e05f1bfb,TX-2052,TX,382652812974,"Chobani Greek Yogurt, 32oz",L-4260,2026-07-24,3
d772d775-1999-4c95-9726-e2ab588c0ddb,TN-1802,TN,701993641404,Blue Bell Vanilla Ice Cream,L-5740,2026-04-14,4
696463bf-2591-41ee-ab36-eeccf77b737a,LA-2981,LA,701993641404,Blue Bell Vanilla Ice Cream,406635,2026-07-11,2
f13a1ce8-3331-4060-b2ee-1a5389639dd9,TN-5061,TN,610163406023,Folgers Classic Roast Coffee,L-5740,2026-07-16,3
91b9511c-5bc8-4bad-99ce-48d4369bd901,TN-7100,TN,653374520407,"Land O'Lakes Butter, 1lb",L-6480,2026-04-10,1
ad534143-d9c2-4d94-826f-be9cd196bede,GA-2387,GA,875113329103,"Tyson Chicken Breast, Family Pack",192729,2026-05-24,4
0a07afd5-6341-4401-9a6e-353c94d5869b,LA-1813,LA,382652812974,"Chobani Greek Yogurt, 32oz",L-7111,2026-04-26,3
26591147-b5d7-4120-899b-a86467f1cd28,CA-2503,CA,701993641404,Blue Bell Vanilla Ice Cream,L-4532,2026-07-17,3
51d41a7b-41fd-424f-b1ae-ed06fd465215,FL-1279,FL,875113329103,"Tyson Chicken Breast, Family Pack",337807,2026-06-19,4
c759a000-47d5-4c9c-9b80-dfc4e3e05cdd,FL-2764,FL,808049347754,Nature Valley Granola Bars,L-1324,2026-06-21,3
50947f7e-dd4d-43c1-a989-b7dc978e60c6,OK-5912,OK,889391736613,Wonder Bread Classic White,L-1324,2026-07-17,4
37f7691c-9211-403d-a93e-d64198c66642,TN-8688,TN,889391736613,Wonder Bread Classic White,192729,2026-07-28,4
4a7e6a65-c19f-4a82-9772-1b8a67ad881d,GA-5846,GA,653374520407,"Land O'Lakes Butter, 1lb",L-1324,2026-05-04,1
fa0e9c1b-3727-472c-a731-c70b3bfbf732,AR-7973,AR,808049347754,Nature Valley Granola Bars,L-5740,2026-08-07,4
eb075892-054d-4ca9-a4af-e8354857c503,TN-7791,TN,382652812974,"Chobani Greek Yogurt, 32oz",L-5740,2026-07-11,4
3cf23df3-df38-48e0-b2a9-8786f7d37c12,AL-9686,AL,889391736613,Wonder Bread Classic White,L-1324,2026-06-02,3
f4259414-dd5a-4288-81fb-407b3cdff1ef,GA-7496,GA,680261188425,"Great Value 2% Milk, Gallon",L-4532,2026-07-25,1
0176417c-f25d-4e59-98cb-26f5294da022,TX-8242,TX,808049347754,Nature Valley Granola Bars,192729,2026-06-30,3
16372faa-e10f-4c37-83c1-8a22b9acb6a5,FL-6683,FL,808049347754,Nature Valley Granola Bars,406635,2026-06-27,2
c64afaf0-56d8-4be4-bf18-c7cfb2ee0af8,LA-5867,LA,680261188425,"Great Value 2% Milk, Gallon",L-6480,2026-07-11,2
22b0eadd-6faa-4d07-876c-6a58b37fddf5,AR-5469,AR,610163406023,Folgers Classic Roast Coffee,192729,2026-06-09,1
e2f460cf-836a-42b5-ba46-4a449efa5372,LA-2554,LA,680261188425,"Great Value 2% Milk, Gallon",L-4260,2026-07-04,4
bfed1683-0c07-4664-8880-18a8a3ce2bca,OK-3110,OK,859982493629,"Country Morning Large Grade A Eggs, Dozen",P-1950,2026-07-01,3
e6b87de1-999f-454d-807c-05bea0a44ed1,CA-3782,CA,680261188425,"Great Value 2% Milk, Gallon",L-6480,2026-08-06,3
a46e4cbb-76c8-409f-a46d-d487058d66b1,GA-7248,GA,653374520407,"Land O'Lakes Butter, 1lb",192729,2026-06-14,2
d379f90c-c841-47ff-a98b-a28e388fb70b,OK-3475,OK,680261188425,"Great Value 2% Milk, Gallon",L-1324,2026-07-12,4
01f2a951-65f8-463f-bcab-1d982d46cb4e,OK-2583,OK,701993641404,Blue Bell Vanilla Ice Cream,L-7111,2026-07-19,4
0323a6c8-cd3a-4748-9f12-0709163806b9,CA-3964,CA,610163406023,Folgers Classic Roast Coffee,406635,2026-04-12,2
8c2e1bb3-736f-4242-a5cf-dc46e593e994,AR-9135,AR,680261188425,"Great Value 2% Milk, Gallon",L-6480,2026-05-08,4
425e0f7d-ddd7-4e08-93e3-ed1760632b33,MO-5774,MO,680261188425,"Great Value 2% Milk, Gallon",L-4532,2026-05-26,2
d3a58691-c9a9-47d4-b93c-65a03e86be2f,LA-6583,LA,808049347754,Nature Valley Granola Bars,L-4260,2026-07-05,4
a32eb373-00f6-441d-816b-c025c67c3ec7,MO-7999,MO,653374520407,"Land O'Lakes Butter, 1lb",L-1324,2026-06-15,4
f553dfdd-d3c8-49f9-819e-f5bdfac74909,MO-1068,MO,808049347754,Nature Valley Granola Bars,337807,2026-07-12,1
3c0316ca-7d89-4e93-810d-de82e6062fbe,TN-9661,TN,889391736613,Wonder Bread Classic White,L-5740,2026-05-02,3
ff47e9cf-18c1-4c27-852d-03c87361ab8a,TN-1425,TN,889391736613,Wonder Bread Classic White,250347,2026-05-03,1
9966fbf8-5241-48c2-b21c-fb64846878f0,MO-6969,MO,382652812974,"Chobani Greek Yogurt, 32oz",L-5740,2026-05-07,1
8fa3a388-f2d1-4e8c-9461-93629a5e4c53,LA-8330,LA,701993641404,Blue Bell Vanilla Ice Cream,L-1324,2026-04-15,3
2b7636cc-8f70-4d14-b617-062c63aecefa,AR-3630,AR,680261188425,"Great Value 2% Milk, Gallon",L-7111,2026-05-13,1
6c7f1557-6690-4f3b-a4fe-d4c11fee62c7,TX-2150,TX,889391736613,Wonder Bread Classic White,L-7111,2026-05-25,3
d5d079b8-c0fe-413d-a4e5-a065f25af34a,TN-3152,TN,875113329103,"Tyson Chicken Breast, Family Pack",192729,2026-04-27,2
d80b6d24-2f62-4621-9ff1-d85bae9513ce,AR-5545,AR,808049347754,Nature Valley Granola Bars,L-5740,2026-04-25,4
bb8bb4b9-9a2b-468f-8440-337e4bfb83c9,NM-5815,NM,653374520407,"Land O'Lakes Butter, 1lb",337807,2026-06-23,3
34ffca63-e0ab-42bc-b8c2-c86c4c6451b8,LA-8488,LA,653374520407,"Land O'Lakes Butter, 1lb",L-1324,2026-06-30,1
98b45fa9-8701-4ba4-9a6d-cb945e82e991,TX-7641,TX,610163406023,Folgers Classic Roast Coffee,L-4532,2026-06-22,1
d69d101b-54e2-47fe-80f3-baf033180dba,FL-1335,FL,875113329103,"Tyson Chicken Breast, Family Pack",L-6480,2026-06-30,4
d68e51c9-6c25-447b-b230-3355b9d7427a,NM-4687,NM,875113329103,"Tyson Chicken Breast, Family Pack",192729,2026-04-22,1
e6d33faf-95c2-4197-ab7d-30a88290600c,AL-3700,AL,808049347754,Nature Valley Granola Bars,L-7111,2026-05-04,1
d1be8b6f-e651-45eb-8199-f98292f80fc4,OK-5144,OK,382652812974,"Chobani Greek Yogurt, 32oz",L-7111,2026-07-13,3
2f99a19b-a8b6-47bc-bc98-88ce2696fdac,CA-1145,CA,875113329103,"Tyson Chicken Breast, Family Pack",L-7111,2026-05-04,4
51d3fd08-b463-430a-8dfc-cfc608efa3ab,TX-4709,TX,889391736613,Wonder Bread Classic White,L-5740,2026-08-05,2
cfb859a2-13c7-4aad-abc3-94da44537a64,OK-7884,OK,701993641404,Blue Bell Vanilla Ice Cream,L-1324,2026-04-07,2
b09e3b03-06e2-461b-a7d8-fe1e9382aafa,MO-6523,MO,808049347754,Nature Valley Granola Bars,192729,2026-06-20,3
e815414f-35f1-4d0b-b2cc-f775a063e72a,MS-6206,MS,680261188425,"Great Value 2% Milk, Gallon",250347,2026-05-15,4
c6c99d29-9ae4-4817-8e7b-7de57c43d21a,TX-6867,TX,808049347754,Nature Valley Granola Bars,250347,2026-06-26,3
2f2b3aa4-4fd0-46df-b4d9-21e467b86e12,NM-4171,NM,382652812974,"Chobani Greek Yogurt, 32oz",L-5740,2026-07-01,2
1d2bbfcf-264b-42c6-b726-c8c067390436,LA-2111,LA,701993641404,Blue Bell Vanilla Ice Cream,250347,2026-04-14,2
c64011f7-6b5b-46d9-a790-c147cae143be,MS-7292,MS,875113329103,"Tyson Chicken Breast, Family Pack",L-6480,2026-06-09,4
e01c7f8e-841f-4749-aff2-abb7adb2092f,NM-6504,NM,610163406023,Folgers Classic Roast Coffee,L-5740,2026-04-03,4
1f8e1dc1-3da9-4328-8626-ac3397a79c67,TX-2549,TX,382652812974,"Chobani Greek Yogurt, 32oz",337807,2026-05-14,4
1aabcfa5-0ba5-43a2-8503-ea035c9cf437,LA-8408,LA,889391736613,Wonder Bread Classic White,337807,2026-08-12,3
c3b107c2-7bd7-4f7c-a16b-ff9f8365d40a,CA-2855,CA,808049347754,Nature Valley Granola Bars,L-1324,2026-08-12,2
94f62936-e84f-421a-b1c7-298cf82d088b,FL-6511,FL,610163406023,Folgers Classic Roast Coffee,L-7111,2026-08-11,3
190cd2bb-5dd5-46ef-99ab-f8a8d422fdb2,MO-4595,MO,610163406023,Folgers Classic Roast Coffee,L-1324,2026-05-24,3
f3863530-3f7f-490d-b05d-7ca9de671f39,AL-4867,AL,610163406023,Folgers Classic Roast Coffee,250347,2026-05-21,3
faa0a4fe-c70b-48cb-9a21-7ec2bc7a4376,FL-6489,FL,680261188425,"Great Value 2% Milk, Gallon",L-4260,2026-06-10,2
8b5b98d9-9abd-4d54-acee-2a351e4b2014,MS-3117,MS,653374520407,"Land O'Lakes Butter, 1lb",406635,2026-06-20,2
7a27e25b-644b-49bf-bbfb-182ef4e8aa36,AL-3091,AL,653374520407,"Land O'Lakes Butter, 1lb",406635,2026-06-25,1
d4a08918-dce9-4f4b-87b0-cc7a70ce8b69,MO-1310,MO,382652812974,"Chobani Greek Yogurt, 32oz",406635,2026-07-04,4
e01b32e6-bebe-4ace-9adb-206731a7821c,FL-6743,FL,808049347754,Nature Valley Granola Bars,L-5740,2026-08-04,1
94223ce1-9ab5-4812-84e5-a305cebd780e,MS-4886,MS,889391736613,Wonder Bread Classic White,L-1324,2026-06-26,3
d3706540-c3b0-4b4d-a962-0d3bc601c627,LA-9922,LA,808049347754,Nature Valley Granola Bars,L-7111,2026-07-05,2
51bd0b05-e084-4e2f-9d78-8c7f2b386ca9,MO-2265,MO,808049347754,Nature Valley Granola Bars,L-5740,2026-07-01,3
152b531e-6c94-43dc-bc40-132d4d2cffbc,MO-3484,MO,701993641404,Blue Bell Vanilla Ice Cream,L-1324,2026-04-14,1
cd80a3f7-caf4-4ef3-ab1c-201565371a61,AL-3448,AL,680261188425,"Great Value 2% Milk, Gallon",L-1324,2026-07-13,4
4c703361-2621-4806-969a-d6fae1923497,MO-1243,MO,808049347754,Nature Valley Granola Bars,250347,2026-08-10,4
8b811828-e9c4-494a-a288-29cc6a4434a8,NM-7429,NM,701993641404,Blue Bell Vanilla Ice Cream,L-5740,2026-04-11,1
a25e429a-3693-4814-aa14-d2ea80e49a0e,NM-9941,NM,653374520407,"Land O'Lakes Butter, 1lb",L-6480,2026-07-19,4
b040cd67-7c5a-4435-b5a1-3e3c05a2f50e,NM-5907,NM,653374520407,"Land O'Lakes Butter, 1lb",L-1324,2026-06-21,1
8fd24f8d-5a4e-4e78-9528-7eae74369ed5,AL-8069,AL,889391736613,Wonder Bread Classic White,L-1324,2026-04-20,4
04abe546-3d32-4e6e-a810-2c6157cf650d,FL-9595,FL,808049347754,Nature Valley Granola Bars,192729,2026-06-30,4
511db79e-42ba-446e-84fe-909b84bc1250,GA-5835,GA,680261188425,"Great Value 2% Milk, Gallon",192729,2026-04-13,3
12aefb91-5173-4c4e-8d44-bbc9f918e3b3,CA-5165,CA,808049347754,Nature Valley Granola Bars,L-4260,2026-04-09,1
617fafb3-cb5b-43b4-834a-fba83d58fd20,FL-2958,FL,653374520407,"Land O'Lakes Butter, 1lb",L-5740,2026-05-11,1
4c31c8c3-8aab-478b-861c-69b481cdc318,AR-3420,AR,889391736613,Wonder Bread Classic White,406635,2026-06-05,4
b2a83953-0ed4-4001-9779-efb1032e1ea8,FL-1959,FL,808049347754,Nature Valley Granola Bars,L-7111,2026-08-05,2
e43806aa-6781-4b54-9163-a847806e0de8,GA-1746,GA,808049347754,Nature Valley Granola Bars,406635,2026-06-17,3
3b8984a1-0e8a-4752-8759-92704cfed22f,MO-6701,MO,701993641404,Blue Bell Vanilla Ice Cream,L-7111,2026-04-01,2
48ff7750-0a0e-4bf5-ad4a-b4b0026f3235,GA-1763,GA,875113329103,"Tyson Chicken Breast, Family Pack",250347,2026-06-09,4
2d98ea07-218c-42e5-bd0e-eb3b921b28d0,AR-8304,AR,875113329103,"Tyson Chicken Breast, Family Pack",406635,2026-06-27,1
56cb74d0-0146-4e86-9603-cf65ffb401b7,MS-7275,MS,889391736613,Wonder Bread Classic White,L-6480,2026-08-01,3
86eca17b-6241-49a9-a47f-2968ce22ec8e,TN-7692,TN,889391736613,Wonder Bread Classic White,406635,2026-07-26,4
251e9f24-6905-41ec-9c56-a84528ff3aec,NM-3511,NM,680261188425,"Great Value 2% Milk, Gallon",L-5740,2026-08-07,2
bf9fc91d-6312-481c-a307-e5e1847a00d1,MO-7207,MO,808049347754,Nature Valley Granola Bars,L-4260,2026-05-13,2
04f5d466-91c6-4349-b436-562e1fa0a49b,AR-7771,AR,610163406023,Folgers Classic Roast Coffee,L-4260,2026-07-24,1
9379ff37-0469-4cd6-adb3-6dc76332133c,GA-9015,GA,808049347754,Nature Valley Granola Bars,L-6480,2026-06-01,2
0353e337-6066-4a13-86b2-58215acc6a84,MS-5140,MS,701993641404,Blue Bell Vanilla Ice Cream,L-5740,2026-07-16,2
e5254af9-3236-4209-8be2-3ade77de364c,LA-3438,LA,382652812974,"Chobani Greek Yogurt, 32oz",L-4532,2026-06-15,4
1d8eab6b-c2fb-4142-ac70-8423d9b7de79,LA-4835,LA,653374520407,"Land O'Lakes Butter, 1lb",250347,2026-07-29,4
f456acaf-cee1-4d8f-b9ee-98fee8bfaad8,GA-4290,GA,889391736613,Wonder Bread Classic White,L-4260,2026-04-26,4
70c0bd28-0909-4b54-b6d2-26a46cc335d7,GA-5371,GA,680261188425,"Great Value 2% Milk, Gallon",L-5740,2026-05-18,2
fefcc830-9c1e-4204-9c79-863f88cfbc24,GA-4516,GA,680261188425,"Great Value 2% Milk, Gallon",L-4532,2026-05-01,1
f682d056-8ce7-4008-80b9-82d81946fb21,FL-4254,FL,680261188425,"Great Value 2% Milk, Gallon",192729,2026-06-13,4
5ebf8bb8-81df-4af3-b3a9-b63becae3ce8,MO-9964,MO,680261188425,"Great Value 2% Milk, Gallon",L-1324,2026-05-22,1
f3ef8f49-6e92-478f-bac7-9186bec99f61,LA-9231,LA,653374520407,"Land O'Lakes Butter, 1lb",L-7111,2026-07-08,3
a29043bf-46e2-486e-804d-18fe80ff300f,TN-8205,TN,610163406023,Folgers Classic Roast Coffee,L-1324,2026-08-01,4
9715a8cc-011f-4cd1-8628-4ea012e507ef,TX-4498,TX,808049347754,Nature Valley Granola Bars,L-4260,2026-05-01,3
c48947b6-e0ab-4aed-be30-664e9b33fa5f,AR-5591,AR,680261188425,"Great Value 2% Milk, Gallon",192729,2026-04-28,2
ea5f468f-382a-430c-a7f1-52727d3f03e9,OK-7586,OK,382652812974,"Chobani Greek Yogurt, 32oz",250347,2026-06-05,4
c69747fd-58d8-4c22-96a3-70847e8c8d91,MS-3858,MS,808049347754,Nature Valley Granola Bars,337807,2026-07-01,2
0444eaea-0811-4a2a-af76-2f8d96c2869d,TX-9977,TX,653374520407,"Land O'Lakes Butter, 1lb",L-4532,2026-04-23,3
77bd9aef-70e4-4bf5-9392-c0ab5144a3de,TX-2158,TX,610163406023,Folgers Classic Roast Coffee,L-1324,2026-06-04,2
13299a73-ab6c-47a8-bc9f-b357614ba347,OK-4835,OK,653374520407,"Land O'Lakes Butter, 1lb",L-4532,2026-04-07,2
ade8a886-9796-46cf-a992-efda7774df34,OK-6335,OK,610163406023,Folgers Classic Roast Coffee,406635,2026-08-13,1
23b4564b-81d8-4007-a479-782e21109d94,LA-5483,LA,808049347754,Nature Valley Granola Bars,250347,2026-04-15,2
61c70cd0-00f3-4c2c-9ff9-cb1ef56c74a5,NM-3872,NM,889391736613,Wonder Bread Classic White,L-4532,2026-08-05,4
32b412ba-cd84-4c9d-8aea-036a820ebdc1,MO-7666,MO,701993641404,Blue Bell Vanilla Ice Cream,192729,2026-07-13,3
e5836698-f5b3-4ec6-a517-5dd9a025f88a,LA-3009,LA,808049347754,Nature Valley Granola Bars,250347,2026-05-27,3
929c0b57-0493-4a39-a121-7642418623ab,MO-4227,MO,680261188425,"Great Value 2% Milk, Gallon",250347,2026-08-02,4
52686b42-3f43-46cc-9ab9-7cb21d40eb71,LA-6820,LA,701993641404,Blue Bell Vanilla Ice Cream,406635,2026-06-21,1
f3198b5a-3259-435a-9a4a-d65dfad42a99,NM-4722,NM,859982493629,"Country Morning Large Grade A Eggs, Dozen",0840962,2026-06-19,1
aa7679b8-4e9f-4204-9df9-25f9cbd6197d,NM-4607,NM,610163406023,Folgers Classic Roast Coffee,L-5740,2026-04-20,2
e58f36bd-54e3-4868-a05a-b0c3e3036339,LA-1419,LA,875113329103,"Tyson Chicken Breast, Family Pack",406635,2026-05-11,4
5341cd8a-f597-417b-a5a7-74803547f76a,LA-2268,LA,889391736613,Wonder Bread Classic White,192729,2026-07-01,3
688dcf39-f81f-4fe4-b2a2-fe9419e52b63,CA-4821,CA,889391736613,Wonder Bread Classic White,250347,2026-07-11,2
53e00da2-b96b-4a17-a5dd-81e20ac33b9a,LA-7964,LA,653374520407,"Land O'Lakes Butter, 1lb",337807,2026-04-26,3
9b3fb2e1-a3f8-441c-b14e-33c501e4f0e4,NM-6816,NM,701993641404,Blue Bell Vanilla Ice Cream,L-6480,2026-05-06,2
3141db85-73e7-414f-b5ab-cbb5dfb5ed99,OK-4869,OK,146279721070,"Sunups Large Grade A Eggs, Dozen",0840962,2026-06-22,2
481e4728-f2ce-4a7d-a5f2-76a575aa8a06,LA-6201,LA,610163406023,Folgers Classic Roast Coffee,L-6480,2026-08-09,4
1d840bd5-0629-43f0-904f-b7a95e23e32d,LA-3698,LA,680261188425,"Great Value 2% Milk, Gallon",406635,2026-05-22,2
3eb5c347-762d-46c5-8d76-b4430b64ceeb,CA-6807,CA,382652812974,"Chobani Greek Yogurt, 32oz",L-4532,2026-07-19,1
744bae8b-36e1-42b5-831b-c809b7db0ea9,OK-7814,OK,653374520407,"Land O'Lakes Butter, 1lb",L-1324,2026-04-02,1
702cdc64-5f87-4485-bf80-d58fd9f62a3a,TN-1617,TN,889391736613,Wonder Bread Classic White,337807,2026-06-18,2
22f38db0-cbc5-4414-b296-dfe5c876cb00,CA-7712,CA,875113329103,"Tyson Chicken Breast, Family Pack",L-1324,2026-06-13,4
4dbfbf2f-b5dd-4534-98a2-eee2834c3854,FL-2460,FL,701993641404,Blue Bell Vanilla Ice Cream,L-1324,2026-07-04,4
57994ad1-dfc7-4e46-aef7-9caf9378beb6,MS-4276,MS,382652812974,"Chobani Greek Yogurt, 32oz",L-1324,2026-05-21,4
c63645ee-cc7d-4c3f-ae36-aec7b4b24101,FL-8543,FL,382652812974,"Chobani Greek Yogurt, 32oz",L-6480,2026-05-22,2
d2480528-9072-4812-a9c3-5c2276db765e,AR-4279,AR,653374520407,"Land O'Lakes Butter, 1lb",L-7111,2026-06-26,3
a6a3c9e2-9ed8-41b5-bcc1-e0cf61ad1292,MS-2100,MS,889391736613,Wonder Bread Classic White,L-4260,2026-05-28,4
85641ac5-64ea-43d5-bbbb-a068138d0f95,MS-6191,MS,701993641404,Blue Bell Vanilla Ice Cream,L-7111,2026-05-14,4
2e127f4d-64e8-42f2-86ee-1a7872c70e65,NM-8618,NM,653374520407,"Land O'Lakes Butter, 1lb",L-5740,2026-05-27,1
5942d455-81da-49ec-bd2b-a1c2db45cbac,FL-7322,FL,889391736613,Wonder Bread Classic White,L-7111,2026-06-04,4
fe1de845-79e9-4cb1-9e73-7ee6d94dcbb0,OK-6007,OK,610163406023,Folgers Classic Roast Coffee,L-4260,2026-06-26,1
b2ef5e47-6a01-480e-a70e-5fe259ff11c5,MS-9508,MS,610163406023,Folgers Classic Roast Coffee,250347,2026-07-01,4
57b7438b-dc17-4d26-89cc-426b84717a92,LA-6671,LA,610163406023,Folgers Classic Roast Coffee,L-7111,2026-04-18,4
de872804-aac4-41fb-9a9b-99aac34259f4,AR-7920,AR,889391736613,Wonder Bread Classic White,337807,2026-07-05,1
b73f94bd-676f-4e0b-9f1e-f715379df53b,CA-7142,CA,382652812974,"Chobani Greek Yogurt, 32oz",337807,2026-06-05,1
9e8d6e9c-4fad-421b-92f2-8ba0def922a5,AR-6133,AR,382652812974,"Chobani Greek Yogurt, 32oz",250347,2026-04-18,1
6483da96-a0e9-4eb2-aa47-907eb6455857,AR-8142,AR,701993641404,Blue Bell Vanilla Ice Cream,192729,2026-06-27,2
af1728bf-224f-493e-ab8f-fc7983e37a5c,TX-6426,TX,680261188425,"Great Value 2% Milk, Gallon",250347,2026-08-05,1
b3dff671-2e1b-4894-8e27-9180c937e718,AR-5814,AR,889391736613,Wonder Bread Classic White,L-4532,2026-05-01,1
30c8500b-1884-4004-bf26-3e5a68bda3ce,FL-8024,FL,889391736613,Wonder Bread Classic White,L-6480,2026-06-03,2
55d3f250-9992-47da-b588-d0c3cc06e8da,LA-2162,LA,701993641404,Blue Bell Vanilla Ice Cream,L-7111,2026-04-14,2
e2ceff87-7c57-4772-a1af-032c3f75dd7f,FL-5822,FL,808049347754,Nature Valley Granola Bars,L-1324,2026-06-06,3
ee779b72-66a9-41f0-9739-de5856b18168,GA-1647,GA,680261188425,"Great Value 2% Milk, Gallon",406635,2026-07-05,4
44ed1939-3d1e-4c96-ae03-143c4e43f20c,LA-3358,LA,875113329103,"Tyson Chicken Breast, Family Pack",337807,2026-06-13,1
7a81b74e-735b-4d66-b827-299a6d457be5,NM-5062,NM,680261188425,"Great Value 2% Milk, Gallon",L-5740,2026-07-26,3
b0aa7d31-8d21-43a4-9841-cf09ed9101b9,OK-1519,OK,382652812974,"Chobani Greek Yogurt, 32oz",L-4532,2026-07-05,2
025865bf-7759-46a7-9098-aca6cbeeae92,TX-9836,TX,610163406023,Folgers Classic Roast Coffee,L-7111,2026-08-07,4
297c0bad-c896-45c0-9935-44bee7c93ecf,LA-1969,LA,875113329103,"Tyson Chicken Breast, Family Pack",L-6480,2026-06-02,1
fa3d61f6-f9d7-4c39-849b-18a49ac6dde8,AL-6180,AL,653374520407,"Land O'Lakes Butter, 1lb",L-6480,2026-06-20,4
2097196f-3e6d-433b-abcf-b462bf2b8ded,TN-5501,TN,875113329103,"Tyson Chicken Breast, Family Pack",L-6480,2026-04-09,1
e1837eb9-616f-408b-a30d-aa3258d4fe6c,MO-5721,MO,653374520407,"Land O'Lakes Butter, 1lb",L-4260,2026-06-15,2
03d0bc70-9ba0-4d98-9f90-9fdfa32b6ddd,GA-4409,GA,382652812974,"Chobani Greek Yogurt, 32oz",406635,2026-07-22,1
13f99cb7-bb02-448b-85eb-caf6c4c23da7,OK-6137,OK,875113329103,"Tyson Chicken Breast, Family Pack",406635,2026-07-19,2
26b5c3c7-9be3-47b4-986e-a13395c2d519,AL-9976,AL,680261188425,"Great Value 2% Milk, Gallon",L-1324,2026-07-04,2
dcac51f4-d3a6-49e7-9fa3-98d01e309ec8,AL-5073,AL,808049347754,Nature Valley Granola Bars,406635,2026-05-11,2
834dc886-bc86-441f-904d-22724a3b54a4,LA-5390,LA,808049347754,Nature Valley Granola Bars,L-6480,2026-06-03,4
7976177c-c6ec-4e7f-9bca-2da5ec81537c,CA-2867,CA,382652812974,"Chobani Greek Yogurt, 32oz",250347,2026-05-18,1
b8accc83-a5f8-4db5-aa50-5c835228b065,TN-5421,TN,808049347754,Nature Valley Granola Bars,406635,2026-08-05,2
f430513f-ba77-4dfb-946c-021ef2fc8307,NM-6505,NM,057642652279,"Brookshire's Large Grade A Eggs, Dozen",0840962,2026-07-13,1
7dfe0182-839d-421e-bef4-464a00912116,GA-2576,GA,610163406023,Folgers Classic Roast Coffee,L-4260,2026-04-06,1
7c573b09-bad3-4f66-945c-95a8cee0d4dc,AL-4545,AL,680261188425,"Great Value 2% Milk, Gallon",406635,2026-08-07,1
a8bf62f2-1685-45c4-a0dc-de6e27cb1a65,AR-1324,AR,889391736613,Wonder Bread Classic White,406635,2026-06-05,2
0c137481-9a3a-400b-9a04-34a5119d0bbf,FL-8323,FL,680261188425,"Great Value 2% Milk, Gallon",250347,2026-04-20,4
7846edf3-fecc-442f-9424-ecfe2fc9b964,NM-1797,NM,653374520407,"Land O'Lakes Butter, 1lb",337807,2026-04-14,1
f55ba2b4-7f59-4027-988b-5567131bf3d5,LA-1239,LA,059533434211,"Kroger Large Grade A Eggs, Dozen",P-1950,2026-06-30,4
f09e55f5-5b10-4e7c-888f-feb43c471a72,MO-1791,MO,889391736613,Wonder Bread Classic White,406635,2026-06-05,1
0de3c59a-4ba3-404b-a2ec-e8a7fe324f4b,OK-9583,OK,382652812974,"Chobani Greek Yogurt, 32oz",L-4260,2026-06-20,1
458c468c-baa6-4c17-b609-f0a761eb87b7,GA-2975,GA,653374520407,"Land O'Lakes Butter, 1lb",L-4260,2026-04-13,2
6dfa3eca-6561-472d-a287-ca8ef74cddce,TX-2120,TX,610163406023,Folgers Classic Roast Coffee,L-7111,2026-06-25,4
9df29779-ca95-4dba-be30-49b7bd26d0b6,NM-8215,NM,701993641404,Blue Bell Vanilla Ice Cream,192729,2026-06-29,1
f2ce233d-71db-47ce-bcbb-b81effa1ed66,AL-7066,AL,889391736613,Wonder Bread Classic White,L-5740,2026-04-12,3
931740b6-d3b8-495f-a062-e3064bbf0734,MO-2707,MO,701993641404,Blue Bell Vanilla Ice Cream,L-6480,2026-04-10,3
00350099-85bd-426e-81ce-34b839abf8fb,AL-7987,AL,680261188425,"Great Value 2% Milk, Gallon",406635,2026-06-16,1
e3d72752-aad2-4f9a-8679-522af44220f8,GA-5843,GA,653374520407,"Land O'Lakes Butter, 1lb",337807,2026-06-27,1
a26b032e-8fb5-4de7-aa6c-ab827425452d,MS-3921,MS,382652812974,"Chobani Greek Yogurt, 32oz",L-4260,2026-07-09,2
eff5c87d-473c-40f0-b3b7-204612bd41d7,OK-1634,OK,808049347754,Nature Valley Granola Bars,L-1324,2026-04-05,1
82447c33-7878-4fa6-a314-fc1da745686f,GA-7572,GA,701993641404,Blue Bell Vanilla Ice Cream,L-7111,2026-05-20,2
d966c25e-e5e0-441c-952f-4d685b7fd17f,LA-2087,LA,808049347754,Nature Valley Granola Bars,L-6480,2026-05-07,3
4de759e6-b3d9-4618-8f08-b94a9b5b8770,OK-3824,OK,808049347754,Nature Valley Granola Bars,250347,2026-05-03,2
ad6ee35f-a19c-4b25-96b1-4844fe54a7e0,FL-6228,FL,610163406023,Folgers Classic Roast Coffee,L-7111,2026-04-09,4
dc381ab3-7b5c-4f73-a637-1464d5bf841b,CA-1028,CA,808049347754,Nature Valley Granola Bars,250347,2026-06-03,3
0911f94c-5338-4f8c-ad0c-1187811477af,FL-3402,FL,382652812974,"Chobani Greek Yogurt, 32oz",250347,2026-05-21,1
64543bae-ee94-4e74-a1a0-d4d807f04287,TX-7367,TX,875113329103,"Tyson Chicken Breast, Family Pack",L-1324,2026-04-23,1
79292a1d-b6e6-47d3-bd4b-4bafab1476de,TX-6083,TX,889391736613,Wonder Bread Classic White,337807,2026-05-03,4
e88a1a8e-a50b-40fc-af08-91f0a4ab0f2b,NM-3587,NM,875113329103,"Tyson Chicken Breast, Family Pack",250347,2026-07-24,3
f8915be0-e9a6-4c24-8c1f-35c82ca8c78a,TN-5582,TN,610163406023,Folgers Classic Roast Coffee,192729,2026-05-02,3
14558439-b63a-4eb8-a520-144b6a73ed5a,TX-7563,TX,889391736613,Wonder Bread Classic White,L-4532,2026-08-15,2
a330a1c4-f970-45b7-be64-18f023e65f59,TX-8390,TX,382652812974,"Chobani Greek Yogurt, 32oz",L-1324,2026-06-12,4
1acd5320-f1ae-452a-896c-8f15a8580ba4,OK-9826,OK,146279721070,"Sunups Large Grade A Eggs, Dozen",P-1950,2026-07-12,1
1dcb029e-ca57-4613-9c81-454834ad1a8f,NM-9292,NM,680261188425,"Great Value 2% Milk, Gallon",L-1324,2026-05-17,2
bb9bdf7f-728b-4889-8d91-0d7fbe6ede07,MS-1931,MS,875113329103,"Tyson Chicken Breast, Family Pack",L-1324,2026-05-21,3
c2173028-366e-4613-ad51-5e960a2e049b,TX-7191,TX,701993641404,Blue Bell Vanilla Ice Cream,L-1324,2026-06-06,2
d8afa8c3-e690-46d7-91c3-f14764875b07,AR-7668,AR,808049347754,Nature Valley Granola Bars,337807,2026-05-13,1
67faf142-3fb1-40dd-a992-d25cc3afb5a9,AL-9861,AL,382652812974,"Chobani Greek Yogurt, 32oz",L-7111,2026-06-24,1
aa6ac99b-84cb-46f7-97fe-2d118d7f6d13,MO-8161,MO,653374520407,"Land O'Lakes Butter, 1lb",406635,2026-05-13,3
f68f4f40-85ce-438a-a00c-c583a9b03f80,AL-4842,AL,875113329103,"Tyson Chicken Breast, Family Pack",250347,2026-06-05,3
e30d2db4-9019-4e27-a652-00472d0f47fa,LA-1784,LA,680261188425,"Great Value 2% Milk, Gallon",L-1324,2026-04-05,4
8ce0837d-c1b0-4266-8328-577718c068ba,CA-1974,CA,382652812974,"Chobani Greek Yogurt, 32oz",406635,2026-06-05,1
a5e2b71b-5d45-45c0-8b3f-f98dbfa91804,OK-3846,OK,653374520407,"Land O'Lakes Butter, 1lb",L-4260,2026-05-05,2
7585dad3-dace-423e-bcd4-7bc82d4c37e3,LA-2821,LA,875113329103,"Tyson Chicken Breast, Family Pack",337807,2026-04-17,4
9cd0e661-d8ee-4d96-b9af-ca629d9937e1,LA-9858,LA,382652812974,"Chobani Greek Yogurt, 32oz",250347,2026-04-28,4
2d9dfe5c-d9dd-40f2-87a9-d797b1b4c0d7,AR-2703,AR,680261188425,"Great Value 2% Milk, Gallon",337807,2026-07-09,1
472562b7-baae-411b-a9c0-66e14b77ad7c,FL-1345,FL,701993641404,Blue Bell Vanilla Ice Cream,L-4532,2026-04-01,3
539033fc-9884-44ab-9ea9-cd8c055189c2,AR-9806,AR,808049347754,Nature Valley Granola Bars,L-1324,2026-07-25,4
2a27c581-f5ad-4ae8-9845-e6348fc9fa17,AR-5902,AR,889391736613,Wonder Bread Classic White,L-4260,2026-07-04,1
e3510937-a53a-4440-ae92-1e2fa42a7ff9,TX-8378,TX,875113329103,"Tyson Chicken Breast, Family Pack",L-4260,2026-04-15,2
db6449e8-afdc-403b-bec3-f88e9c0c5afd,TN-6736,TN,875113329103,"Tyson Chicken Breast, Family Pack",406635,2026-07-31,1
16d1694f-dec3-4825-bb44-95ff69bb780e,MS-5863,MS,680261188425,"Great Value 2% Milk, Gallon",406635,2026-05-29,2
ed0ffeb7-de90-4499-89ad-878904cfceb1,GA-5012,GA,889391736613,Wonder Bread Classic White,337807,2026-08-06,4
abf2fa05-39b3-42e8-b4e0-0690d58f184a,AL-1085,AL,808049347754,Nature Valley Granola Bars,250347,2026-04-22,2
0e58944d-ff8c-4cad-8001-7ce6565b88a6,TX-5763,TX,701993641404,Blue Bell Vanilla Ice Cream,L-7111,2026-06-07,1
2f042f38-721f-4e4e-8c48-546acacca39b,GA-1576,GA,653374520407,"Land O'Lakes Butter, 1lb",L-4532,2026-05-10,2
59c141b3-6779-4805-9697-2ca3713012b0,TX-6293,TX,653374520407,"Land O'Lakes Butter, 1lb",337807,2026-04-15,2
54f5f3e9-7529-4857-b011-0194078c2ed3,LA-8547,LA,889391736613,Wonder Bread Classic White,250347,2026-05-23,1
93a7eb7e-969c-4817-932c-a46997779043,LA-2338,LA,610163406023,Folgers Classic Roast Coffee,L-1324,2026-04-27,3
27785c3e-195d-4ad6-823a-7fe87a0b4ca5,TX-8309,TX,889391736613,Wonder Bread Classic White,406635,2026-06-30,1
ca8b1d69-e680-442d-8f49-31e688d22e0c,CA-4563,CA,610163406023,Folgers Classic Roast Coffee,L-5740,2026-06-10,1
b623bb67-dfdb-4a74-adc5-0c79f6ac07db,TN-5862,TN,680261188425,"Great Value 2% Milk, Gallon",192729,2026-07-17,2
8e12c2e1-eea3-48d2-a99d-dc9ec30f3139,GA-1255,GA,808049347754,Nature Valley Granola Bars,192729,2026-04-25,1
bf59dd36-ba3f-40df-b581-c5fe0c76aabd,TX-9848,TX,653374520407,"Land O'Lakes Butter, 1lb",L-5740,2026-05-25,1
45c68d12-0fe5-4c9d-8357-4cf35e3edca3,FL-1293,FL,889391736613,Wonder Bread Classic White,406635,2026-08-08,1
fc5270ec-6678-461d-8f9f-48183ca354fb,AR-4276,AR,610163406023,Folgers Classic Roast Coffee,L-7111,2026-04-01,4
535367ca-4f50-4b0a-8d45-1183629ae6fe,LA-7219,LA,875113329103,"Tyson Chicken Breast, Family Pack",337807,2026-07-15,1
506dd20f-b267-46df-b057-539cb8c2bcfa,MS-4628,MS,875113329103,"Tyson Chicken Breast, Family Pack",L-7111,2026-07-15,1
e4553d57-db25-46d6-8393-563235a46836,AL-8869,AL,653374520407,"Land O'Lakes Butter, 1lb",L-6480,2026-05-27,1
994efbbc-6e07-4803-91b2-30d87c0d9e0b,LA-2596,LA,680261188425,"Great Value 2% Milk, Gallon",192729,2026-04-11,3
d9d8237e-777c-4d54-ac94-af1e11f776c4,NM-1882,NM,889391736613,Wonder Bread Classic White,250347,2026-04-25,1
44374d44-f354-4f53-bb7f-aeb4cf6ebab7,OK-4626,OK,241490613039,"Simple Truth Large Grade A Eggs, Dozen",0840962,2026-06-20,1
e2db6248-b8f9-4130-9c73-724d008d2160,TN-1433,TN,680261188425,"Great Value 2% Milk, Gallon",L-4532,2026-06-18,4
e941dc30-fef0-4f40-809b-f3f4cc92b2b5,MO-9456,MO,382652812974,"Chobani Greek Yogurt, 32oz",192729,2026-07-16,4
cec02d85-e5cb-40e8-abaa-755243add739,TN-4208,TN,808049347754,Nature Valley Granola Bars,L-5740,2026-05-17,1
15c4c920-a805-4f24-a254-2786c4119feb,AL-4062,AL,680261188425,"Great Value 2% Milk, Gallon",192729,2026-04-14,2
50ff5cda-faa6-49b6-af59-a7415de0b613,CA-2332,CA,875113329103,"Tyson Chicken Breast, Family Pack",L-4260,2026-05-28,4
8d1e9415-8769-4101-bd56-7496bd3726b5,NM-2911,NM,875113329103,"Tyson Chicken Breast, Family Pack",L-5740,2026-07-31,4
db64b20b-0cf6-4250-a3d8-b7c96be3d70d,AR-3770,AR,701993641404,Blue Bell Vanilla Ice Cream,406635,2026-05-23,1
3ce828a5-29e9-4887-924e-9950ce25e86f,GA-3525,GA,653374520407,"Land O'Lakes Butter, 1lb",L-1324,2026-05-06,4
892f5c3b-8f2a-4b74-9d1b-9997a584ed0a,AL-5535,AL,875113329103,"Tyson Chicken Breast, Family Pack",L-6480,2026-05-13,3
00e28d75-6254-4f60-9ef3-c51f0d37fb05,MS-2705,MS,875113329103,"Tyson Chicken Breast, Family Pack",L-4532,2026-05-23,2
1094daa0-9190-4579-8e59-c59f4669909a,OK-1477,OK,859982493629,"Country Morning Large Grade A Eggs, Dozen",0840962,2026-07-02,4
d0d9a86e-c59c-4f25-a3e7-1a31852545b7,AR-4072,AR,382652812974,"Chobani Greek Yogurt, 32oz",192729,2026-04-06,4
6a632c71-823a-4b08-a032-3567ec0a82fe,AL-7288,AL,610163406023,Folgers Classic Roast Coffee,337807,2026-05-22,2
07475cb4-c476-456a-8939-47443dc24a8f,LA-2072,LA,889391736613,Wonder Bread Classic White,L-6480,2026-06-02,2
f08f83ac-7d29-4007-bb00-ca55b94e79f7,CA-4646,CA,653374520407,"Land O'Lakes Butter, 1lb",L-7111,2026-05-21,1
8983a215-d3d1-4b46-88f5-e63253f780cc,AL-3826,AL,889391736613,Wonder Bread Classic White,L-4532,2026-06-05,1
835e4595-0851-4a10-a1b7-43c43cc10df6,TX-1538,TX,680261188425,"Great Value 2% Milk, Gallon",L-5740,2026-04-25,2
8fa4396c-de73-4ab5-83aa-945ace267605,TX-8674,TX,808049347754,Nature Valley Granola Bars,L-6480,2026-05-04,3
1a4b812f-5a7c-4a47-ac89-b058a8df4d93,TN-5612,TN,808049347754,Nature Valley Granola Bars,250347,2026-05-18,2
70e98cc0-cb6c-4b56-9d72-60fef8878593,AL-1957,AL,680261188425,"Great Value 2% Milk, Gallon",L-1324,2026-07-02,1
669b31fe-4be7-42df-a42c-72f00e740f6a,AR-1732,AR,653374520407,"Land O'Lakes Butter, 1lb",250347,2026-07-12,2
a29d85ed-6d67-4032-ba02-5514633c8681,AR-3979,AR,241490613039,"Simple Truth Large Grade A Eggs, Dozen",0840962,2026-06-27,3
24585afd-95a0-4ea6-b683-bca58cf846ae,AR-7358,AR,889391736613,Wonder Bread Classic White,L-6480,2026-05-07,1
385f7aee-fa35-4849-9b91-74375844db35,GA-6897,GA,680261188425,"Great Value 2% Milk, Gallon",L-5740,2026-07-04,3
171bc6a1-5d17-4d73-9e5d-a6e7b8107ec5,TN-6231,TN,382652812974,"Chobani Greek Yogurt, 32oz",192729,2026-07-25,4
183d94ff-0c17-4d4f-bad5-010e3a78c720,TX-7637,TX,680261188425,"Great Value 2% Milk, Gallon",337807,2026-06-05,4
71eb6010-a49c-43c6-8639-9448e8d15418,GA-3065,GA,680261188425,"Great Value 2% Milk, Gallon",L-7111,2026-07-09,2
78386bb9-99df-4806-9904-392e6c1d174d,MO-3533,MO,889391736613,Wonder Bread Classic White,192729,2026-07-19,4
a73c15c7-0a24-4a0a-97af-fb692baace29,AL-2374,AL,653374520407,"Land O'Lakes Butter, 1lb",250347,2026-04-23,4
a64eb2a9-2c0c-4e27-aa16-4ac0f6fd76c5,TN-2758,TN,889391736613,Wonder Bread Classic White,250347,2026-05-14,4
4e0a8d28-c3f0-4475-a284-694c54ae3eeb,GA-3236,GA,808049347754,Nature Valley Granola Bars,L-5740,2026-04-22,4
a0a0f13b-f88b-4dcf-96b6-05c46933d41c,MS-4963,MS,610163406023,Folgers Classic Roast Coffee,406635,2026-04-29,3
5950a2c2-7b41-42a8-bb5b-0b4d48322417,MS-8546,MS,382652812974,"Chobani Greek Yogurt, 32oz",406635,2026-05-10,2
ad1ae505-f492-40ba-bee5-78c80200ae2b,AL-3768,AL,808049347754,Nature Valley Granola Bars,L-4532,2026-07-29,1
d9c1ee8c-4ce5-4985-b7f9-090a5a173eaf,GA-7242,GA,875113329103,"Tyson Chicken Breast, Family Pack",L-6480,2026-04-15,2
c1bb7e7f-3164-45cf-90e1-70ff7a44c715,MS-9989,MS,701993641404,Blue Bell Vanilla Ice Cream,L-7111,2026-07-06,2
d8bcf344-04aa-41b7-ac98-a24178fec9be,AR-8323,AR,653374520407,"Land O'Lakes Butter, 1lb",L-6480,2026-07-21,4
c9d7d851-9d3b-479b-8fd8-37d94efab2b2,MS-6997,MS,808049347754,Nature Valley Granola Bars,L-7111,2026-07-13,4
b8e82086-b37d-43b2-805f-045a08914f77,TX-6993,TX,701993641404,Blue Bell Vanilla Ice Cream,L-6480,2026-08-06,1
3c55506c-89ad-4bbc-896e-42bcff4215fc,MS-1473,MS,610163406023,Folgers Classic Roast Coffee,250347,2026-05-29,4
d0b474ef-9def-470b-833f-70724fb588d6,AR-8682,AR,680261188425,"Great Value 2% Milk, Gallon",250347,2026-08-10,3
c55f5ad7-18fa-4e4e-8904-57ae18259be7,NM-7520,NM,875113329103,"Tyson Chicken Breast, Family Pack",L-5740,2026-06-11,3
941d2721-18e9-4860-9175-7bf5e76beb58,MS-2495,MS,653374520407,"Land O'Lakes Butter, 1lb",406635,2026-04-01,4
5f666d96-f47e-4b5f-b633-145277c9febf,AR-6081,AR,701993641404,Blue Bell Vanilla Ice Cream,L-7111,2026-07-22,2
06e94f5a-75f0-4264-b921-cb2d96b961ff,MS-9099,MS,610163406023,Folgers Classic Roast Coffee,250347,2026-05-30,4
a972c9e4-a763-4745-b01c-daf7f8d40286,NM-5216,NM,808049347754,Nature Valley Granola Bars,L-4260,2026-05-08,1
0fd643e1-cdc6-4aa9-8d94-d33e373d6bc7,GA-5365,GA,701993641404,Blue Bell Vanilla Ice Cream,192729,2026-05-06,2
6094ea80-7736-4cf5-9f6c-42335d2fbadc,TN-2678,TN,808049347754,Nature Valley Granola Bars,L-5740,2026-06-17,2
e8b9b955-567e-4091-866b-21da3865e5c6,TX-1305,TX,653374520407,"Land O'Lakes Butter, 1lb",406635,2026-08-10,4
df674fd9-252a-4e1b-a5ea-b37857eeb75b,AR-8701,AR,610163406023,Folgers Classic Roast Coffee,L-5740,2026-06-03,1
6d1e4d0d-b368-4abc-97c6-4da1d0f47806,TX-6200,TX,680261188425,"Great Value 2% Milk, Gallon",406635,2026-04-09,3
0a7c6d74-77ba-437c-b76e-235e9bd07f15,FL-8724,FL,889391736613,Wonder Bread Classic White,L-4260,2026-06-18,3
47a21e4d-6f96-4a53-ac9b-7ebc97b53f14,FL-3882,FL,680261188425,"Great Value 2% Milk, Gallon",192729,2026-06-22,3
b1bb85a3-2f39-421f-a95e-e21d9c8bd145,FL-5300,FL,875113329103,"Tyson Chicken Breast, Family Pack",L-5740,2026-05-27,2
e2204ef6-a94e-4e35-9741-4476d8e63fc3,CA-3538,CA,875113329103,"Tyson Chicken Breast, Family Pack",406635,2026-06-16,2
30c269a5-126a-47e9-9bc2-9389ac93e0d7,CA-7477,CA,808049347754,Nature Valley Granola Bars,L-6480,2026-07-14,3
605b2f41-244d-483b-923e-b3b5a5e47d08,OK-5351,OK,680261188425,"Great Value 2% Milk, Gallon",L-1324,2026-07-06,3
3888bdb2-6131-4aa6-bfc6-259a7577f861,OK-5421,OK,382652812974,"Chobani Greek Yogurt, 32oz",L-1324,2026-08-07,2
588ac44c-2987-4cee-ab21-7ab4c77a8ef6,AL-4962,AL,382652812974,"Chobani Greek Yogurt, 32oz",L-7111,2026-05-04,3
10dbd816-fdcc-4fcb-b8d5-a3f133684c35,AR-5173,AR,808049347754,Nature Valley Granola Bars,406635,2026-06-13,3
4190897c-e8a9-4d93-aaa4-9bbad848a941,LA-4807,LA,653374520407,"Land O'Lakes Butter, 1lb",L-1324,2026-05-19,2
7ca90ae7-527a-4ee2-9424-159c278f3012,NM-1706,NM,701993641404,Blue Bell Vanilla Ice Cream,L-6480,2026-04-30,1
0eb9cef5-68f7-4f96-8f62-7488da3f5d35,CA-3509,CA,610163406023,Folgers Classic Roast Coffee,L-6480,2026-05-09,1
e5a4eda1-8a78-4b11-88ce-42723b9d64c9,MO-8598,MO,610163406023,Folgers Classic Roast Coffee,337807,2026-07-23,2
d0816c86-6fcf-4a2f-9ee3-39e3deeae281,TX-3895,TX,610163406023,Folgers Classic Roast Coffee,192729,2026-04-08,3
c4818b6f-6ee0-4bcb-92bd-e4de1042bf2d,TX-3503,TX,808049347754,Nature Valley Granola Bars,L-4260,2026-06-18,2
23b0e638-cff1-42b9-a9e8-8342da996941,LA-3059,LA,889391736613,Wonder Bread Classic White,L-4532,2026-05-27,1
b9bac3e8-7a68-4513-9b9f-4b0dc406d725,AR-9941,AR,680261188425,"Great Value 2% Milk, Gallon",192729,2026-05-12,4
d17cfde5-3af2-4197-bc28-2724b9e1f6a2,LA-3397,LA,701993641404,Blue Bell Vanilla Ice Cream,L-6480,2026-04-02,3
72dc0ef6-aa04-40c5-ab31-88a632a1edab,TX-9243,TX,875113329103,"Tyson Chicken Breast, Family Pack",250347,2026-06-20,2
dfb35a17-97aa-4422-9a01-109359026100,MS-6398,MS,382652812974,"Chobani Greek Yogurt, 32oz",250347,2026-04-14,3
f36585e7-de96-40a7-97b7-b8d8eeb1e689,TN-1134,TN,701993641404,Blue Bell Vanilla Ice Cream,L-4260,2026-05-15,1
da3ee2ff-9ee2-4c08-a759-7d290920999a,TX-2843,TX,653374520407,"Land O'Lakes Butter, 1lb",250347,2026-05-04,2
7514938c-7ecb-40f4-a6e0-0abf492accfb,NM-2162,NM,610163406023,Folgers Classic Roast Coffee,L-4532,2026-04-18,2
4425312e-2637-4a54-ae6c-351cca2d674a,FL-2554,FL,610163406023,Folgers Classic Roast Coffee,337807,2026-04-19,1
1a9b660e-f902-49a2-a237-8f59f50905cd,AR-7392,AR,875113329103,"Tyson Chicken Breast, Family Pack",L-5740,2026-08-10,1
ee800676-110e-4fbb-876c-6f8a1767da6d,NM-4043,NM,382652812974,"Chobani Greek Yogurt, 32oz",L-6480,2026-08-08,1
b02077b2-8e1a-4f9e-b264-849afb5b9c7b,TX-8278,TX,146279721070,"Sunups Large Grade A Eggs, Dozen",0840962,2026-07-27,4
6eb8fbf4-67f7-4738-97a5-186ebf53d86d,CA-5282,CA,680261188425,"Great Value 2% Milk, Gallon",L-6480,2026-05-24,3
72c8306b-3308-4215-8f81-6e27c396ce96,TX-6411,TX,889391736613,Wonder Bread Classic White,L-5740,2026-07-26,1
d7d3f986-139b-40fb-adcd-6dfa25ed2f8e,GA-6296,GA,382652812974,"Chobani Greek Yogurt, 32oz",L-4260,2026-04-30,1
1d2fa9d0-98fd-429d-b3e1-d4e5c381ce45,AR-3543,AR,808049347754,Nature Valley Granola Bars,406635,2026-05-29,3
1f3829da-e6df-4601-8290-2c325d9348f8,MS-5800,MS,875113329103,"Tyson Chicken Breast, Family Pack",337807,2026-07-08,1
53753dd5-abce-421b-a639-9d2cc5cc6a7e,NM-2327,NM,701993641404,Blue Bell Vanilla Ice Cream,L-4260,2026-06-30,4
e4195150-fab6-4606-87f3-218d248dd07f,MS-1838,MS,382652812974,"Chobani Greek Yogurt, 32oz",L-1324,2026-06-24,4
c1efd4d4-a4cc-41a8-840e-7cb2eb701045,CA-2113,CA,680261188425,"Great Value 2% Milk, Gallon",L-4260,2026-07-23,1
e935a0e9-07bc-45ea-858c-dcf3625fe546,TX-9573,TX,382652812974,"Chobani Greek Yogurt, 32oz",337807,2026-07-25,3
538d8a52-d735-42f7-89c6-ef2eac99a39d,LA-3327,LA,808049347754,Nature Valley Granola Bars,250347,2026-04-18,1
46baf2ab-b4a8-4832-be97-4e039145befc,LA-6317,LA,241490613039,"Simple Truth Large Grade A Eggs, Dozen",P-1950,2026-06-25,4
22a9b5b9-9b12-4e0a-b339-e4a36bbfecca,GA-3331,GA,808049347754,Nature Valley Granola Bars,337807,2026-06-29,1
1a0553b6-a342-4090-b0f5-79a6f41143a5,OK-1565,OK,653374520407,"Land O'Lakes Butter, 1lb",L-4260,2026-05-26,1
8354e2ed-082e-4147-a219-181ae6543440,NM-6452,NM,808049347754,Nature Valley Granola Bars,L-7111,2026-05-05,4
3c249a62-8c77-4e11-8d26-8acad08931e1,MO-5682,MO,889391736613,Wonder Bread Classic White,L-4260,2026-07-30,2
f3d16c73-d58c-45ee-9e40-6d323042d6b9,NM-5361,NM,701993641404,Blue Bell Vanilla Ice Cream,250347,2026-05-19,3
ebe2fe0d-0338-444e-a6a9-b01a5d67007e,MS-1234,MS,610163406023,Folgers Classic Roast Coffee,L-6480,2026-07-29,4
b5c46b79-a067-4d0d-9509-5542f78ae356,LA-8416,LA,808049347754,Nature Valley Granola Bars,L-1324,2026-04-29,4
ee5eef4c-badd-4b31-a73f-cdda53e50eb2,TN-3550,TN,382652812974,"Chobani Greek Yogurt, 32oz",L-5740,2026-06-22,1
692a2564-62f9-4d48-88c3-d90e8e6a3c65,FL-5285,FL,610163406023,Folgers Classic Roast Coffee,406635,2026-07-01,3
144b766e-b1ad-49ce-863b-69cfda240a52,MO-7792,MO,889391736613,Wonder Bread Classic White,L-6480,2026-05-23,2
dd68a56c-e014-4e95-99b3-b624d5c45221,AR-5370,AR,875113329103,"Tyson Chicken Breast, Family Pack",L-5740,2026-06-14,4
b364cbfd-f988-4627-a37b-01fa1ab1b540,FL-5223,FL,808049347754,Nature Valley Granola Bars,L-6480,2026-05-21,4
ab11d047-75bf-4620-97b8-cc33b373caac,OK-5041,OK,875113329103,"Tyson Chicken Breast, Family Pack",406635,2026-07-13,1
ff971145-d1c6-4e2a-b95c-35249011f89b,MS-1172,MS,808049347754,Nature Valley Granola Bars,406635,2026-06-07,3
c3a7e4da-65d4-435b-a6b8-e47ed9a3a3a2,AR-4008,AR,680261188425,"Great Value 2% Milk, Gallon",L-5740,2026-05-24,4
1344cd01-3f49-4b54-be06-698ff680f374,GA-9420,GA,889391736613,Wonder Bread Classic White,250347,2026-08-10,4
0f37b0db-df6a-4c3f-9f87-f3eb7c171b8a,NM-5746,NM,382652812974,"Chobani Greek Yogurt, 32oz",406635,2026-07-16,4
71b929d5-1f4b-4708-8ed7-0830640c4962,FL-6830,FL,875113329103,"Tyson Chicken Breast, Family Pack",L-4260,2026-06-22,3
448e98d7-e2d3-4309-921c-ee88a04fe81d,FL-7201,FL,889391736613,Wonder Bread Classic White,250347,2026-08-03,3
8254efc9-2375-474c-b151-a09be2017188,AR-5569,AR,701993641404,Blue Bell Vanilla Ice Cream,L-7111,2026-05-01,1
aa70d8a7-c288-4bf7-8941-632f7c033f9f,FL-5001,FL,875113329103,"Tyson Chicken Breast, Family Pack",250347,2026-08-11,4
020926d2-19bf-4427-90e5-d5aba26747d3,MO-5800,MO,382652812974,"Chobani Greek Yogurt, 32oz",L-7111,2026-06-21,4
891ef923-da37-4f02-a9e7-a2134897bd39,LA-2724,LA,859982493629,"Country Morning Large Grade A Eggs, Dozen",0840962,2026-07-26,2
4c0785cf-c696-4cde-a593-067eaf11c0a9,MS-4735,MS,680261188425,"Great Value 2% Milk, Gallon",406635,2026-05-05,4
c853394e-0b61-4d89-9af1-91f475dc7c0c,TN-2022,TN,653374520407,"Land O'Lakes Butter, 1lb",250347,2026-06-12,1
3498657a-df65-4727-bc0c-df6651b51a98,TX-5797,TX,382652812974,"Chobani Greek Yogurt, 32oz",L-5740,2026-04-05,4
3833cdb1-2004-416e-8826-fe1bd4c2565f,AR-8029,AR,653374520407,"Land O'Lakes Butter, 1lb",250347,2026-06-01,4
b709ef09-0d2e-4812-8592-6fc4a2dabccd,GA-2608,GA,610163406023,Folgers Classic Roast Coffee,337807,2026-04-12,4
c0c3fa43-22b2-4b0e-bd9f-4b6017c5a9f7,MO-7840,MO,382652812974,"Chobani Greek Yogurt, 32oz",192729,2026-05-09,2
6d90f672-2198-41aa-8cae-6592184195d3,GA-2358,GA,701993641404,Blue Bell Vanilla Ice Cream,250347,2026-07-06,2
6c70749e-47a3-4302-b6b0-79a40682eb0d,AL-9854,AL,889391736613,Wonder Bread Classic White,L-1324,2026-07-16,3
2e1b540f-4175-45e2-8d6e-a89e00599ee1,LA-7929,LA,680261188425,"Great Value 2% Milk, Gallon",L-4260,2026-07-05,3
0e52615f-997e-4519-a2bd-06776e3bf5ff,MO-1559,MO,382652812974,"Chobani Greek Yogurt, 32oz",L-1324,2026-04-10,3
2d90589f-2399-4e4c-be5d-026aa8880a24,GA-9138,GA,889391736613,Wonder Bread Classic White,L-1324,2026-07-08,4
a7c52ffc-3509-4f8b-98f8-016aa66392d6,MO-8697,MO,653374520407,"Land O'Lakes Butter, 1lb",250347,2026-06-28,1
72f1fecf-1cd8-4883-861d-e2cfacb56973,AL-9614,AL,808049347754,Nature Valley Granola Bars,406635,2026-05-24,4
0d9ef5f1-2f78-46cd-83bd-2806a04eb8c5,MS-1940,MS,889391736613,Wonder Bread Classic White,L-1324,2026-08-09,4
f352abc5-d181-45ef-92d5-296ef4fe9b61,TN-2331,TN,610163406023,Folgers Classic Roast Coffee,192729,2026-05-07,2
df2d7204-c95b-4847-b199-9c8fee0df743,NM-6787,NM,610163406023,Folgers Classic Roast Coffee,L-4260,2026-07-25,1
a0000761-109a-467d-9173-6b9dfcf65794,CA-3985,CA,680261188425,"Great Value 2% Milk, Gallon",337807,2026-06-06,2
675b0cf1-a0df-44d6-91c0-2d84806c8ca8,NM-8294,NM,146279721070,"Sunups Large Grade A Eggs, Dozen",0840962,2026-07-20,1
dcdab129-9f31-4cdb-9506-0a22a5c920fa,OK-7018,OK,701993641404,Blue Bell Vanilla Ice Cream,L-6480,2026-06-09,4
34b97ab3-74c2-4830-a5a0-486cd9704ef0,MS-6724,MS,653374520407,"Land O'Lakes Butter, 1lb",337807,2026-04-28,4
eec2d8a8-abfb-4671-aeb4-4b09980a91a9,NM-8664,NM,701993641404,Blue Bell Vanilla Ice Cream,337807,2026-08-09,4
97afa6a6-364a-4d28-9fad-dedb30331407,CA-3608,CA,653374520407,"Land O'Lakes Butter, 1lb",L-7111,2026-04-04,1
6e7e51d6-40b8-474d-a6b8-a4b342633cf1,TX-4728,TX,680261188425,"Great Value 2% Milk, Gallon",337807,2026-04-07,1
b8b49fb7-2879-4525-ae9c-b9cd7911c136,GA-1023,GA,610163406023,Folgers Classic Roast Coffee,337807,2026-05-14,2
ff70c741-c4cf-41cd-9280-90e82e2b514b,AR-5887,AR,680261188425,"Great Value 2% Milk, Gallon",337807,2026-05-02,1
9ecdf4a4-e216-4f11-90cb-fd93a4022ae9,CA-9153,CA,808049347754,Nature Valley Granola Bars,L-4260,2026-04-02,1
025ad2a6-9e3f-4720-87f3-ee13152bddc0,OK-2369,OK,701993641404,Blue Bell Vanilla Ice Cream,406635,2026-07-25,1
6d86ba76-0cd8-4628-a575-2cfdab853cad,AR-8008,AR,889391736613,Wonder Bread Classic White,250347,2026-04-01,1
49378743-d53c-4b21-a91d-b937a523002e,TN-5769,TN,653374520407,"Land O'Lakes Butter, 1lb",337807,2026-05-21,1
631482a7-0d36-4743-b8ac-05a49dbbd90b,GA-5392,GA,808049347754,Nature Valley Granola Bars,L-1324,2026-07-21,1
e5ab59ba-aa43-4a8a-ab30-18e8f810e105,OK-3779,OK,808049347754,Nature Valley Granola Bars,406635,2026-05-21,2
5911b7ea-7fa8-4723-abe4-a8dd8d54d622,NM-9546,NM,610163406023,Folgers Classic Roast Coffee,L-4260,2026-04-25,2
f71a0520-d1df-4b49-90f9-57097027e0dc,TN-2266,TN,701993641404,Blue Bell Vanilla Ice Cream,250347,2026-06-27,4
703bc263-ae1d-41c6-ae78-ef455c79a87c,FL-5355,FL,680261188425,"Great Value 2% Milk, Gallon",L-4532,2026-04-18,1
a4acf4c6-cc8a-4958-8467-930dd4ef1f61,OK-2257,OK,808049347754,Nature Valley Granola Bars,L-4260,2026-04-16,1
fae8f1a5-eba4-4943-ba89-453448e38c36,NM-9015,NM,808049347754,Nature Valley Granola Bars,192729,2026-05-03,3
29e72320-5631-4ad9-95de-e8bb7673d646,OK-9786,OK,875113329103,"Tyson Chicken Breast, Family Pack",L-6480,2026-04-11,3
f3dc9d7a-ca38-42a0-becf-69b704bf96da,AL-9559,AL,808049347754,Nature Valley Granola Bars,406635,2026-04-17,3
64584117-6458-449c-9944-e7e961b91ae3,TN-1517,TN,382652812974,"Chobani Greek Yogurt, 32oz",337807,2026-08-12,3
58e95e0e-a6d2-4e35-99aa-2bcd1a561223,LA-5679,LA,889391736613,Wonder Bread Classic White,406635,2026-08-13,3
ba4b44c4-d189-47ac-8b9b-0b2df7f58c3f,MS-1580,MS,610163406023,Folgers Classic Roast Coffee,406635,2026-05-29,3
594437fe-17b6-41a8-addb-160764ad9596,LA-9437,LA,875113329103,"Tyson Chicken Breast, Family Pack",406635,2026-07-06,2
edbbb99b-e1a5-43ab-821f-df6578ab9811,MO-6657,MO,889391736613,Wonder Bread Classic White,L-1324,2026-04-22,2
8261ea91-da99-4446-b279-f10b01c727fd,TX-8932,TX,701993641404,Blue Bell Vanilla Ice Cream,250347,2026-07-08,1
1fc87a8d-323d-42fa-8f87-ff5c75f42e86,MO-7354,MO,610163406023,Folgers Classic Roast Coffee,L-4532,2026-08-12,2
89e2842d-5dea-4a91-af25-663ec385f15f,GA-8989,GA,701993641404,Blue Bell Vanilla Ice Cream,406635,2026-05-21,2
4377331b-81eb-4ea3-9444-808a7d72c2a8,CA-2120,CA,701993641404,Blue Bell Vanilla Ice Cream,L-4260,2026-07-14,4
d22609d3-a4bb-46bd-9279-f8bfca9a0b32,AL-9196,AL,653374520407,"Land O'Lakes Butter, 1lb",L-4532,2026-06-24,4
89fd579c-079a-4484-a4f5-9a755d994840,MS-5715,MS,701993641404,Blue Bell Vanilla Ice Cream,L-5740,2026-07-28,4
58a936d3-69d4-422d-9678-0ba654c70e74,LA-5504,LA,146279721070,"Sunups Large Grade A Eggs, Dozen",0840962,2026-06-20,2
08301bf6-230e-4893-aab8-383566312162,CA-3328,CA,610163406023,Folgers Classic Roast Coffee,406635,2026-05-05,4
86c7af73-9ccd-4ca7-a087-e30e595cde6c,GA-4950,GA,701993641404,Blue Bell Vanilla Ice Cream,L-1324,2026-05-18,4
7c3f3d04-db7b-4fcc-969e-dc69184ea54a,TN-3901,TN,653374520407,"Land O'Lakes Butter, 1lb",L-7111,2026-07-20,1
011a6520-dedd-4365-83af-44804d8b0263,GA-9587,GA,889391736613,Wonder Bread Classic White,192729,2026-06-05,2
614fa36a-91e2-43c8-8748-d25a573cb09b,GA-5465,GA,653374520407,"Land O'Lakes Butter, 1lb",406635,2026-08-05,4
6c3c74a5-e14c-49d8-a7f5-a9eab81dc458,LA-2206,LA,808049347754,Nature Valley Granola Bars,L-5740,2026-07-08,4
d06f9e64-1bb3-4ce4-8c5c-abe7438a36ff,MO-5364,MO,701993641404,Blue Bell Vanilla Ice Cream,L-5740,2026-05-24,2
ebbd7c3c-43f2-4167-8667-f97a95ec207d,TX-5002,TX,680261188425,"Great Value 2% Milk, Gallon",L-6480,2026-06-20,1
9580c408-8180-4d8a-a2a2-ae5e71a8d389,MO-3525,MO,680261188425,"Great Value 2% Milk, Gallon",337807,2026-05-16,3
a06ceccb-23c1-4ab9-b633-ce09bfe37c37,FL-5215,FL,808049347754,Nature Valley Granola Bars,250347,2026-06-13,1
91e16070-f4c1-4676-ad98-e7e5d69a8c7c,NM-7704,NM,382652812974,"Chobani Greek Yogurt, 32oz",L-6480,2026-06-28,3
32c1c631-5e1d-4c7f-8bb9-ee078230b8e3,OK-2067,OK,653374520407,"Land O'Lakes Butter, 1lb",L-4532,2026-06-22,1
a5e0e77f-9f61-47b8-928f-ba338a7092fb,CA-7826,CA,382652812974,"Chobani Greek Yogurt, 32oz",337807,2026-07-04,2
7659d056-700c-4cc1-8d1b-01368fd4fa5e,AL-6118,AL,680261188425,"Great Value 2% Milk, Gallon",192729,2026-04-20,2
8cd4c463-1b30-47b1-9157-5e919c8075f3,CA-5551,CA,889391736613,Wonder Bread Classic White,337807,2026-04-19,4
fa0d1838-7631-4123-97a4-44d527ed9b16,FL-2953,FL,382652812974,"Chobani Greek Yogurt, 32oz",192729,2026-07-16,4
1463a38c-51d1-4a6e-9a51-f984b592ad95,OK-8133,OK,382652812974,"Chobani Greek Yogurt, 32oz",L-4532,2026-04-01,1
ef4fa548-1486-481c-8e5c-df22e2f40db3,FL-8368,FL,875113329103,"Tyson Chicken Breast, Family Pack",L-5740,2026-04-20,4
c3843393-5293-43f0-b9a6-c1fa0189faaa,MO-1012,MO,610163406023,Folgers Classic Roast Coffee,250347,2026-08-10,3
cf844c62-6a89-46a1-88fb-ec38d07a6566,AL-7445,AL,889391736613,Wonder Bread Classic White,250347,2026-04-28,4
b732b7fb-92f8-49d2-84b3-dcc52d57a6a8,AR-8148,AR,808049347754,Nature Valley Granola Bars,L-1324,2026-06-19,4
dd6eae9c-713f-44a5-b937-df73a434ec68,CA-5920,CA,701993641404,Blue Bell Vanilla Ice Cream,L-5740,2026-04-03,4
c30e6f96-a3c5-4826-a05a-091750524513,MO-2418,MO,680261188425,"Great Value 2% Milk, Gallon",L-4260,2026-06-17,3
41a6530d-73d7-408f-9b39-3118088377a5,OK-4601,OK,382652812974,"Chobani Greek Yogurt, 32oz",192729,2026-04-01,1
e931bd7d-cdeb-440f-98f5-7d2c4a5781de,LA-5313,LA,808049347754,Nature Valley Granola Bars,250347,2026-08-13,3
f0f2027e-6668-4ea9-a531-229c27b020d4,AR-4468,AR,653374520407,"Land O'Lakes Butter, 1lb",L-4532,2026-06-15,3
a7926661-3247-4727-81e9-e72c1a3666de,NM-3083,NM,610163406023,Folgers Classic Roast Coffee,337807,2026-08-01,1
6ab20b2b-8f20-438d-8499-ec48619cd15c,AR-6319,AR,653374520407,"Land O'Lakes Butter, 1lb",L-4260,2026-05-18,3
db10c8a6-293c-4f45-817f-697b21de5b76,AR-5912,AR,875113329103,"Tyson Chicken Breast, Family Pack",L-4260,2026-05-01,4
a25ba2e3-b151-4002-b576-5470b537fab1,GA-4313,GA,875113329103,"Tyson Chicken Breast, Family Pack",250347,2026-06-20,2
e043cc9f-d60b-45f7-b205-3fa6cd0ff8e1,GA-2650,GA,653374520407,"Land O'Lakes Butter, 1lb",L-4532,2026-05-31,1
f37a6600-ffb2-48fd-8940-42e3fc63a448,MO-5131,MO,680261188425,"Great Value 2% Milk, Gallon",L-4260,2026-07-21,1
fef437e0-81ce-4b8b-9b01-57adfa819a4f,TN-9690,TN,889391736613,Wonder Bread Classic White,L-4532,2026-06-02,1
6e6df5e3-0db6-464d-bc31-116c2cabdc33,MO-6464,MO,610163406023,Folgers Classic Roast Coffee,L-4532,2026-04-16,1
f869713b-1e5f-4793-9331-86d09a1c931b,MS-2488,MS,610163406023,Folgers Classic Roast Coffee,L-6480,2026-06-27,1
4d420438-f3cd-41d6-96d0-3739aff16692,OK-4618,OK,875113329103,"Tyson Chicken Breast, Family Pack",250347,2026-06-06,2
7917aabe-b358-4296-bce5-8600927f96c2,AL-4498,AL,875113329103,"Tyson Chicken Breast, Family Pack",L-4260,2026-04-07,1
8fb4fbeb-c5bd-435e-98c9-6fdfa0d37819,OK-3866,OK,808049347754,Nature Valley Granola Bars,L-4260,2026-05-16,1
35a8b019-c513-412c-a15d-17719e7f175f,MO-7389,MO,701993641404,Blue Bell Vanilla Ice Cream,250347,2026-08-10,4
e2ac54f4-b6b0-47c9-a8d5-e9288e78a2bd,MO-2525,MO,382652812974,"Chobani Greek Yogurt, 32oz",192729,2026-06-10,3
7bbacd38-05bd-4fd6-882e-56aaae89f028,TN-1090,TN,680261188425,"Great Value 2% Milk, Gallon",192729,2026-06-30,3
28a602e3-db48-4259-899c-5845aea2cfe2,OK-9646,OK,382652812974,"Chobani Greek Yogurt, 32oz",192729,2026-04-21,2
763c6fc9-30ea-445d-a00e-5263b37e43d6,LA-6833,LA,653374520407,"Land O'Lakes Butter, 1lb",250347,2026-06-03,3
99d17774-845e-447f-8730-06ae72c633bf,AL-2105,AL,701993641404,Blue Bell Vanilla Ice Cream,250347,2026-06-09,4
0886afac-57bb-4f52-b537-8e1c7fd84b4f,AL-7614,AL,808049347754,Nature Valley Granola Bars,L-6480,2026-07-21,3
ff74509b-1fa1-4add-95c1-bcc4fb66c2d7,NM-2707,NM,653374520407,"Land O'Lakes Butter, 1lb",250347,2026-05-29,4
6d877b73-fcd2-4359-a5e1-eed8028b241a,FL-5908,FL,889391736613,Wonder Bread Classic White,L-4532,2026-08-12,4
94680c3c-2f96-41a1-8971-bb539e0995d1,FL-1878,FL,889391736613,Wonder Bread Classic White,L-6480,2026-07-22,1
bf38e6aa-7103-4f29-8f00-81d297b15460,MS-3225,MS,653374520407,"Land O'Lakes Butter, 1lb",406635,2026-08-01,3
7f00a9e2-0e9c-48a3-b651-643d58177eff,LA-6744,LA,701993641404,Blue Bell Vanilla Ice Cream,L-1324,2026-04-04,2
2f8f26e8-ddb3-4424-8735-c7dba478c489,MO-3131,MO,875113329103,"Tyson Chicken Breast, Family Pack",L-7111,2026-06-26,3
f0c4a4b6-cb36-4ac0-81b1-540fb4eecdfc,AL-4404,AL,808049347754,Nature Valley Granola Bars,L-5740,2026-06-07,4
68cfba43-3068-437c-8e2b-c50e10cf4988,NM-2719,NM,653374520407,"Land O'Lakes Butter, 1lb",250347,2026-08-10,1
89e2dcd5-06df-4bde-8827-b14360592787,AL-1505,AL,653374520407,"Land O'Lakes Butter, 1lb",192729,2026-07-12,1
59516fc0-e2b0-47a4-ac18-b03c9618e996,CA-8604,CA,808049347754,Nature Valley Granola Bars,L-4532,2026-07-10,3
a5954aea-35eb-4cfd-8695-72677852c20e,LA-7849,LA,875113329103,"Tyson Chicken Breast, Family Pack",L-5740,2026-07-05,2
d2ee4b52-5465-467c-8346-c369fae4e648,NM-1735,NM,875113329103,"Tyson Chicken Breast, Family Pack",L-6480,2026-04-26,4
6f998a03-0fd7-41f0-bad1-06e7052ed71c,CA-6195,CA,610163406023,Folgers Classic Roast Coffee,L-4532,2026-04-14,4
9bc4cb51-09b7-45f1-816b-91b74398c55b,FL-2635,FL,653374520407,"Land O'Lakes Butter, 1lb",250347,2026-05-04,4
74033efd-c139-4ca2-9409-291ac6fc8293,GA-7759,GA,382652812974,"Chobani Greek Yogurt, 32oz",337807,2026-05-24,3
6b8b7912-db1b-4005-bce5-7080f3944355,AR-5048,AR,382652812974,"Chobani Greek Yogurt, 32oz",250347,2026-04-05,3
93a434e1-0562-4066-b161-651663d7a604,OK-3018,OK,653374520407,"Land O'Lakes Butter, 1lb",250347,2026-06-24,4
298dd365-e466-49dd-88f4-96e796294ba7,TN-3942,TN,382652812974,"Chobani Greek Yogurt, 32oz",L-4260,2026-07-04,1
33ff0087-a650-4617-afd1-445fb8c5758a,NM-6086,NM,889391736613,Wonder Bread Classic White,L-6480,2026-04-17,3
77604a85-dd32-40be-85db-d933eef01673,AR-7409,AR,382652812974,"Chobani Greek Yogurt, 32oz",L-7111,2026-07-24,1
8349b886-3fa1-4eee-a921-c4bc154d6b5a,CA-3854,CA,610163406023,Folgers Classic Roast Coffee,L-7111,2026-08-05,1
bf3cab40-db74-41dd-a95c-b5a13d17b3a8,NM-1690,NM,859982493629,"Country Morning Large Grade A Eggs, Dozen",P-1950,2026-06-24,3
64db2d6e-960e-4a24-9c1e-209f1ba9bd1a,NM-5233,NM,701993641404,Blue Bell Vanilla Ice Cream,337807,2026-05-21,1
c8b4654d-de26-4409-b712-5bb22275633e,LA-1542,LA,680261188425,"Great Value 2% Milk, Gallon",L-4532,2026-05-01,4
dba8d959-f594-4747-8023-2416bcda9a8d,NM-4906,NM,382652812974,"Chobani Greek Yogurt, 32oz",337807,2026-07-17,1
5d021282-c75e-4563-955f-b1e6d300e9b5,GA-3976,GA,808049347754,Nature Valley Granola Bars,337807,2026-06-10,4
1c5a9f9e-dfad-43b0-a99a-2ca005456780,AL-7944,AL,889391736613,Wonder Bread Classic White,250347,2026-08-01,4
f0aa75f8-fe4c-4a5e-8f63-ae5ab010e761,LA-2204,LA,680261188425,"Great Value 2% Milk, Gallon",337807,2026-06-16,2
94bf1749-90df-45c4-8aad-bbd80c7e7bc0,FL-4261,FL,875113329103,"Tyson Chicken Breast, Family Pack",L-4260,2026-05-26,3
41b1fe9f-afa1-4206-a924-549c7886e84f,MS-6230,MS,653374520407,"Land O'Lakes Butter, 1lb",337807,2026-05-08,3
90c8b94e-87ee-4815-b145-c753ba17fc2f,TX-2003,TX,680261188425,"Great Value 2% Milk, Gallon",L-7111,2026-07-21,1
e32f381f-bf05-4d70-8278-c5c78017f6d5,TN-6299,TN,701993641404,Blue Bell Vanilla Ice Cream,L-6480,2026-06-30,4
598fa793-902c-4e60-ab0e-1be3be9c465c,FL-2093,FL,701993641404,Blue Bell Vanilla Ice Cream,L-6480,2026-08-02,1
d26aa004-70a8-4b30-ac59-6e1e4b5fec48,NM-4978,NM,653374520407,"Land O'Lakes Butter, 1lb",L-4532,2026-05-23,3
299e2a77-6574-4caf-85dd-b793a18d2e7d,NM-9178,NM,889391736613,Wonder Bread Classic White,L-7111,2026-07-28,3
e9c3b6e8-3054-4d4b-847c-e8d2ea637f98,TN-5494,TN,701993641404,Blue Bell Vanilla Ice Cream,L-5740,2026-08-04,3
c81ec82d-35bc-4f9e-9476-e8b80acd9dff,CA-8281,CA,382652812974,"Chobani Greek Yogurt, 32oz",337807,2026-04-23,4
f1f62eea-42c9-4e3f-93ee-4618e47f0637,TX-7854,TX,808049347754,Nature Valley Granola Bars,L-6480,2026-06-19,2
fc0ba5fa-461b-4c73-a359-e77c5cb9239f,CA-2771,CA,701993641404,Blue Bell Vanilla Ice Cream,L-4532,2026-08-07,4
9e6b82f2-13e1-481e-9774-f6da277224d8,TX-3854,TX,680261188425,"Great Value 2% Milk, Gallon",L-6480,2026-04-24,2
0a0bcdd4-d62d-4b05-9680-45c999e9d0fb,FL-5370,FL,680261188425,"Great Value 2% Milk, Gallon",250347,2026-06-08,4
c935545e-cc8c-4fa2-8647-9da359dfc34a,GA-7036,GA,680261188425,"Great Value 2% Milk, Gallon",L-5740,2026-08-04,3
75442516-8865-4eb5-9d59-161f38dc2c6b,NM-8776,NM,680261188425,"Great Value 2% Milk, Gallon",337807,2026-04-12,2
222e036d-d0e2-4ef8-832e-db802bd59aed,FL-2232,FL,680261188425,"Great Value 2% Milk, Gallon",L-7111,2026-06-07,2
1d2c8105-2f69-4f44-ba1d-25d42a29c8da,NM-5442,NM,875113329103,"Tyson Chicken Breast, Family Pack",L-5740,2026-05-18,1
52be5d4d-a30d-41ac-9632-e345e63fd100,AR-7376,AR,241490613039,"Simple Truth Large Grade A Eggs, Dozen",P-1950,2026-06-24,1
9d050c9a-d792-4d55-8b89-194840f83553,TX-3089,TX,808049347754,Nature Valley Granola Bars,L-5740,2026-05-12,2
1b76eeff-21ee-4e02-8296-0b6ddb769b94,CA-9287,CA,680261188425,"Great Value 2% Milk, Gallon",L-1324,2026-04-02,4
76bc9ff5-d264-44a7-9b00-48eb5fe14133,NM-6122,NM,382652812974,"Chobani Greek Yogurt, 32oz",L-4260,2026-07-10,1
3b49090e-248d-4aa5-9fe2-d1bc96abd81c,LA-4396,LA,653374520407,"Land O'Lakes Butter, 1lb",L-6480,2026-07-30,4
87555f91-0a33-45ce-8f8b-f9edb3d403d3,AL-7741,AL,875113329103,"Tyson Chicken Breast, Family Pack",L-5740,2026-06-07,4
27a34a9e-2cec-44e7-a9dd-3e080c1b3396,CA-5864,CA,808049347754,Nature Valley Granola Bars,337807,2026-06-05,2
b4affa3b-b10c-4206-b5ad-ef1f3a5fb3ba,AL-5776,AL,875113329103,"Tyson Chicken Breast, Family Pack",337807,2026-05-22,4
8eda748d-b13a-4003-ad3b-b52423a30a99,MS-1392,MS,680261188425,"Great Value 2% Milk, Gallon",L-6480,2026-06-03,1
768e08d3-a050-44e7-aa34-7495b28fc048,AR-4633,AR,701993641404,Blue Bell Vanilla Ice Cream,406635,2026-04-28,2
925176a4-c453-4c26-bccd-7812e1b36199,MS-1357,MS,653374520407,"Land O'Lakes Butter, 1lb",250347,2026-06-19,2
3ef5a1c4-1375-4e07-ab7c-5210d9d795df,AR-7662,AR,382652812974,"Chobani Greek Yogurt, 32oz",L-4532,2026-06-25,1
b546b567-0230-4dfb-bf4c-8fb76a1243dd,LA-8670,LA,610163406023,Folgers Classic Roast Coffee,192729,2026-06-07,2
edbd5241-c8de-47ad-8562-359de116e3ca,TN-2893,TN,680261188425,"Great Value 2% Milk, Gallon",337807,2026-07-07,4
b413af0d-0835-478e-a046-909b78abae52,MO-5599,MO,680261188425,"Great Value 2% Milk, Gallon",L-5740,2026-06-23,4
22d3c61c-6390-4ec5-a074-dea82a285941,TN-1505,TN,680261188425,"Great Value 2% Milk, Gallon",250347,2026-06-21,3
d4faa914-47e4-4f85-a739-0422621776dd,LA-4512,LA,680261188425,"Great Value 2% Milk, Gallon",L-7111,2026-05-01,1
9cefcf04-bb3c-4a55-a41a-4e71b2216956,AL-2944,AL,808049347754,Nature Valley Granola Bars,L-4260,2026-04-10,4
9936dd19-5d35-4b26-b592-6062b2d53640,GA-8091,GA,701993641404,Blue Bell Vanilla Ice Cream,337807,2026-05-05,4
8d89cdff-809d-4bde-930a-468c12eca729,CA-2299,CA,680261188425,"Great Value 2% Milk, Gallon",L-4260,2026-04-30,1
bb134652-6896-473c-b97d-fb91bef662c3,FL-9544,FL,680261188425,"Great Value 2% Milk, Gallon",L-6480,2026-05-27,4
30b088f7-f15a-4972-9aaa-bbcd02776316,AR-7720,AR,382652812974,"Chobani Greek Yogurt, 32oz",250347,2026-08-15,2
2de81552-fe29-4571-83ed-0d2e9cf32ec3,AL-1054,AL,889391736613,Wonder Bread Classic White,L-4532,2026-05-23,3
d764ba66-d304-4994-8f29-a56e0226e1ee,CA-7164,CA,875113329103,"Tyson Chicken Breast, Family Pack",L-4532,2026-06-21,3
a1328c73-0044-412a-96a1-b30098d11c8c,AR-2522,AR,680261188425,"Great Value 2% Milk, Gallon",L-1324,2026-04-09,3
b964152e-9d0e-4474-a87c-871fd573b0fe,NM-9618,NM,610163406023,Folgers Classic Roast Coffee,L-7111,2026-04-17,3
031de7a5-d5a9-4c7e-8ff7-94fea8e4dcda,GA-6650,GA,653374520407,"Land O'Lakes Butter, 1lb",250347,2026-05-16,3
764236c1-2899-400b-8fb0-643f08d961df,FL-1753,FL,610163406023,Folgers Classic Roast Coffee,406635,2026-08-09,4
7b9a80e7-709f-4fe1-b3a6-9c4af7a31cda,TX-3786,TX,889391736613,Wonder Bread Classic White,L-5740,2026-07-14,1
90472516-1821-4cff-b86e-7558da3340e2,GA-2045,GA,680261188425,"Great Value 2% Milk, Gallon",250347,2026-06-27,1
987b7c0b-cc20-4fb7-aa6b-27a77e71c22d,AL-1305,AL,875113329103,"Tyson Chicken Breast, Family Pack",L-5740,2026-05-10,2
3420bb08-f734-4204-b32f-051121797f2d,TN-7887,TN,610163406023,Folgers Classic Roast Coffee,L-4532,2026-05-29,1
162f1bd0-b2ee-4dad-8b19-586e4f84f677,TX-4967,TX,701993641404,Blue Bell Vanilla Ice Cream,L-4260,2026-06-26,3
22a23d46-195f-4cb2-aad2-8c331c5bb8f8,TN-4972,TN,610163406023,Folgers Classic Roast Coffee,L-6480,2026-04-14,2
d57f9383-5283-4ec1-a096-227ff5900d7d,FL-7179,FL,808049347754,Nature Valley Granola Bars,L-5740,2026-05-30,2
8a0c88b6-f325-4310-a4d0-96e3fa67b246,CA-8384,CA,701993641404,Blue Bell Vanilla Ice Cream,L-1324,2026-04-15,3
cb281ab0-f041-4734-8302-77f178051e65,GA-8818,GA,610163406023,Folgers Classic Roast Coffee,337807,2026-05-08,4
28ffe146-b9e3-46c1-a5ff-770b5985f7ef,GA-8334,GA,701993641404,Blue Bell Vanilla Ice Cream,L-4532,2026-07-01,4
8230b4af-b265-459e-a34f-a3d7dbeae123,MO-6229,MO,680261188425,"Great Value 2% Milk, Gallon",L-1324,2026-08-12,2
10a60c46-722a-4515-b98b-ecf581c2757f,MS-7045,MS,875113329103,"Tyson Chicken Breast, Family Pack",250347,2026-07-14,2
a0899758-6bd6-40f9-8822-155a17185313,TX-7688,TX,382652812974,"Chobani Greek Yogurt, 32oz",L-1324,2026-05-10,2
effefeb6-dab2-4f52-ab6b-71e15ccda25c,MS-6361,MS,875113329103,"Tyson Chicken Breast, Family Pack",L-1324,2026-05-07,1
1950e6c3-f479-4e98-b936-f0851529d28e,OK-4950,OK,875113329103,"Tyson Chicken Breast, Family Pack",L-4532,2026-04-03,3
44a71139-80cf-4ebd-987e-4cba85f88f11,MO-3715,MO,610163406023,Folgers Classic Roast Coffee,337807,2026-08-15,2
f27f0bf0-cf57-45b2-9b31-63079b51a0b8,OK-8378,OK,610163406023,Folgers Classic Roast Coffee,L-4532,2026-07-19,1
bc782566-5930-4f1a-9a0e-38a653b06c06,GA-5022,GA,875113329103,"Tyson Chicken Breast, Family Pack",L-7111,2026-07-04,3
11379a90-9274-4b05-880d-b1a4e8561e3d,NM-5838,NM,889391736613,Wonder Bread Classic White,L-1324,2026-05-26,2
6124a525-dd9b-4250-9f95-7b5238bd24b6,TX-7269,TX,889391736613,Wonder Bread Classic White,L-7111,2026-05-08,2
9dcc807a-b3bb-4a72-8145-d8a8325bec51,AL-6571,AL,808049347754,Nature Valley Granola Bars,L-4260,2026-04-25,4
6c95a4fb-ee26-4015-a1bf-86b01f38256d,TN-6357,TN,701993641404,Blue Bell Vanilla Ice Cream,192729,2026-04-27,2
06150a6c-cec0-49ea-9e42-a69edf18f8a7,TN-8380,TN,610163406023,Folgers Classic Roast Coffee,250347,2026-05-20,3
feb2c173-696e-4578-87cd-a303ecd9ba1c,AR-4689,AR,059533434211,"Kroger Large Grade A Eggs, Dozen",P-1950,2026-07-08,1
ea5759e0-e72a-43ea-804a-62f988f1f048,NM-2149,NM,680261188425,"Great Value 2% Milk, Gallon",L-6480,2026-06-16,3
d8c07074-f75f-4e12-9a08-83d211969d0a,GA-2755,GA,610163406023,Folgers Classic Roast Coffee,L-6480,2026-05-18,3
24acd4ac-584c-483e-844d-64a98feac81a,AR-1832,AR,889391736613,Wonder Bread Classic White,L-5740,2026-05-16,1
23b81bb7-c56c-4f6e-b87e-4c15a5ee8b2e,FL-6182,FL,889391736613,Wonder Bread Classic White,406635,2026-06-07,4
611bf409-9650-4a6b-977f-cee2c5da6e5e,MO-1877,MO,808049347754,Nature Valley Granola Bars,250347,2026-06-22,1
861e3e63-860a-4f1d-b1ca-aa5373ada3fa,FL-4750,FL,653374520407,"Land O'Lakes Butter, 1lb",L-4260,2026-07-04,2
a8965791-8e9f-4215-bcb3-3d3bfbeb1e17,MS-5634,MS,680261188425,"Great Value 2% Milk, Gallon",L-7111,2026-07-14,2
89e53049-fc40-4691-ae1f-88a14c2bed30,NM-3884,NM,610163406023,Folgers Classic Roast Coffee,L-5740,2026-04-05,3
318ff4e7-7608-4875-811e-ec732e5c0503,LA-1486,LA,701993641404,Blue Bell Vanilla Ice Cream,406635,2026-07-18,3
64a09f4c-74cc-4f95-9f15-33e4664db603,FL-1707,FL,808049347754,Nature Valley Granola Bars,192729,2026-07-27,1
d78ffc52-b3c6-4d8e-9888-115895cd2ea4,AL-5570,AL,875113329103,"Tyson Chicken Breast, Family Pack",406635,2026-07-07,1
31754b67-1db1-46c2-a9d2-89233aecaa2c,MO-6560,MO,680261188425,"Great Value 2% Milk, Gallon",L-4260,2026-04-26,1
a140d24f-f53e-481b-a298-4cd3ba299d19,AL-8087,AL,808049347754,Nature Valley Granola Bars,L-4260,2026-06-16,3
84619b93-0bc7-42e4-8406-4c47174d8162,LA-2488,LA,610163406023,Folgers Classic Roast Coffee,L-6480,2026-04-27,2
b43c4fff-cc97-4a9e-9e9f-fef887043ac8,NM-3004,NM,889391736613,Wonder Bread Classic White,L-5740,2026-07-20,3
9ff7e132-eaa7-4a16-b521-093101c59ec4,NM-6396,NM,610163406023,Folgers Classic Roast Coffee,L-4260,2026-04-05,4
2d5ab2e3-9a16-422b-97a8-576bbfe9b39d,MO-3101,MO,680261188425,"Great Value 2% Milk, Gallon",L-7111,2026-04-18,1
a805c09a-3f86-4341-8fcb-d254532f69c6,TN-3960,TN,680261188425,"Great Value 2% Milk, Gallon",L-6480,2026-06-26,3
dd20600d-d049-405e-b80c-b21d9eb6f582,LA-1040,LA,875113329103,"Tyson Chicken Breast, Family Pack",L-4532,2026-07-29,2
a68d42fa-f706-434c-a328-c3a7a0a60f2a,TN-2820,TN,808049347754,Nature Valley Granola Bars,L-4260,2026-05-21,1
c44c777a-3c6f-4789-978a-fd46b34ac04d,LA-7338,LA,808049347754,Nature Valley Granola Bars,L-6480,2026-07-13,3
71f88bad-2139-4da9-94b5-7b6d95bdaf1b,LA-6999,LA,653374520407,"Land O'Lakes Butter, 1lb",L-1324,2026-05-09,1
dfc2d7a8-d5ff-4597-aeb1-a094d48d2704,LA-8293,LA,875113329103,"Tyson Chicken Breast, Family Pack",L-5740,2026-04-20,3
707246e3-d1d7-4b00-bc92-d98e8e2d9a8f,FL-2350,FL,653374520407,"Land O'Lakes Butter, 1lb",L-4532,2026-06-25,1
ed529661-89d1-4076-9136-740d7a880b33,CA-9437,CA,701993641404,Blue Bell Vanilla Ice Cream,L-4260,2026-07-30,4
2e161fd5-a43f-44ad-9ddd-c8ec7cf58a75,CA-7560,CA,610163406023,Folgers Classic Roast Coffee,L-7111,2026-08-09,1
903c297f-d39b-4451-bec8-7983f9fcd451,OK-7534,OK,808049347754,Nature Valley Granola Bars,L-6480,2026-07-02,3
c21444e1-cb70-4f3f-b670-4c729a9051cc,CA-1008,CA,875113329103,"Tyson Chicken Breast, Family Pack",L-5740,2026-06-05,4
5092a867-250b-437c-b38a-b26761af3f4e,OK-9308,OK,146279721070,"Sunups Large Grade A Eggs, Dozen",0840962,2026-07-18,2
676c6720-4c57-403d-a792-24c9af7cb414,AR-8648,AR,382652812974,"Chobani Greek Yogurt, 32oz",406635,2026-04-18,2
ba38b6c6-13cd-49a1-abe4-6e3d624edc9e,GA-8270,GA,875113329103,"Tyson Chicken Breast, Family Pack",L-7111,2026-08-05,1
b1d6702a-482c-4de3-8eec-a66942e96f41,AR-1726,AR,680261188425,"Great Value 2% Milk, Gallon",L-4532,2026-07-31,3
ebe3d3f9-4def-4531-a710-df159d076530,TX-8040,TX,653374520407,"Land O'Lakes Butter, 1lb",L-7111,2026-04-14,1
920e958a-ff65-402d-9991-1ca080d9a637,TN-3999,TN,653374520407,"Land O'Lakes Butter, 1lb",L-4260,2026-08-13,4
f4a82dcc-07fa-4ab8-9f0b-56694c7fe9ff,TN-7053,TN,680261188425,"Great Value 2% Milk, Gallon",L-4260,2026-06-28,3
30f32bb3-8c4a-4f39-94ca-45ca849478be,NM-8605,NM,875113329103,"Tyson Chicken Breast, Family Pack",337807,2026-05-22,4
618cdb39-0055-4997-9542-c7046ad7420a,TN-3670,TN,653374520407,"Land O'Lakes Butter, 1lb",L-6480,2026-08-03,3
47387b24-2a0c-4712-8d3b-98bf897e8ae1,FL-9478,FL,382652812974,"Chobani Greek Yogurt, 32oz",337807,2026-06-02,2
9e849f30-ad65-4859-9600-8cef6d5caf8f,AL-8015,AL,889391736613,Wonder Bread Classic White,L-1324,2026-07-15,1
7a747f7c-2ab1-48dc-ba1a-1d1c3a93c08e,NM-2792,NM,875113329103,"Tyson Chicken Breast, Family Pack",L-1324,2026-05-11,3
09502e86-69c2-4d1e-a1a2-8ba2b29c62f1,TN-5885,TN,889391736613,Wonder Bread Classic White,337807,2026-07-08,3
b54fd66c-dde9-4c23-a9ac-c6bd1fae2703,OK-3624,OK,653374520407,"Land O'Lakes Butter, 1lb",192729,2026-04-19,2
6b4a6aad-521a-46e9-96c3-5967e7bf619f,MS-7882,MS,889391736613,Wonder Bread Classic White,406635,2026-07-30,4
4e58f003-f47b-42d6-8e76-775e71b0a133,FL-4692,FL,382652812974,"Chobani Greek Yogurt, 32oz",337807,2026-05-06,3
0b758ee1-be36-423a-8b89-df2dc85e95b2,AR-6936,AR,889391736613,Wonder Bread Classic White,406635,2026-08-13,2
6539da22-42e9-4904-a85e-3e904de74183,CA-5441,CA,701993641404,Blue Bell Vanilla Ice Cream,337807,2026-07-28,1
238092e5-cf77-42d6-9664-c0a0b0e3cc4f,CA-9684,CA,653374520407,"Land O'Lakes Butter, 1lb",337807,2026-06-25,2
768e7eee-bad6-49b1-9588-386e87f7f317,LA-7677,LA,875113329103,"Tyson Chicken Breast, Family Pack",250347,2026-05-20,1
0321fdb9-bb2d-43b5-9c1d-a1667e9de030,CA-5416,CA,382652812974,"Chobani Greek Yogurt, 32oz",406635,2026-08-15,4
13e821c6-019f-4855-b7d0-f96f855c977a,CA-1446,CA,382652812974,"Chobani Greek Yogurt, 32oz",L-1324,2026-07-27,2
9e041116-e9d2-469b-b331-68a1f5e66355,LA-9722,LA,889391736613,Wonder Bread Classic White,337807,2026-04-11,3
685f26d2-77d3-484b-b32e-1a13b1d458e4,TX-2620,TX,653374520407,"Land O'Lakes Butter, 1lb",250347,2026-06-10,4
54d8e3bf-34e0-4c84-96ed-c4b8246b3e75,AL-8370,AL,875113329103,"Tyson Chicken Breast, Family Pack",L-5740,2026-07-18,4
c069eb3a-d2ce-4903-ae81-4e56e8bb8b39,CA-4034,CA,808049347754,Nature Valley Granola Bars,192729,2026-08-03,4
9016adde-3bc4-4051-af5d-310316e898e7,AL-9673,AL,808049347754,Nature Valley Granola Bars,L-7111,2026-05-16,4
529a22c2-16bc-4dd8-b654-0addc7c6bd1e,TX-6978,TX,875113329103,"Tyson Chicken Breast, Family Pack",L-1324,2026-07-16,4
dd84be93-f722-4ef8-b7f9-e33fd30fa02a,OK-9028,OK,808049347754,Nature Valley Granola Bars,L-4260,2026-04-30,3
55a9e6bb-5af4-4d7e-9a8e-821df62ff808,CA-2127,CA,701993641404,Blue Bell Vanilla Ice Cream,406635,2026-07-24,2
830d4073-09e7-4871-af5c-ba552dfc92a2,MO-5486,MO,610163406023,Folgers Classic Roast Coffee,337807,2026-04-21,3
6650c0b6-cd88-4846-ab57-e2dfe8916929,TN-3513,TN,875113329103,"Tyson Chicken Breast, Family Pack",406635,2026-06-18,2
ec0d52ab-da7d-4e24-ad3f-8f77d073223e,AL-2341,AL,808049347754,Nature Valley Granola Bars,L-4532,2026-07-29,4
54dbc2ba-f918-4d23-8c25-9e3ac98afdf0,AR-8005,AR,382652812974,"Chobani Greek Yogurt, 32oz",L-1324,2026-05-10,4
3f42b704-baff-417e-a0a7-5b3b9d3c1dcd,TX-1866,TX,653374520407,"Land O'Lakes Butter, 1lb",L-4532,2026-06-21,2
4ca0f2ce-c52c-4691-9bdd-90a9b9db6f5f,CA-8271,CA,889391736613,Wonder Bread Classic White,L-5740,2026-06-13,1
349669e8-c67a-4e6c-bf0a-aac552af149e,FL-2718,FL,808049347754,Nature Valley Granola Bars,337807,2026-04-12,2
b444b3bd-3f58-4e77-8ada-e01415a5e097,AR-1121,AR,875113329103,"Tyson Chicken Breast, Family Pack",L-4260,2026-05-11,4
c15fc1a4-68be-48fe-92db-139ce510220c,MO-3236,MO,701993641404,Blue Bell Vanilla Ice Cream,L-5740,2026-06-14,1
4e9acbfa-8c40-49d4-ac26-49370685dd41,TX-9698,TX,701993641404,Blue Bell Vanilla Ice Cream,L-4260,2026-07-22,2
a005b1bb-0eb7-4a79-b483-086150b3fd4f,OK-6698,OK,610163406023,Folgers Classic Roast Coffee,L-5740,2026-05-31,3
36dce366-77d8-4bd8-a8d7-d6e0caa5e970,AL-2255,AL,680261188425,"Great Value 2% Milk, Gallon",L-6480,2026-06-22,2
0f73067a-554d-4aab-9210-3319778034ef,CA-3963,CA,680261188425,"Great Value 2% Milk, Gallon",250347,2026-05-01,3
829f524f-7eb8-4091-b31a-a68662a80c9d,FL-4372,FL,653374520407,"Land O'Lakes Butter, 1lb",L-7111,2026-04-13,4
4c69619d-b1bc-4638-9847-1836adff36e9,MO-5796,MO,889391736613,Wonder Bread Classic White,406635,2026-04-06,3
a8ad80b6-0073-4c6e-95d7-929b21c74af4,OK-7678,OK,653374520407,"Land O'Lakes Butter, 1lb",L-6480,2026-05-01,4
8b5cde61-4481-4627-9a30-2d8666e3989b,TX-4937,TX,382652812974,"Chobani Greek Yogurt, 32oz",L-1324,2026-04-30,4
6c6b7d70-536c-4ef8-a815-ad774dfa9856,TN-6259,TN,808049347754,Nature Valley Granola Bars,L-1324,2026-04-06,4
37a9db6f-34cc-4f1f-b86d-060d05cc970d,LA-1065,LA,610163406023,Folgers Classic Roast Coffee,L-5740,2026-05-17,4
cdacbf1d-77ae-4b08-ab5b-3e9803d70417,CA-3597,CA,680261188425,"Great Value 2% Milk, Gallon",192729,2026-07-05,4
802bd904-f4bd-4eaa-8288-1fdd8c508555,GA-3048,GA,701993641404,Blue Bell Vanilla Ice Cream,L-4260,2026-05-04,2
3c2e15c9-cd53-4dbb-a7d6-94ca7d3c0ec9,AR-2918,AR,680261188425,"Great Value 2% Milk, Gallon",337807,2026-06-30,3
e543fd71-d399-4ab6-8014-40230bb0ab15,GA-5535,GA,808049347754,Nature Valley Granola Bars,250347,2026-05-22,2
0085e9d0-173b-4d3c-82db-452e43cd13b7,GA-5691,GA,701993641404,Blue Bell Vanilla Ice Cream,250347,2026-06-27,1
36ddd445-7b9d-488e-9cf8-9ec464f6aa39,NM-4433,NM,610163406023,Folgers Classic Roast Coffee,192729,2026-07-14,2
cc00097c-88fc-4a05-9bbd-f9cf98a7457d,OK-8422,OK,610163406023,Folgers Classic Roast Coffee,L-5740,2026-04-25,3
e98cb0b9-aa3a-4bd3-b6dc-bfea0bd0ea9e,AR-1590,AR,610163406023,Folgers Classic Roast Coffee,250347,2026-04-16,1
22ac7d23-cf30-4c47-8ed5-7e44da82f0bc,OK-3784,OK,875113329103,"Tyson Chicken Breast, Family Pack",406635,2026-06-14,1
915fdc7b-cbd9-45a2-87b9-80294f1952ec,AR-3610,AR,680261188425,"Great Value 2% Milk, Gallon",406635,2026-05-06,3
e54c8c7e-74f0-409f-bf86-423f20c1327c,TX-4544,TX,610163406023,Folgers Classic Roast Coffee,250347,2026-06-30,3
129132d3-0f8b-476d-872f-6dde32d0f899,NM-3567,NM,875113329103,"Tyson Chicken Breast, Family Pack",L-7111,2026-06-12,2
818410ec-1f76-4cfc-8576-39924631d5cf,FL-1005,FL,653374520407,"Land O'Lakes Butter, 1lb",L-4260,2026-05-30,3
71dc5a1e-d497-40f6-b681-a4e39529e670,NM-9597,NM,875113329103,"Tyson Chicken Breast, Family Pack",192729,2026-05-26,1
f06a17b6-17d2-45b2-82b9-e376d8d53d30,MO-3823,MO,382652812974,"Chobani Greek Yogurt, 32oz",250347,2026-05-04,3
328cf087-eb07-4e29-aaca-ad4d03eb705c,CA-2404,CA,889391736613,Wonder Bread Classic White,406635,2026-05-20,4
bdb0e51d-0cd6-46dd-b828-4f3a3888eb15,MS-9855,MS,382652812974,"Chobani Greek Yogurt, 32oz",406635,2026-06-18,1
600160b1-332e-4a27-aa25-ffad32bfaf1a,OK-7446,OK,059533434211,"Kroger Large Grade A Eggs, Dozen",P-1950,2026-07-24,3
638bc668-46da-45fa-b818-ce3a93adf283,MO-2902,MO,680261188425,"Great Value 2% Milk, Gallon",L-4532,2026-07-18,4
9ffef55a-7366-4671-ba63-87fb100da17f,MO-2311,MO,382652812974,"Chobani Greek Yogurt, 32oz",250347,2026-04-07,2
59797df2-d5be-4ed6-9c02-93b4e6ae4f09,MO-1725,MO,875113329103,"Tyson Chicken Breast, Family Pack",L-7111,2026-06-07,2
57e82a69-7169-4687-b130-39a183c6009a,FL-5765,FL,701993641404,Blue Bell Vanilla Ice Cream,406635,2026-04-18,4
f1ef7344-ad37-4236-8056-0fbf15c3c4df,MS-8938,MS,875113329103,"Tyson Chicken Breast, Family Pack",406635,2026-06-07,4
92d23e8a-8348-4aa8-81dc-067d3c45574a,TX-9202,TX,653374520407,"Land O'Lakes Butter, 1lb",L-5740,2026-06-10,4
6c16611c-3a45-43f5-9983-8b8de02863e6,AR-8595,AR,680261188425,"Great Value 2% Milk, Gallon",L-7111,2026-07-02,2
3446952f-2497-4d88-bcca-7ecdf165684e,FL-5616,FL,610163406023,Folgers Classic Roast Coffee,L-4260,2026-08-06,1
9b9a9f1c-9079-47a9-b658-d87eaccb3f53,NM-6297,NM,610163406023,Folgers Classic Roast Coffee,L-1324,2026-04-09,4
3bff8872-c19b-417f-a420-be83c59d600c,MO-7715,MO,610163406023,Folgers Classic Roast Coffee,406635,2026-06-16,3
9fcf8a35-8e54-4257-adcb-9339f371064a,NM-1358,NM,808049347754,Nature Valley Granola Bars,L-4260,2026-04-29,2
b50e8fe6-8caa-48d5-b637-946626d69069,MO-8896,MO,889391736613,Wonder Bread Classic White,192729,2026-07-14,3
7a4731ae-5f12-4487-9b9a-fb9f5619c454,AR-3087,AR,701993641404,Blue Bell Vanilla Ice Cream,337807,2026-05-21,1
aef9b239-7f9c-4e50-9dea-10e8630db2fb,LA-8893,LA,808049347754,Nature Valley Granola Bars,406635,2026-06-10,2
0a67e988-0ca5-4aec-ae43-6b919c38c7df,CA-1006,CA,680261188425,"Great Value 2% Milk, Gallon",406635,2026-07-02,1
3c729954-d83d-4a6b-b884-e702657d0612,NM-7172,NM,875113329103,"Tyson Chicken Breast, Family Pack",L-5740,2026-04-06,1
44dddc8c-3bb8-4e41-ae21-950b0c47f5f2,OK-1640,OK,610163406023,Folgers Classic Roast Coffee,L-4532,2026-04-11,3
9c23d35d-c593-4940-b168-4a5cbac3f2a2,LA-3372,LA,680261188425,"Great Value 2% Milk, Gallon",L-4260,2026-05-03,2
f0db8d59-889a-49ba-bbff-0c7bc14d5c42,AL-7804,AL,808049347754,Nature Valley Granola Bars,250347,2026-07-12,1
d1d2bf7a-c140-48c8-8987-7ac8f8e2cb99,TX-9470,TX,889391736613,Wonder Bread Classic White,250347,2026-06-20,2
1161daa9-1674-4f71-b427-e135fae4b276,MO-9677,MO,875113329103,"Tyson Chicken Breast, Family Pack",L-1324,2026-08-15,1
f5f50a99-9671-4ebf-9f27-c89fe84804af,OK-2091,OK,889391736613,Wonder Bread Classic White,L-1324,2026-05-28,1
f947982e-fb2a-47c9-8bee-06a6c1a2695c,AR-8960,AR,680261188425,"Great Value 2% Milk, Gallon",406635,2026-05-04,3
d2c30b09-5c8b-4924-8ed2-e52a2379c6de,CA-3248,CA,680261188425,"Great Value 2% Milk, Gallon",L-6480,2026-06-12,4
98bad46d-ca9f-46a1-bf52-fc29b71cc3cc,NM-4063,NM,610163406023,Folgers Classic Roast Coffee,250347,2026-04-08,4
c2d70f23-e522-4fd7-8a84-8ed7a7ffa249,TN-2430,TN,808049347754,Nature Valley Granola Bars,406635,2026-05-23,2
cb6036ab-95e7-4561-b899-7ef9b6edb9f5,TX-7629,TX,875113329103,"Tyson Chicken Breast, Family Pack",L-6480,2026-06-02,4
abe9998c-9a64-4693-95b4-79d6718f7467,AL-1009,AL,653374520407,"Land O'Lakes Butter, 1lb",406635,2026-07-21,2
c4c192bf-65c3-426a-832b-2b50b40a2705,NM-2196,NM,701993641404,Blue Bell Vanilla Ice Cream,250347,2026-04-24,4
4ee37c37-5034-42b1-a83a-0e2bfcf75577,TX-2898,TX,382652812974,"Chobani Greek Yogurt, 32oz",250347,2026-04-11,3
504518cd-ec4c-449d-9162-90a47b786858,TX-3890,TX,701993641404,Blue Bell Vanilla Ice Cream,406635,2026-06-17,1
64267437-9ad1-4aa7-947d-1a0ae4faefa5,GA-6640,GA,382652812974,"Chobani Greek Yogurt, 32oz",L-6480,2026-04-20,1
caf39279-be39-4ecf-9475-d04a64191b81,AL-6375,AL,701993641404,Blue Bell Vanilla Ice Cream,337807,2026-04-25,3
1164c1d4-e001-42d4-831c-6baa623e35f4,AR-3813,AR,680261188425,"Great Value 2% Milk, Gallon",250347,2026-06-28,4
85a3e8c2-0cde-4dda-ab2e-49e3daa12c22,CA-6891,CA,382652812974,"Chobani Greek Yogurt, 32oz",250347,2026-05-09,4
b57db967-67f9-44b0-8d25-19a2c22c748d,AR-8912,AR,653374520407,"Land O'Lakes Butter, 1lb",L-7111,2026-07-08,4
51a7a145-f4f3-4fcd-8f03-ef98ccb99b63,CA-9364,CA,382652812974,"Chobani Greek Yogurt, 32oz",L-1324,2026-06-07,1
61e983d9-9127-428e-9e96-94917c38e666,TN-8546,TN,808049347754,Nature Valley Granola Bars,337807,2026-07-16,4
1b04126d-cf17-4655-a4c6-23145c41120f,TN-4554,TN,382652812974,"Chobani Greek Yogurt, 32oz",337807,2026-05-28,2
ba182d32-aa0c-4834-a3d3-26d887c5ea67,NM-2683,NM,875113329103,"Tyson Chicken Breast, Family Pack",L-1324,2026-06-08,2
3eb3c4b1-74bf-4da8-9070-9a2450efa44a,FL-7817,FL,610163406023,Folgers Classic Roast Coffee,L-4532,2026-04-06,2
fddac368-bad1-42fb-a0b2-c3cabf90f5c1,TN-5727,TN,889391736613,Wonder Bread Classic White,192729,2026-06-06,2
bf87b437-c239-4c87-9451-4864bdd3a970,NM-7907,NM,680261188425,"Great Value 2% Milk, Gallon",L-6480,2026-08-02,2
03fdb823-1cad-47a5-94d8-4a6bc4eb1433,MO-5111,MO,680261188425,"Great Value 2% Milk, Gallon",L-5740,2026-06-16,3
63184122-cea7-4373-96b5-92f33b6b7325,TX-1124,TX,889391736613,Wonder Bread Classic White,L-4260,2026-04-28,3
40233561-dc1f-4cc1-81df-109965207cdb,LA-3279,LA,889391736613,Wonder Bread Classic White,192729,2026-05-17,1
4b28f689-86df-4e90-8c30-20c322bde118,GA-7520,GA,889391736613,Wonder Bread Classic White,337807,2026-06-06,3
a72d15fa-ec21-4cff-84f2-b51025677023,LA-3949,LA,610163406023,Folgers Classic Roast Coffee,L-4532,2026-07-16,1
3e253b78-a3db-4b87-b01a-9d28b327f1fa,TN-6980,TN,382652812974,"Chobani Greek Yogurt, 32oz",L-6480,2026-04-26,4
18df2cd2-0cf3-4e64-8c69-efdd02685bd9,GA-1790,GA,653374520407,"Land O'Lakes Butter, 1lb",337807,2026-05-10,2
6353feee-714a-4e51-964f-ab1a70667450,LA-6383,LA,680261188425,"Great Value 2% Milk, Gallon",L-4532,2026-04-18,2
212de5d6-c1b1-4398-9628-e296b28e53f5,LA-5410,LA,653374520407,"Land O'Lakes Butter, 1lb",337807,2026-04-29,1
0580de1c-33d2-45bc-b657-bb2c74f178c6,AL-7857,AL,382652812974,"Chobani Greek Yogurt, 32oz",192729,2026-06-03,3
7da4e6b4-0b44-493c-84a1-23086a3ed165,NM-9511,NM,680261188425,"Great Value 2% Milk, Gallon",L-1324,2026-05-28,3
9f0bd56d-f89d-4b6c-a146-c3eab69a7c18,TX-4313,TX,610163406023,Folgers Classic Roast Coffee,L-5740,2026-04-01,4
7180d6d9-aab7-4afc-8dea-f7fb1b62504c,TN-6819,TN,680261188425,"Great Value 2% Milk, Gallon",L-1324,2026-04-07,3
d3569282-9f92-42d5-bd77-788b89f5a3f3,NM-5002,NM,701993641404,Blue Bell Vanilla Ice Cream,250347,2026-04-04,3
ef404556-f7a0-47d7-a7f9-887bd0c62dbf,AL-6308,AL,382652812974,"Chobani Greek Yogurt, 32oz",L-1324,2026-06-11,4
05e00bc4-6a60-44ef-a412-1ece108113c0,CA-7986,CA,875113329103,"Tyson Chicken Breast, Family Pack",406635,2026-05-23,2
7c9e0d82-28d6-4bea-8381-5ada5f995ed7,TN-2480,TN,889391736613,Wonder Bread Classic White,192729,2026-04-26,1
33b943fa-b348-4b17-9d27-b96903ed111c,TN-7552,TN,808049347754,Nature Valley Granola Bars,L-7111,2026-04-23,2
6a42a823-590b-4800-8c92-e4584e9650b6,GA-3038,GA,875113329103,"Tyson Chicken Breast, Family Pack",L-7111,2026-07-31,3
2dbdc38e-e82f-4bc2-b7c6-a54481afdf08,LA-1676,LA,701993641404,Blue Bell Vanilla Ice Cream,L-1324,2026-04-27,3
42bc5da5-ef98-4b76-be57-66e6105f8ef2,TX-8693,TX,808049347754,Nature Valley Granola Bars,406635,2026-08-09,2
9314d9f6-f66e-43c6-b5a2-e4159f5cde9c,NM-1925,NM,610163406023,Folgers Classic Roast Coffee,L-6480,2026-05-09,1
a81a931d-e54b-45e7-acbe-d7235523309c,AR-1329,AR,701993641404,Blue Bell Vanilla Ice Cream,L-4260,2026-07-29,2
ef9d2f65-bd87-40c4-9b04-64a226d9c9ce,GA-8697,GA,875113329103,"Tyson Chicken Breast, Family Pack",L-4260,2026-05-31,4
8e58d70f-3fd3-49ce-b479-3cb14e24fcc0,AL-4600,AL,808049347754,Nature Valley Granola Bars,337807,2026-07-17,2
7e66cc61-72de-4ac7-9153-344b56372bd3,MS-7074,MS,610163406023,Folgers Classic Roast Coffee,L-7111,2026-04-11,4
2a3cf5df-4a03-41dc-bff8-39454090cfd0,LA-2922,LA,889391736613,Wonder Bread Classic White,L-5740,2026-04-28,1
67b5e83f-d625-4471-9016-85c6faba98c6,TN-4031,TN,610163406023,Folgers Classic Roast Coffee,L-7111,2026-07-16,2
c135b7c9-4563-460e-9dae-bc1db18a5521,AR-7440,AR,889391736613,Wonder Bread Classic White,L-7111,2026-04-16,3
9ba7211b-688f-48b1-958e-2365bc365aa5,TN-4527,TN,889391736613,Wonder Bread Classic White,L-4260,2026-06-15,4
6e2a6529-2e9e-42da-91ee-1e57538d274b,MS-5450,MS,653374520407,"Land O'Lakes Butter, 1lb",L-4260,2026-06-27,3
5c6909ee-69bd-4f75-9415-b827432ff942,AR-8569,AR,889391736613,Wonder Bread Classic White,L-4532,2026-05-04,2
aef43b93-7d6f-4128-9ef2-e5b42578b564,AL-1882,AL,875113329103,"Tyson Chicken Breast, Family Pack",L-1324,2026-06-18,3
568935be-54b2-464b-8401-2d634d401c85,LA-5487,LA,653374520407,"Land O'Lakes Butter, 1lb",192729,2026-04-21,1
36d12fe5-4b56-448c-8d37-2b9f55cff472,LA-5758,LA,382652812974,"Chobani Greek Yogurt, 32oz",337807,2026-05-24,1
5b5ba22a-51fa-48db-b175-04247eedd2b8,GA-9105,GA,889391736613,Wonder Bread Classic White,L-5740,2026-07-01,2
b3532386-7f5d-44bf-80d4-6d8b6009f43e,NM-8658,NM,808049347754,Nature Valley Granola Bars,L-5740,2026-04-24,1
1a2442a6-3f10-47bd-8562-408655fc010b,OK-9822,OK,808049347754,Nature Valley Granola Bars,L-4260,2026-07-17,4
c7e93705-196d-42c2-9ddd-f1551e066c0a,AR-3893,AR,875113329103,"Tyson Chicken Breast, Family Pack",L-5740,2026-07-30,1
1d2e877d-da7d-4649-80f6-226768eeb037,GA-8722,GA,610163406023,Folgers Classic Roast Coffee,250347,2026-04-03,3
05a6f210-07e8-485a-98b1-a1597abc3d9f,AL-1256,AL,653374520407,"Land O'Lakes Butter, 1lb",L-6480,2026-06-04,3
a28d36ea-d678-41e8-b0d8-09012fead905,AL-1652,AL,808049347754,Nature Valley Granola Bars,406635,2026-06-21,3
80f6340f-9c33-4177-a48c-c0f52d94e555,AR-4817,AR,057642652279,"Brookshire's Large Grade A Eggs, Dozen",P-1950,2026-06-16,4
fe6c4fdd-dd0c-44c0-9181-a413aab13766,TN-7145,TN,653374520407,"Land O'Lakes Butter, 1lb",406635,2026-04-23,2
cbec3415-cab4-410b-9624-ade9e77faae8,CA-4049,CA,889391736613,Wonder Bread Classic White,L-7111,2026-05-14,3
ed9f301a-99c4-4ef1-ba65-300ad7669a91,NM-2440,NM,808049347754,Nature Valley Granola Bars,337807,2026-07-14,3
42716400-27c6-464c-bc30-64e04a9ac3b3,FL-9666,FL,680261188425,"Great Value 2% Milk, Gallon",L-1324,2026-05-23,2
c7ff6cb2-cc9d-4cdf-9eda-3194df84cd88,NM-6230,NM,808049347754,Nature Valley Granola Bars,L-6480,2026-07-09,4
46480f6a-11c0-4235-9eaf-2b91fde0aff9,AR-7267,AR,382652812974,"Chobani Greek Yogurt, 32oz",192729,2026-04-04,2
6e0fbf21-ad0e-40e5-bf9f-ac89c380c696,GA-7201,GA,610163406023,Folgers Classic Roast Coffee,L-6480,2026-07-07,3
654b515e-027c-4739-8a59-77ab2700c16c,CA-5252,CA,701993641404,Blue Bell Vanilla Ice Cream,337807,2026-07-29,3
0b894099-d093-4da2-a156-b72aafc2c46f,AR-2537,AR,701993641404,Blue Bell Vanilla Ice Cream,L-7111,2026-06-06,1
25fe316d-b950-4b71-87eb-8b15f2019271,AR-5626,AR,653374520407,"Land O'Lakes Butter, 1lb",337807,2026-05-14,2
7670fba8-7e23-4377-ac79-9b521343407e,TX-8259,TX,382652812974,"Chobani Greek Yogurt, 32oz",250347,2026-05-04,1
46ed42b1-263c-4baa-8b4e-81a5459912d7,MO-5330,MO,701993641404,Blue Bell Vanilla Ice Cream,192729,2026-08-05,4
be38ed4f-7d59-4852-bcb3-b5f44799935e,MS-2624,MS,610163406023,Folgers Classic Roast Coffee,L-4260,2026-07-26,2
b736e0e8-c75b-4e62-adfc-6b449e70d78a,AL-1568,AL,701993641404,Blue Bell Vanilla Ice Cream,L-6480,2026-06-17,2
299664e6-fe12-4a69-aa49-8e191bd81997,OK-4305,OK,610163406023,Folgers Classic Roast Coffee,L-6480,2026-07-25,1
cee615b4-7aeb-4a2d-868f-7a89a2377348,FL-3670,FL,653374520407,"Land O'Lakes Butter, 1lb",337807,2026-05-13,4
6aaad116-36b5-4ca5-b65b-8c08316b5726,OK-6739,OK,382652812974,"Chobani Greek Yogurt, 32oz",L-4260,2026-05-18,4
4988eb52-2c5c-4c4b-bbdc-c3ef8bbb22da,CA-9415,CA,680261188425,"Great Value 2% Milk, Gallon",L-1324,2026-06-11,4
142188d0-dea6-489f-b734-54a80c818ae6,AR-3413,AR,808049347754,Nature Valley Granola Bars,L-7111,2026-07-10,1
ed7998a7-6fdc-48cf-99fc-61639e0e2c8a,NM-1136,NM,382652812974,"Chobani Greek Yogurt, 32oz",L-4260,2026-07-30,1
b88c9c96-63e9-42bc-8568-676b163f0b1e,MS-6605,MS,889391736613,Wonder Bread Classic White,L-5740,2026-07-16,3
932211bc-c38a-42bf-be3e-c80e21016dff,TN-1686,TN,610163406023,Folgers Classic Roast Coffee,L-1324,2026-04-07,3
c918aea4-003b-4f02-9b47-5411a8b17f6d,OK-9661,OK,875113329103,"Tyson Chicken Breast, Family Pack",406635,2026-08-07,1
8fe27cbf-6c2e-4efe-a35f-ec03e3de4eca,GA-2835,GA,889391736613,Wonder Bread Classic White,L-4260,2026-04-01,4
e0db2225-c82f-40ba-b0c8-4bfd42a18568,CA-4486,CA,382652812974,"Chobani Greek Yogurt, 32oz",L-4260,2026-06-30,3
62e3cbac-26cc-4b2e-90d3-51583bbe2fcc,MO-5221,MO,653374520407,"Land O'Lakes Butter, 1lb",L-1324,2026-08-13,2
d3e19a9b-7608-4bce-951a-93308e8800f6,CA-9010,CA,680261188425,"Great Value 2% Milk, Gallon",192729,2026-06-05,2
d8ba036d-90ee-41b8-a406-5647c575c649,MS-7242,MS,808049347754,Nature Valley Granola Bars,337807,2026-06-05,3
5377d675-9966-4124-ac3b-ba009df21ea2,TX-4020,TX,875113329103,"Tyson Chicken Breast, Family Pack",L-4532,2026-04-17,3
e8ce3731-426e-4ce1-9584-c0c5be60c454,MS-1556,MS,889391736613,Wonder Bread Classic White,L-1324,2026-06-17,1
1db5524e-3cae-4e22-ba1f-8c9a48630074,MO-8617,MO,808049347754,Nature Valley Granola Bars,L-6480,2026-05-20,1
54cab4d3-69c9-40e0-b587-772cf399b451,AL-4424,AL,875113329103,"Tyson Chicken Breast, Family Pack",L-6480,2026-06-18,4
9a15cda8-fe2c-4d9f-9307-4e7fed3f9d8e,TN-7739,TN,701993641404,Blue Bell Vanilla Ice Cream,406635,2026-06-11,3
c29c81e5-4ac4-4ba9-aa0e-1affff02bd5b,FL-2466,FL,875113329103,"Tyson Chicken Breast, Family Pack",L-1324,2026-08-06,4
8a6886c3-28f3-4857-923d-9c1fc9cffe1e,TX-2606,TX,382652812974,"Chobani Greek Yogurt, 32oz",L-6480,2026-04-19,3
5347d245-f364-4089-914e-1cd2f89b421e,MS-3658,MS,610163406023,Folgers Classic Roast Coffee,L-4260,2026-05-28,4
119e35d4-d834-4ae0-acf1-2a9757762d2b,CA-9805,CA,875113329103,"Tyson Chicken Breast, Family Pack",L-4532,2026-04-07,4
6b02a9b3-7bc2-4ff2-beca-06e913c488a1,AR-1268,AR,889391736613,Wonder Bread Classic White,L-7111,2026-05-27,3
a3964389-e1b0-4698-ae73-52a1232fff62,CA-4590,CA,610163406023,Folgers Classic Roast Coffee,L-5740,2026-08-08,3
6e64385f-9f1d-40d6-90dc-3a9a971bf907,TX-6074,TX,808049347754,Nature Valley Granola Bars,L-6480,2026-06-18,1
cc997ea9-0142-4b1b-abdb-746a9217c8aa,AL-8588,AL,875113329103,"Tyson Chicken Breast, Family Pack",L-4532,2026-04-23,1
d99e442d-41e7-4b8c-ac0e-d25657e97172,TX-8350,TX,653374520407,"Land O'Lakes Butter, 1lb",L-1324,2026-07-28,1
3d2caf60-59ca-4801-abbe-dc00bacf357f,MO-3637,MO,653374520407,"Land O'Lakes Butter, 1lb",L-1324,2026-06-23,1
d874ee7e-cbeb-4f8b-88bb-9c21ee9b5d52,TN-7126,TN,889391736613,Wonder Bread Classic White,192729,2026-06-29,4
0c6cde50-17b7-455d-bc37-d1fc29c648ea,FL-8132,FL,889391736613,Wonder Bread Classic White,337807,2026-07-31,1
a7a07b88-ed29-4ca2-913f-4989d482fdb2,FL-1177,FL,889391736613,Wonder Bread Classic White,337807,2026-07-29,1
081ee99b-d997-4630-9aeb-3f5ee854156f,OK-8870,OK,653374520407,"Land O'Lakes Butter, 1lb",L-1324,2026-05-29,1
a14ef0ee-0769-4ffb-a7c5-1c9ac4b2eea7,FL-7475,FL,701993641404,Blue Bell Vanilla Ice Cream,L-4260,2026-05-10,1
a1676606-0df5-4275-a9c9-c065f694217c,FL-8267,FL,808049347754,Nature Valley Granola Bars,250347,2026-07-15,1
ad9b2273-aafb-4827-ab1b-1fdfb2a35083,MS-3450,MS,889391736613,Wonder Bread Classic White,L-4532,2026-06-24,4
940fad65-5462-492b-9d4a-a94a29ed0e84,TN-9591,TN,653374520407,"Land O'Lakes Butter, 1lb",406635,2026-08-12,3
9d7f4b91-8a34-40af-a745-8966cfcff877,MS-7694,MS,382652812974,"Chobani Greek Yogurt, 32oz",406635,2026-04-03,2
4717bc7b-713b-4936-998d-2581219b1dcb,LA-9559,LA,808049347754,Nature Valley Granola Bars,L-4260,2026-07-03,4
fbdb57fd-4686-4baa-bdcb-00c33f4d63e3,TX-6841,TX,610163406023,Folgers Classic Roast Coffee,250347,2026-04-01,1
29eac45d-508c-4daa-a994-bfe26cc4c7f7,AL-6573,AL,680261188425,"Great Value 2% Milk, Gallon",L-7111,2026-07-14,3
898d8113-b1a7-4eec-ac2f-0bebb5cbdfd7,FL-9969,FL,889391736613,Wonder Bread Classic White,L-4260,2026-04-10,3
17b4d0f9-c1bd-4505-bdaa-4185c3b1cad5,NM-7892,NM,701993641404,Blue Bell Vanilla Ice Cream,L-5740,2026-07-21,4
4d3736a9-6bd9-49ff-8726-20a756741597,NM-8912,NM,859982493629,"Country Morning Large Grade A Eggs, Dozen",0840962,2026-06-27,3
565a2718-b61d-4444-bb58-d37d074cf4c9,LA-8248,LA,889391736613,Wonder Bread Classic White,337807,2026-05-11,1
fbeabe75-591b-4d1c-926f-656ed12b8870,TN-2546,TN,808049347754,Nature Valley Granola Bars,406635,2026-05-10,1
3b7d5c47-a426-449e-a835-20b9b586384c,MS-7606,MS,701993641404,Blue Bell Vanilla Ice Cream,L-7111,2026-08-09,2
fef3ba7c-3a65-42d2-9902-6d56d2f1a1c8,OK-4609,OK,889391736613,Wonder Bread Classic White,192729,2026-06-05,4
835061a4-885e-4d73-9816-70c545326ecb,AR-6439,AR,610163406023,Folgers Classic Roast Coffee,337807,2026-05-14,3
a0afc2e1-42e8-4aa5-ad06-b9682ab05570,TX-9417,TX,382652812974,"Chobani Greek Yogurt, 32oz",L-4260,2026-05-13,1
94844fe0-7e5a-41d5-9363-fcaa30442ad5,TX-7287,TX,701993641404,Blue Bell Vanilla Ice Cream,L-4260,2026-06-21,4
987d477b-4b2a-41a4-a87c-f965432333d6,MO-9551,MO,680261188425,"Great Value 2% Milk, Gallon",250347,2026-08-03,4
6b9a4627-8774-4328-b8e3-e17653a42bcb,TX-5357,TX,610163406023,Folgers Classic Roast Coffee,406635,2026-06-16,2
e57f74bf-3843-45c0-ad01-a2c0fc28ff15,AR-9410,AR,382652812974,"Chobani Greek Yogurt, 32oz",250347,2026-05-30,1
d54e4bab-bb15-428b-9eb4-98fbb509228d,GA-3728,GA,875113329103,"Tyson Chicken Breast, Family Pack",L-1324,2026-04-19,2
d1ad3feb-97a7-424c-9fe8-bd0e723aa3b9,LA-8097,LA,808049347754,Nature Valley Granola Bars,192729,2026-06-09,3
9a4e9e99-5035-4065-bc42-12d2616fbbef,NM-4193,NM,680261188425,"Great Value 2% Milk, Gallon",L-4260,2026-04-10,4
26b9312b-2038-412a-93f2-996025f38fac,AL-1661,AL,889391736613,Wonder Bread Classic White,337807,2026-07-18,4
d6f4309a-07e9-463d-b74a-0101d3d733a3,GA-2351,GA,653374520407,"Land O'Lakes Butter, 1lb",L-7111,2026-05-28,4
1feebc8f-9a26-454e-bc51-00c0b2b7813b,MO-6538,MO,382652812974,"Chobani Greek Yogurt, 32oz",337807,2026-04-13,4
0d4d1e00-1832-4549-9b7f-233ec251c678,LA-4150,LA,610163406023,Folgers Classic Roast Coffee,L-4532,2026-08-15,3
50733c47-9933-4899-9b59-2cabad324a7c,LA-6846,LA,680261188425,"Great Value 2% Milk, Gallon",192729,2026-05-28,4
9e5596ce-957b-4c71-baea-d0aa282557da,LA-8690,LA,808049347754,Nature Valley Granola Bars,192729,2026-04-06,3
1d4d5256-0952-4888-b4e9-46966744e685,GA-3618,GA,680261188425,"Great Value 2% Milk, Gallon",406635,2026-04-19,2
7063bef1-2366-4d0c-8716-41c656002e00,OK-3701,OK,808049347754,Nature Valley Granola Bars,L-7111,2026-06-29,2
bdb3a017-3451-47f7-89c5-3a5a877d14cb,AL-2802,AL,680261188425,"Great Value 2% Milk, Gallon",337807,2026-05-17,4
2bc13d51-b7fb-4955-8df3-95915ed24067,FL-3031,FL,701993641404,Blue Bell Vanilla Ice Cream,L-1324,2026-08-09,3
5a8a7d32-2392-440e-afaf-7bd65e4278eb,MS-9745,MS,701993641404,Blue Bell Vanilla Ice Cream,250347,2026-04-09,4
7604462b-24e0-4ace-a6a4-47d7aa71b804,TX-6037,TX,875113329103,"Tyson Chicken Breast, Family Pack",250347,2026-07-26,4
c24f1302-3990-4226-980a-b84033c2418d,TX-8612,TX,382652812974,"Chobani Greek Yogurt, 32oz",337807,2026-06-18,1
6992a029-4d32-425f-897b-797c89c72eb1,LA-9020,LA,382652812974,"Chobani Greek Yogurt, 32oz",L-4260,2026-06-28,3
d89979f1-e1fb-4ba7-a1a8-fc92429f96d6,NM-6680,NM,610163406023,Folgers Classic Roast Coffee,L-5740,2026-08-12,4
029ded21-5c64-4066-acad-96cde2646ded,GA-8107,GA,701993641404,Blue Bell Vanilla Ice Cream,L-4532,2026-06-14,4
bd29fcad-772e-4ef1-be60-a7e1df4ec5ab,MS-3260,MS,889391736613,Wonder Bread Classic White,L-4260,2026-04-10,2
9273a659-8624-4c10-b781-dd64c0bcc90f,LA-4256,LA,808049347754,Nature Valley Granola Bars,L-1324,2026-06-22,3
b3f04755-1c68-41d5-bad5-fcdbda7fe13f,OK-1369,OK,057642652279,"Brookshire's Large Grade A Eggs, Dozen",P-1950,2026-07-26,2
7eee5834-2ca8-4c37-be1c-9b59b6115820,AR-4982,AR,701993641404,Blue Bell Vanilla Ice Cream,L-5740,2026-07-03,4
341591bd-9b55-4eed-a1a9-70fafdf10140,TN-9299,TN,680261188425,"Great Value 2% Milk, Gallon",337807,2026-04-11,1
d9c7d898-95ef-4f31-b9f3-bd29066a0a46,AR-8591,AR,610163406023,Folgers Classic Roast Coffee,337807,2026-05-31,2
eca5c769-6461-4027-b711-9c3c2c42c679,TN-5659,TN,889391736613,Wonder Bread Classic White,L-4260,2026-07-13,2
a37bf727-bb76-4465-9203-70629628e61c,LA-7122,LA,875113329103,"Tyson Chicken Breast, Family Pack",337807,2026-08-09,3
0db3a1f7-31fd-45c3-9d2d-c32aa7355626,CA-5279,CA,808049347754,Nature Valley Granola Bars,L-6480,2026-06-16,3
e82be56d-f8eb-4bf0-aff1-d8a0a00857bd,MO-9272,MO,680261188425,"Great Value 2% Milk, Gallon",406635,2026-05-23,2
25b6d83d-c575-4586-a649-a860a7638354,TN-8727,TN,875113329103,"Tyson Chicken Breast, Family Pack",337807,2026-06-06,1
23533767-a40f-4713-9c87-d52b35d793f5,MS-8578,MS,382652812974,"Chobani Greek Yogurt, 32oz",L-7111,2026-04-10,3
7b8e92c6-5317-47ca-8301-9038da4f4c72,GA-9092,GA,680261188425,"Great Value 2% Milk, Gallon",L-4260,2026-08-03,3
2553888c-770a-4921-8288-5c691039e970,LA-9684,LA,653374520407,"Land O'Lakes Butter, 1lb",L-4260,2026-05-26,1
a3dbb6b9-13fd-416b-a678-faf7bcd96b9a,OK-1868,OK,680261188425,"Great Value 2% Milk, Gallon",L-4532,2026-04-02,1
d8b82c53-8194-4496-855b-9101e9e2a3ae,MS-8410,MS,680261188425,"Great Value 2% Milk, Gallon",250347,2026-07-06,3
ad31b96e-55b1-4729-b41a-41382e70bb5b,AR-1317,AR,875113329103,"Tyson Chicken Breast, Family Pack",192729,2026-04-15,1
44b39a94-af3e-4241-a542-6bde943551e6,LA-4810,LA,382652812974,"Chobani Greek Yogurt, 32oz",250347,2026-04-07,4
78221b70-1e60-46b0-bdc5-dd0f44868771,GA-6850,GA,680261188425,"Great Value 2% Milk, Gallon",406635,2026-05-27,1
da58e3d3-17c4-4192-ab30-73bb7f183f7a,LA-4824,LA,701993641404,Blue Bell Vanilla Ice Cream,337807,2026-06-25,1
0c3df2da-6f03-4b52-966e-ecb9c94cd85b,OK-2833,OK,889391736613,Wonder Bread Classic White,L-6480,2026-06-29,3
22c91629-09d8-4e02-83c7-4be80b1bee53,MS-1767,MS,701993641404,Blue Bell Vanilla Ice Cream,337807,2026-04-19,4
acdfc238-c632-447d-8e30-fe85041702e2,AL-1435,AL,808049347754,Nature Valley Granola Bars,406635,2026-08-05,4
a13c6fca-a3dc-45f9-a546-b29d18aadaa3,CA-9188,CA,889391736613,Wonder Bread Classic White,L-5740,2026-07-28,3
8534e016-605a-4e23-a417-ea1d92c9e9e0,GA-7750,GA,382652812974,"Chobani Greek Yogurt, 32oz",192729,2026-06-04,4
b2194199-98c1-4134-aafa-377c73e66a7c,OK-9714,OK,610163406023,Folgers Classic Roast Coffee,250347,2026-05-16,2
fa974e0b-a2e1-4d52-a809-866eb10e8f97,LA-5467,LA,808049347754,Nature Valley Granola Bars,L-1324,2026-05-05,4
fd221d25-186b-4ba6-b51d-d18607d3b08c,CA-8160,CA,653374520407,"Land O'Lakes Butter, 1lb",L-5740,2026-05-04,2
087a1fd0-a916-4b14-bac8-585c0bda8747,NM-6205,NM,875113329103,"Tyson Chicken Breast, Family Pack",406635,2026-06-18,2
f8fee951-ecc7-4cb9-b12f-f95f270ec5fb,AL-6897,AL,875113329103,"Tyson Chicken Breast, Family Pack",L-5740,2026-04-20,4
28f9fa90-b622-4418-8313-4b269fdc1a12,TX-2787,TX,382652812974,"Chobani Greek Yogurt, 32oz",337807,2026-08-13,4
7a02af47-6fa3-45d2-85b9-4a1b8a7b087f,CA-8538,CA,382652812974,"Chobani Greek Yogurt, 32oz",L-1324,2026-07-27,3
e92424f2-d76a-404d-8aff-3cc38960b2ff,OK-4038,OK,653374520407,"Land O'Lakes Butter, 1lb",250347,2026-04-08,1
2a4c5f2f-c97b-41e8-90b7-df7c647fc9c6,TN-6083,TN,808049347754,Nature Valley Granola Bars,L-7111,2026-08-13,1
890a2fb5-a343-4095-93dc-1a27066354a0,OK-3553,OK,889391736613,Wonder Bread Classic White,L-4532,2026-04-30,2
954175f1-a06b-40b5-a2d6-b69f2dee5198,AL-9499,AL,701993641404,Blue Bell Vanilla Ice Cream,L-7111,2026-04-01,3
23797add-ea06-4af0-85e7-9e2450b2eda2,OK-7747,OK,889391736613,Wonder Bread Classic White,192729,2026-05-12,3
a2e7e4b8-c3ae-48ce-b36d-0f7d78a4a703,TX-5341,TX,382652812974,"Chobani Greek Yogurt, 32oz",L-4260,2026-07-12,1
7082eada-8ade-4236-a29e-2024e4cb79d4,TX-6712,TX,808049347754,Nature Valley Granola Bars,L-7111,2026-04-11,2
c632c3fa-5ede-4de9-a082-14e4630fc885,GA-1900,GA,382652812974,"Chobani Greek Yogurt, 32oz",L-5740,2026-08-01,3
b4c69d99-a9a0-4a6d-8411-1653ee10749b,NM-2566,NM,875113329103,"Tyson Chicken Breast, Family Pack",L-4260,2026-06-12,1
a37b854a-a5e3-42d6-986c-cbe012d06a96,LA-1776,LA,701993641404,Blue Bell Vanilla Ice Cream,L-1324,2026-04-11,4
877a61a3-91cc-4e25-8533-72306805eab2,AL-7600,AL,875113329103,"Tyson Chicken Breast, Family Pack",406635,2026-04-12,3
3ac55920-bd5b-4b09-abaf-bdfa31ac46e8,AL-1185,AL,808049347754,Nature Valley Granola Bars,L-1324,2026-05-13,4
a4a89898-011c-4639-a6e8-c2bc4bec96c5,OK-7656,OK,680261188425,"Great Value 2% Milk, Gallon",406635,2026-04-30,4
2b9a3ac5-5b7d-410e-beae-54d3039f6ea6,AR-6598,AR,875113329103,"Tyson Chicken Breast, Family Pack",406635,2026-07-28,3
c36c5362-9958-43b9-bb28-2780931b9a22,GA-9587,GA,875113329103,"Tyson Chicken Breast, Family Pack",L-5740,2026-05-26,3
1b348a08-42c5-4c81-9510-1818b1d62951,GA-2523,GA,701993641404,Blue Bell Vanilla Ice Cream,L-4260,2026-05-01,1
92a5ee65-a510-4785-ad9f-8be8781fc596,GA-1668,GA,382652812974,"Chobani Greek Yogurt, 32oz",250347,2026-04-14,3
b4c03b2c-8f3f-4b7b-b751-ac769a332d91,MS-5049,MS,610163406023,Folgers Classic Roast Coffee,L-5740,2026-06-10,2
4cbad361-3e0c-4d66-a520-bc5ca4d5735d,MS-3564,MS,808049347754,Nature Valley Granola Bars,L-4532,2026-06-13,1
487b2dec-b69c-4c1a-9259-3a8c38c692c2,MS-7399,MS,653374520407,"Land O'Lakes Butter, 1lb",406635,2026-04-28,1
3a03d692-69c6-4148-b12e-e83258863e2c,AR-3460,AR,808049347754,Nature Valley Granola Bars,L-6480,2026-04-03,2
c940bae1-d271-4146-a97e-4998f5b717a8,CA-4182,CA,808049347754,Nature Valley Granola Bars,337807,2026-06-15,4
77b6d501-e534-4af3-a111-c023bbadbf94,TN-7679,TN,701993641404,Blue Bell Vanilla Ice Cream,L-7111,2026-05-01,1
dde285ba-58be-4b5d-8bb2-48b02f446e86,CA-7602,CA,382652812974,"Chobani Greek Yogurt, 32oz",L-5740,2026-06-22,1
22a0ebc5-21fe-4373-9647-0ad07f0445d0,MS-7546,MS,875113329103,"Tyson Chicken Breast, Family Pack",406635,2026-06-14,1
ba059873-73dd-4e54-ab07-4eb755ef813c,AR-5157,AR,057642652279,"Brookshire's Large Grade A Eggs, Dozen",0840962,2026-06-18,4
ae96010f-2172-473f-8dd4-2bb9c6e53085,OK-8037,OK,653374520407,"Land O'Lakes Butter, 1lb",406635,2026-06-11,1
238aca66-7e02-483d-a2f8-5d82bd6424ce,AL-4865,AL,382652812974,"Chobani Greek Yogurt, 32oz",L-1324,2026-08-12,3
8665c198-63a0-4edd-9a09-9be7c7989dd0,OK-2827,OK,808049347754,Nature Valley Granola Bars,L-6480,2026-07-16,1
53a485df-fe83-44b7-9b40-8adfbbd111a0,FL-9678,FL,610163406023,Folgers Classic Roast Coffee,L-7111,2026-05-25,4
d1ca8745-17cb-4c22-a2a1-6fbbbf316375,GA-6665,GA,701993641404,Blue Bell Vanilla Ice Cream,250347,2026-08-06,4
1cd2d4d6-e8e8-4b44-b579-2bed06ecc5d5,OK-7813,OK,808049347754,Nature Valley Granola Bars,337807,2026-04-02,1
a960062c-f556-48f5-9aee-07ff0da93168,TN-8669,TN,653374520407,"Land O'Lakes Butter, 1lb",L-5740,2026-07-05,4
0c2f4c9f-f79c-4d71-8a29-edb6feebc4ae,LA-8699,LA,701993641404,Blue Bell Vanilla Ice Cream,L-5740,2026-05-06,3
912e33cf-a4c4-4b44-a1dd-2fe682968e10,MO-7050,MO,610163406023,Folgers Classic Roast Coffee,L-5740,2026-08-05,3
8622a211-6eb0-4829-9333-2e2fd427606e,OK-1426,OK,859982493629,"Country Morning Large Grade A Eggs, Dozen",P-1950,2026-07-23,4
4a2465e5-9a96-4d0d-92c9-e97e2b79fe95,FL-8572,FL,889391736613,Wonder Bread Classic White,L-7111,2026-04-09,3
f13df3b2-ebae-4a77-9e7d-fda61c24e005,AR-9929,AR,680261188425,"Great Value 2% Milk, Gallon",L-4532,2026-08-14,4
cceb2148-4485-41e6-aaa3-2d02f0835157,MO-6645,MO,889391736613,Wonder Bread Classic White,L-1324,2026-07-10,2
b90b2cee-c48a-4286-b64c-4ea8f04da6ab,TX-8556,TX,241490613039,"Simple Truth Large Grade A Eggs, Dozen",P-1950,2026-07-12,2
aa270749-a867-4e50-ba17-cc15d2d84244,AR-4633,AR,701993641404,Blue Bell Vanilla Ice Cream,L-4260,2026-04-29,2
10a662c1-aec4-4ee1-8a39-462ee5ff8a26,MO-8342,MO,889391736613,Wonder Bread Classic White,250347,2026-06-11,2
be26b062-9ad3-4246-b7ae-1dd8db346c50,OK-9974,OK,701993641404,Blue Bell Vanilla Ice Cream,L-6480,2026-06-08,3
7389fd9b-f3b2-4b98-a346-1715556522cb,LA-4819,LA,701993641404,Blue Bell Vanilla Ice Cream,L-4532,2026-08-11,1
e140e3a6-d6f6-47fa-b908-38c551122355,AL-5079,AL,701993641404,Blue Bell Vanilla Ice Cream,L-1324,2026-08-10,2
eed8536c-3547-4fb2-b12e-174d17daac78,AR-3226,AR,610163406023,Folgers Classic Roast Coffee,L-7111,2026-08-06,3
246c5d83-5108-4ce7-8142-b51b58788aac,TX-1966,TX,610163406023,Folgers Classic Roast Coffee,L-5740,2026-05-02,3
b79eb5ca-4539-48b1-861e-eb3e0220c576,TX-4509,TX,875113329103,"Tyson Chicken Breast, Family Pack",L-5740,2026-05-30,2
d606891b-86e4-4bd1-aa43-a78477dba9c2,MS-3092,MS,875113329103,"Tyson Chicken Breast, Family Pack",192729,2026-05-02,3
5adf8193-4b71-4f39-ac41-3eb20517fb08,FL-2117,FL,382652812974,"Chobani Greek Yogurt, 32oz",L-4532,2026-05-10,1
d0a73dd4-d645-4d73-a585-02ec88f80e4b,OK-9935,OK,653374520407,"Land O'Lakes Butter, 1lb",L-1324,2026-07-14,1
185defc2-ff32-4e8f-8e41-7d17c3b3b230,GA-1200,GA,382652812974,"Chobani Greek Yogurt, 32oz",L-6480,2026-06-23,3
f013b5d5-10fb-4418-99d4-8c4cd030f557,OK-4897,OK,875113329103,"Tyson Chicken Breast, Family Pack",192729,2026-05-04,1
3b245b02-508b-4e49-8c4c-6d6ce4070cb4,FL-8333,FL,889391736613,Wonder Bread Classic White,L-6480,2026-05-09,4
15528dd9-a0b1-4f8c-b7cb-69eec0ef601f,GA-8270,GA,653374520407,"Land O'Lakes Butter, 1lb",250347,2026-05-16,1
1ed347ab-8e86-4edf-b8c1-720c2225b31a,CA-9226,CA,808049347754,Nature Valley Granola Bars,L-1324,2026-07-27,3
54810cc9-e69d-4172-ab6e-b5e79ad5042d,GA-4894,GA,875113329103,"Tyson Chicken Breast, Family Pack",250347,2026-07-02,4
445b57ff-9338-49b7-aed1-4b456a0ba2f7,AL-5368,AL,610163406023,Folgers Classic Roast Coffee,250347,2026-06-06,4
0c21ef59-91bc-4a90-b4e1-c20dfb4bfd87,OK-7461,OK,859982493629,"Country Morning Large Grade A Eggs, Dozen",P-1950,2026-07-20,3
ec098d64-6232-415a-ab09-852047784218,MO-1758,MO,382652812974,"Chobani Greek Yogurt, 32oz",L-4260,2026-06-14,2
3340727a-d1e0-4f8f-a428-664a66945ed9,NM-8978,NM,875113329103,"Tyson Chicken Breast, Family Pack",L-5740,2026-05-06,1
075b34a8-f238-47a9-a0dc-d76076fcb74e,CA-8564,CA,701993641404,Blue Bell Vanilla Ice Cream,192729,2026-08-15,1
1d5a9d8c-c65d-4ca6-b95c-07f26685746f,MS-4787,MS,382652812974,"Chobani Greek Yogurt, 32oz",L-6480,2026-05-02,4
232569a7-f50e-435c-8a89-641f9e24098a,AL-8133,AL,701993641404,Blue Bell Vanilla Ice Cream,L-5740,2026-07-03,4
fddf779e-a5f8-400c-a4c0-dd1ddb91d3bf,AL-7722,AL,808049347754,Nature Valley Granola Bars,L-1324,2026-06-16,2
a3b2f1ca-4dc0-44a4-b83e-6a3e25c5fc85,MS-6975,MS,680261188425,"Great Value 2% Milk, Gallon",250347,2026-08-10,1
d242066e-5b27-4081-8ae6-2bb28958a5b6,GA-4152,GA,610163406023,Folgers Classic Roast Coffee,L-6480,2026-07-19,2
69156281-12eb-4490-bdce-ddcceb66e4c6,MS-6626,MS,653374520407,"Land O'Lakes Butter, 1lb",192729,2026-04-26,3
9f689509-9e98-457c-9dee-3c999317a1a8,AL-5009,AL,808049347754,Nature Valley Granola Bars,L-4532,2026-04-18,2
d17b1b09-4dfb-4092-8ebd-4346e0c48617,OK-3803,OK,680261188425,"Great Value 2% Milk, Gallon",L-6480,2026-08-09,1
855a41a7-710c-44af-b7f0-1c5d5c79cb44,OK-5872,OK,859982493629,"Country Morning Large Grade A Eggs, Dozen",0840962,2026-07-28,1
20eb6430-61e6-4c5b-b659-51eefac22d50,MO-1171,MO,889391736613,Wonder Bread Classic White,L-6480,2026-04-24,3
e2d3f625-cac1-4ef6-8fc2-ff1f1099ed09,MO-6475,MO,875113329103,"Tyson Chicken Breast, Family Pack",L-4260,2026-07-01,3
c8758230-425b-4e84-93b3-4375d537ab23,FL-8163,FL,653374520407,"Land O'Lakes Butter, 1lb",250347,2026-08-02,1
b4641856-1cfb-46b1-a48f-da01f3280591,MO-3584,MO,875113329103,"Tyson Chicken Breast, Family Pack",L-1324,2026-06-04,1
321df46d-de11-45ca-8287-936198330bd3,TN-5048,TN,701993641404,Blue Bell Vanilla Ice Cream,L-7111,2026-04-17,1
980f25bc-f49a-4fc8-a674-300db79762b6,FL-7330,FL,875113329103,"Tyson Chicken Breast, Family Pack",406635,2026-05-15,1
a1e02b4a-fc6b-4204-ab91-24d7d20a1dc9,MO-5229,MO,653374520407,"Land O'Lakes Butter, 1lb",250347,2026-07-17,3
e1a0f768-5b9a-460b-b4b0-5107d9ec6328,TX-6877,TX,653374520407,"Land O'Lakes Butter, 1lb",L-4260,2026-06-01,3
45137a23-be86-475e-b525-7ac5c36ab0f5,GA-2881,GA,653374520407,"Land O'Lakes Butter, 1lb",L-6480,2026-04-28,3
9023a00f-4007-4cc1-86bb-becdd6b80677,CA-5897,CA,653374520407,"Land O'Lakes Butter, 1lb",L-4532,2026-04-25,1
6b1b778e-dc63-4e4c-864e-9e0632b01180,FL-5120,FL,701993641404,Blue Bell Vanilla Ice Cream,192729,2026-06-02,2
21628d09-1222-410e-9d0b-bd170f6c6266,MS-1175,MS,889391736613,Wonder Bread Classic White,L-4532,2026-08-01,2
e44f53e4-b46b-4413-86da-b10464be4c1e,MS-3702,MS,653374520407,"Land O'Lakes Butter, 1lb",L-7111,2026-05-09,2
51557ee2-6265-4cd0-a8d9-a2546340f3c4,CA-9313,CA,382652812974,"Chobani Greek Yogurt, 32oz",L-4532,2026-05-03,3
1b4eefee-a4f6-4f78-a234-98eedef3a985,MS-6913,MS,701993641404,Blue Bell Vanilla Ice Cream,192729,2026-05-11,1
babfbea6-6957-41a0-b48f-1d789bc6ca05,AL-9854,AL,382652812974,"Chobani Greek Yogurt, 32oz",192729,2026-07-23,2
700a1cb3-f2e9-4981-9820-18ad4767895b,MO-6630,MO,889391736613,Wonder Bread Classic White,406635,2026-05-26,1
0517a819-c197-42c6-bfb5-5575a5ab5bd9,MO-1109,MO,808049347754,Nature Valley Granola Bars,L-5740,2026-06-23,2
1ca5991e-5dbb-48a6-9245-015986040120,GA-3532,GA,382652812974,"Chobani Greek Yogurt, 32oz",L-5740,2026-04-21,4
ab09ba34-25c9-46fc-8133-78450422f35b,NM-8668,NM,653374520407,"Land O'Lakes Butter, 1lb",406635,2026-05-07,2
aac5b5a9-fd21-4634-a59f-ebdbd01bf49f,LA-7846,LA,653374520407,"Land O'Lakes Butter, 1lb",L-4532,2026-06-02,4
0da66df5-8207-4e3f-b77d-35d4cad1d8c1,MS-6000,MS,382652812974,"Chobani Greek Yogurt, 32oz",L-5740,2026-07-14,2
21e58d59-e755-4af2-aa4e-ce92e8c1482c,AR-7911,AR,701993641404,Blue Bell Vanilla Ice Cream,L-6480,2026-07-04,2
ed87bf66-1135-4049-a8be-1211fa819c62,TX-9691,TX,680261188425,"Great Value 2% Milk, Gallon",L-4260,2026-06-15,1
2baa98cc-4215-494f-8de1-cf94da7e5e1f,GA-2612,GA,610163406023,Folgers Classic Roast Coffee,L-4532,2026-06-21,4
10b37bf9-bd83-429c-87e6-28a0e71e92c7,FL-2629,FL,889391736613,Wonder Bread Classic White,L-5740,2026-06-19,4
adca2d9e-a538-4a8e-b925-39d1a04db232,OK-4811,OK,889391736613,Wonder Bread Classic White,L-1324,2026-04-14,4
8a5cc92a-f0da-4687-9c29-e50025b6b034,AR-5023,AR,146279721070,"Sunups Large Grade A Eggs, Dozen",0840962,2026-06-19,3
035abdee-5bd4-4dec-a63a-bc2515c81f51,MS-7349,MS,808049347754,Nature Valley Granola Bars,L-7111,2026-05-10,2
4cc2d83a-ca34-44c6-9c96-391e7ae74bfa,CA-1107,CA,889391736613,Wonder Bread Classic White,L-6480,2026-07-22,3
a9974c55-059d-4115-b2b6-ba1f10e42cf5,AR-9826,AR,701993641404,Blue Bell Vanilla Ice Cream,L-1324,2026-07-13,1
c7de2cea-6619-4104-bd17-bfc8af793a24,TN-9294,TN,382652812974,"Chobani Greek Yogurt, 32oz",L-4532,2026-08-10,2
503591b7-4cdc-4ca8-94a1-50e6cc4f3914,TX-6307,TX,889391736613,Wonder Bread Classic White,192729,2026-06-17,3
4ec2daad-87ce-49ad-886b-5e1b24e9dae5,FL-2328,FL,382652812974,"Chobani Greek Yogurt, 32oz",250347,2026-04-03,1
51de3bc9-fda9-442e-a707-518f9542b645,FL-8626,FL,382652812974,"Chobani Greek Yogurt, 32oz",L-7111,2026-05-04,3
5b97b394-57d7-4fea-b100-fbd93af6a33f,AR-9890,AR,875113329103,"Tyson Chicken Breast, Family Pack",192729,2026-05-20,1
3a78fa8d-5bd8-49fd-92bb-a8f459c2837b,AR-8346,AR,808049347754,Nature Valley Granola Bars,L-6480,2026-05-31,2
f6b9ce6a-b55b-4deb-a987-89ad53047ddb,LA-3344,LA,610163406023,Folgers Classic Roast Coffee,L-1324,2026-05-10,3
a31a5fc5-0e82-47c5-a1aa-5fa10ab9d520,AR-1085,AR,808049347754,Nature Valley Granola Bars,L-1324,2026-07-14,2
c7b14af0-a64a-4652-94e4-f80c8a67ec21,OK-6235,OK,610163406023,Folgers Classic Roast Coffee,250347,2026-06-06,1
7bb8939a-afca-487c-88e8-a3bffdd93037,MS-2600,MS,653374520407,"Land O'Lakes Butter, 1lb",L-6480,2026-06-25,4
fb0b7373-bdce-4906-9e0b-4fba07b060c1,MS-5081,MS,653374520407,"Land O'Lakes Butter, 1lb",337807,2026-08-13,4
dd1ee30a-a3f8-4764-aca9-a125267989bd,LA-1616,LA,653374520407,"Land O'Lakes Butter, 1lb",L-7111,2026-05-09,3
a35c215b-127f-4dc1-aa1b-98d6a83dcd01,AL-6409,AL,653374520407,"Land O'Lakes Butter, 1lb",L-1324,2026-05-15,1
19e9ee0e-0b45-4992-9fd8-e808d1c81c7d,CA-5091,CA,653374520407,"Land O'Lakes Butter, 1lb",192729,2026-08-15,1
b3cfe0cb-a310-439f-9cdb-59235b28bf63,CA-5453,CA,889391736613,Wonder Bread Classic White,L-4532,2026-07-28,1
95c04c59-240c-436b-979a-0b9dfddacf2d,AL-6977,AL,610163406023,Folgers Classic Roast Coffee,L-4532,2026-04-12,1
36d770b5-4270-49c7-b8bd-4cb1c179805a,AR-5309,AR,889391736613,Wonder Bread Classic White,406635,2026-07-05,4
f9aa8bcb-f124-4af2-8351-edc682c76e9f,NM-3596,NM,808049347754,Nature Valley Granola Bars,406635,2026-04-17,4
1fc83224-480b-47b0-90f3-ab97399bfcdb,TX-7723,TX,889391736613,Wonder Bread Classic White,L-4532,2026-05-03,4
d781eb53-a3d0-4b02-9b5d-bfcec183ff2c,AL-1088,AL,382652812974,"Chobani Greek Yogurt, 32oz",L-4532,2026-06-05,1
c176f885-1c7f-40ef-8792-c89c999c7984,TX-5898,TX,808049347754,Nature Valley Granola Bars,L-1324,2026-06-15,3
34e475e4-5491-43b1-8e2f-b78abd6fe33f,MO-2568,MO,653374520407,"Land O'Lakes Butter, 1lb",192729,2026-06-27,1
c6446a2f-ddd6-4a55-87ff-527eb08080ca,CA-9728,CA,889391736613,Wonder Bread Classic White,L-7111,2026-05-19,4
57d2d6d3-6576-4bda-ad1d-322dbdbf7bbc,AL-4405,AL,610163406023,Folgers Classic Roast Coffee,L-4260,2026-06-04,4
3ea92b13-4819-43ee-958a-0edc61ca43f6,AR-8652,AR,057642652279,"Brookshire's Large Grade A Eggs, Dozen",P-1950,2026-06-22,4
418201f5-d0f1-481c-a500-cd163fe7357a,AL-7077,AL,653374520407,"Land O'Lakes Butter, 1lb",337807,2026-06-16,1
2b50ae90-a213-4500-9fe0-545f7394ebac,LA-7887,LA,653374520407,"Land O'Lakes Butter, 1lb",337807,2026-04-30,4
367c9d67-7da3-4862-87ae-ec7907e4f3b5,TN-1917,TN,808049347754,Nature Valley Granola Bars,L-4532,2026-07-13,2
21767d60-f6fd-4f2b-b550-a73743919065,LA-1041,LA,680261188425,"Great Value 2% Milk, Gallon",192729,2026-04-05,1
6bf983b3-5dad-48f1-a26f-7b4aacfb33c0,TX-1081,TX,382652812974,"Chobani Greek Yogurt, 32oz",192729,2026-04-16,2
a2ad9555-1f84-4d4a-92d2-9a148227e9d4,FL-4962,FL,382652812974,"Chobani Greek Yogurt, 32oz",L-4260,2026-08-15,2
f76cac7d-de69-4b7c-9a34-2ee3a40ee849,AR-1594,AR,889391736613,Wonder Bread Classic White,250347,2026-06-07,4
c79c8be4-56da-4125-9e2c-edf9b3b54a10,NM-7143,NM,653374520407,"Land O'Lakes Butter, 1lb",337807,2026-06-07,4
6d667e04-a24f-40db-ac87-f966d6e78bb8,MS-9033,MS,889391736613,Wonder Bread Classic White,L-4532,2026-06-09,4
6d85e39e-8a77-4ce6-bec9-aeec52bc4cbb,FL-9649,FL,653374520407,"Land O'Lakes Butter, 1lb",192729,2026-05-20,1
19561077-aff9-49be-bfc1-e2092a9337fa,MS-8054,MS,653374520407,"Land O'Lakes Butter, 1lb",250347,2026-06-06,1
2232ac17-b116-49e2-b8a1-767ca31c9035,LA-3859,LA,653374520407,"Land O'Lakes Butter, 1lb",L-4532,2026-07-10,1
8488831d-c35c-4d8c-b3c4-1475f3dba6e1,AR-4491,AR,680261188425,"Great Value 2% Milk, Gallon",L-1324,2026-07-02,2
98efd8f9-10db-480d-97c1-26bdd8f06b7a,NM-5001,NM,653374520407,"Land O'Lakes Butter, 1lb",337807,2026-04-17,4
8b56f283-9604-4bb8-afcd-9d697dfd8cb2,CA-6333,CA,889391736613,Wonder Bread Classic White,L-6480,2026-08-13,3
890a76bc-a3dd-4fc1-ad93-8569d37a1f97,LA-3162,LA,653374520407,"Land O'Lakes Butter, 1lb",192729,2026-04-03,1
0eeebf6d-2b88-4a89-b900-e5d847da32c9,CA-5326,CA,653374520407,"Land O'Lakes Butter, 1lb",250347,2026-05-07,3
5d13332b-deb2-48ae-9f14-bff2a8210308,NM-9076,NM,701993641404,Blue Bell Vanilla Ice Cream,L-7111,2026-04-22,2
e4d6c938-8278-4958-aab5-2431788fa21e,GA-7197,GA,875113329103,"Tyson Chicken Breast, Family Pack",L-6480,2026-06-16,1
3d3bde7f-9de3-49f3-b9bf-c8d133cb41b5,LA-9166,LA,875113329103,"Tyson Chicken Breast, Family Pack",L-5740,2026-06-21,3
a50f27d7-501d-4ad2-b52e-9d44cce347f5,NM-9175,NM,889391736613,Wonder Bread Classic White,L-4260,2026-05-04,3
24ad9093-0c09-430e-8d6b-74b57cec8366,TN-9623,TN,875113329103,"Tyson Chicken Breast, Family Pack",192729,2026-04-18,1
fd4d2644-bce6-49fe-8b20-285819417cb8,CA-5564,CA,808049347754,Nature Valley Granola Bars,L-5740,2026-08-04,1
763337ef-bf04-4846-a14d-2b93ef5c74b8,MO-7493,MO,701993641404,Blue Bell Vanilla Ice Cream,L-4532,2026-08-03,4
c677e5f9-c5b8-40d2-8d18-f064166eb82f,OK-2830,OK,382652812974,"Chobani Greek Yogurt, 32oz",L-7111,2026-05-05,3
81aeef9a-1e07-4913-bfd2-5e24306451b5,OK-1114,OK,808049347754,Nature Valley Granola Bars,L-6480,2026-06-08,4
9908618d-a997-4ee1-afaf-044eb5dd3f15,FL-5918,FL,701993641404,Blue Bell Vanilla Ice Cream,L-4260,2026-04-09,3
91781f1c-71de-476a-aab4-65b0bbbf4ca9,LA-4498,LA,610163406023,Folgers Classic Roast Coffee,192729,2026-07-03,1
358e79dc-aa77-4e3e-8109-2c4a0d629253,CA-1979,CA,701993641404,Blue Bell Vanilla Ice Cream,L-4532,2026-05-22,2
aadbde54-d6d4-4a9d-837d-033c2b7c2b2f,CA-8362,CA,889391736613,Wonder Bread Classic White,L-4260,2026-06-18,3
33f2d10c-efff-450e-8962-618a010b363d,FL-2625,FL,808049347754,Nature Valley Granola Bars,L-5740,2026-08-08,2
4436b225-89a4-490a-a401-68d65a28032d,OK-4024,OK,889391736613,Wonder Bread Classic White,L-1324,2026-07-21,4
8322ba77-ba90-42cc-91ac-5dbb697f55eb,AR-1678,AR,875113329103,"Tyson Chicken Breast, Family Pack",L-1324,2026-07-16,2
887e32b8-9914-4694-807b-9fb9f2698fab,MO-2585,MO,889391736613,Wonder Bread Classic White,406635,2026-05-25,4
fbd04e28-1d2b-4a2d-acf6-d6081faafb30,NM-2179,NM,382652812974,"Chobani Greek Yogurt, 32oz",406635,2026-04-27,2
4755f4b2-4e50-4eea-b5b1-58b902e81bf1,LA-5784,LA,610163406023,Folgers Classic Roast Coffee,L-7111,2026-06-20,1
dcf61dfc-04bb-420c-9de5-57b792b7184f,TX-5740,TX,701993641404,Blue Bell Vanilla Ice Cream,L-4532,2026-06-28,3
19a1d2d5-0f62-412a-b16d-b2083491a3e0,TN-1784,TN,680261188425,"Great Value 2% Milk, Gallon",L-4532,2026-04-25,1
7b65e97a-858c-489f-b0ea-c8ed44d82cf2,NM-6636,NM,382652812974,"Chobani Greek Yogurt, 32oz",406635,2026-07-06,3
1323dd26-8f0d-44d6-9de7-72b1091b3a33,GA-1002,GA,653374520407,"Land O'Lakes Butter, 1lb",L-7111,2026-04-03,4
620ec4ed-33f4-4f57-b977-c2570779689e,AR-6087,AR,701993641404,Blue Bell Vanilla Ice Cream,L-7111,2026-06-10,3
c0db431f-a84f-4ebc-9c9f-152108317cba,GA-4935,GA,889391736613,Wonder Bread Classic White,L-4260,2026-05-08,4
e40f1c95-bdb4-459f-b8f4-ca7969f7499a,OK-8295,OK,382652812974,"Chobani Greek Yogurt, 32oz",L-4260,2026-04-01,4
31b8be9a-50a7-468e-9d5a-d3887595ce5c,MS-6348,MS,680261188425,"Great Value 2% Milk, Gallon",L-4532,2026-04-05,4
5bdde085-6d7e-4193-9362-48d24bba2f5f,GA-6217,GA,875113329103,"Tyson Chicken Breast, Family Pack",L-4532,2026-06-24,1
9cae97b5-d1cc-4531-9b6b-4a933c2b976a,TX-3621,TX,875113329103,"Tyson Chicken Breast, Family Pack",337807,2026-07-15,2
a98554be-71c0-4620-b2b4-2cbdcacc65f1,OK-3224,OK,875113329103,"Tyson Chicken Breast, Family Pack",L-5740,2026-08-06,3
d3c04521-f1f3-4cc1-b8a3-3b172db50708,MS-1093,MS,701993641404,Blue Bell Vanilla Ice Cream,406635,2026-04-29,4
92b1598e-178f-4780-9908-1b4ee8ebee0c,AL-2173,AL,680261188425,"Great Value 2% Milk, Gallon",L-5740,2026-07-24,4
9e922c4c-0ee5-436e-a9a7-85b6ce7302ec,NM-2743,NM,382652812974,"Chobani Greek Yogurt, 32oz",L-6480,2026-07-29,1
8a936285-94f2-4517-8342-abde89348e64,MS-4712,MS,701993641404,Blue Bell Vanilla Ice Cream,337807,2026-04-09,1
13d62a1a-e07a-4386-b2a2-b35f1b5d119d,MO-2942,MO,701993641404,Blue Bell Vanilla Ice Cream,L-7111,2026-06-20,2
460d6558-80e4-4e8d-bcb8-aea1833a65f0,GA-9502,GA,889391736613,Wonder Bread Classic White,L-4260,2026-08-06,4
f0b66355-b701-4b94-99e4-16618abd3efa,TX-3935,TX,701993641404,Blue Bell Vanilla Ice Cream,337807,2026-08-12,1
1e892f97-195f-427c-9f2b-706ef5f7f0b2,AL-4873,AL,680261188425,"Great Value 2% Milk, Gallon",406635,2026-08-12,3
4b0c8ab9-5dbd-4f8e-bfcb-4d958a13e026,FL-6084,FL,889391736613,Wonder Bread Classic White,L-1324,2026-07-01,4
5d61209f-0909-4e2f-95d8-9c247528df52,NM-6518,NM,680261188425,"Great Value 2% Milk, Gallon",L-7111,2026-07-21,4
63b656b2-f98d-41d2-bc6d-fb760b634f33,TX-8621,TX,808049347754,Nature Valley Granola Bars,337807,2026-06-15,2
aeeb456c-93bf-4eae-bfab-19e0c26c8515,TX-3403,TX,653374520407,"Land O'Lakes Butter, 1lb",192729,2026-05-04,3
64fc3a1d-13a3-4c25-a452-0a8427fb8b9b,OK-9763,OK,653374520407,"Land O'Lakes Butter, 1lb",L-4532,2026-08-01,4
bc9b2bc2-41fb-408d-b479-5d74b896a314,MS-7625,MS,680261188425,"Great Value 2% Milk, Gallon",L-7111,2026-04-20,4
f33e629d-99d4-4cad-b886-288750c52d8e,NM-2545,NM,808049347754,Nature Valley Granola Bars,L-4260,2026-06-30,1
608ae9bf-f852-4311-8049-fb162da38938,AL-2043,AL,808049347754,Nature Valley Granola Bars,L-7111,2026-06-17,3
92f13600-201c-4d5b-84c6-c08f0459d764,FL-7591,FL,875113329103,"Tyson Chicken Breast, Family Pack",L-4532,2026-04-26,1
6270e288-63c5-4368-95ee-483e17c5bf1b,MS-1175,MS,653374520407,"Land O'Lakes Butter, 1lb",192729,2026-04-13,3
dbd1cbcf-670d-475c-9743-980f12b9e7ec,TX-1640,TX,653374520407,"Land O'Lakes Butter, 1lb",L-6480,2026-06-05,4
4b76fb39-9bc3-4795-aa09-f99331dc575b,FL-7635,FL,382652812974,"Chobani Greek Yogurt, 32oz",192729,2026-07-16,4
ca79cb36-259e-4d7b-9add-d964cae84e5f,FL-4623,FL,875113329103,"Tyson Chicken Breast, Family Pack",337807,2026-04-23,1
3392e962-e422-403d-81ba-daec9af97160,AL-8674,AL,808049347754,Nature Valley Granola Bars,L-1324,2026-07-10,3
4da044f2-dff3-4947-9c29-3bbc4935a9ed,GA-9313,GA,889391736613,Wonder Bread Classic White,L-5740,2026-08-07,1
6dcee347-20cb-435b-b723-a32c297f0175,MO-2687,MO,382652812974,"Chobani Greek Yogurt, 32oz",L-5740,2026-08-04,1
5c76e5a0-c144-4274-a8a2-bb346caee408,CA-1817,CA,382652812974,"Chobani Greek Yogurt, 32oz",L-7111,2026-04-27,1
dea9084f-0f76-4282-8869-45287e0a47e3,CA-1006,CA,889391736613,Wonder Bread Classic White,337807,2026-07-21,4
a9d58cfe-4744-44cf-9732-21ee4a4dada6,CA-3021,CA,808049347754,Nature Valley Granola Bars,L-4532,2026-07-06,2
dee9347b-a9eb-44a2-8c69-cb2eb6a077b8,LA-4145,LA,610163406023,Folgers Classic Roast Coffee,406635,2026-06-29,1
a6029083-cf89-464f-9422-cef9b69d5866,MS-9203,MS,875113329103,"Tyson Chicken Breast, Family Pack",337807,2026-06-10,2
efbd7633-9463-4160-983c-859fc588246c,OK-2932,OK,680261188425,"Great Value 2% Milk, Gallon",L-5740,2026-05-11,2
f4559fe8-541b-40f1-91ed-e85d6d1e3f67,AR-6406,AR,875113329103,"Tyson Chicken Breast, Family Pack",L-7111,2026-04-03,4
b5a9d3f9-3fee-4473-a60c-451be80a31b9,AR-3453,AR,680261188425,"Great Value 2% Milk, Gallon",406635,2026-07-12,4
8da84e4f-46d0-406c-8c39-395383b47bf7,NM-8806,NM,701993641404,Blue Bell Vanilla Ice Cream,L-7111,2026-07-18,4
4c0ced86-f59c-43db-a461-1e9ab536c9b0,GA-5188,GA,701993641404,Blue Bell Vanilla Ice Cream,192729,2026-06-29,2
87baf01b-bc11-41d5-854a-245208b6b67f,FL-8055,FL,653374520407,"Land O'Lakes Butter, 1lb",250347,2026-06-22,3
79c2561b-9e69-44b5-a2d3-2ac5d1399583,GA-6108,GA,808049347754,Nature Valley Granola Bars,L-4532,2026-07-23,2
5883b653-787e-4977-9014-df81341e5238,FL-7428,FL,610163406023,Folgers Classic Roast Coffee,L-4532,2026-06-14,4
e8bf4690-fe5d-4069-9062-c63c98991852,AR-7177,AR,680261188425,"Great Value 2% Milk, Gallon",337807,2026-07-17,4
454f6de9-fee4-4217-9b17-9df6341517fa,AR-7446,AR,701993641404,Blue Bell Vanilla Ice Cream,L-4532,2026-06-27,2
e1906dba-a556-4aac-975f-868be0b86319,AR-9289,AR,701993641404,Blue Bell Vanilla Ice Cream,L-6480,2026-05-11,1
d3c509e9-f765-44db-9921-6cd83b8e71ad,MO-3696,MO,808049347754,Nature Valley Granola Bars,406635,2026-06-04,2
8209aeb2-1077-4848-ae58-65d6da320f99,TX-7450,TX,875113329103,"Tyson Chicken Breast, Family Pack",L-7111,2026-05-03,4
ff8fd43e-9686-45d9-a539-cf39e948ad43,TN-9840,TN,808049347754,Nature Valley Granola Bars,L-4532,2026-04-17,2
ba597b2e-3010-45e0-b361-74bfaf869ed7,MO-7486,MO,889391736613,Wonder Bread Classic White,192729,2026-08-01,2
068f5630-9f03-44b8-b4c2-c79b51653ebb,MS-6160,MS,889391736613,Wonder Bread Classic White,L-5740,2026-04-28,2
18393794-c2be-46b9-a05b-c4d5a6813558,AR-1626,AR,382652812974,"Chobani Greek Yogurt, 32oz",406635,2026-04-20,1
22aff440-55e9-4c31-8d9c-27d18b3c3ca4,GA-7049,GA,808049347754,Nature Valley Granola Bars,L-4532,2026-05-29,3
5ec8ec00-3fb9-4fde-9bb6-ff18a566818d,AL-5183,AL,680261188425,"Great Value 2% Milk, Gallon",L-1324,2026-04-19,3
8cc46e96-1433-41ff-b105-1b587d924b66,CA-6324,CA,808049347754,Nature Valley Granola Bars,L-6480,2026-05-23,2
ced3c701-5b00-483c-8bad-156948451b57,MS-5541,MS,808049347754,Nature Valley Granola Bars,L-7111,2026-04-20,3
8b51e69d-7e3b-41a2-a64e-c29de005483e,TN-4319,TN,875113329103,"Tyson Chicken Breast, Family Pack",L-5740,2026-05-06,3
dd8427de-d8fd-4f77-9c56-6bf1107dbece,NM-4842,NM,889391736613,Wonder Bread Classic White,L-4532,2026-07-13,4
6ba98261-abdb-416d-8a44-ab848370c583,AL-6048,AL,808049347754,Nature Valley Granola Bars,L-5740,2026-05-17,1
4f4a7769-70eb-4f3b-b429-d7d83b579f43,TN-1252,TN,889391736613,Wonder Bread Classic White,250347,2026-05-11,3
7a3961e8-d26d-4f28-b100-0dbcefd7c965,LA-7261,LA,610163406023,Folgers Classic Roast Coffee,L-6480,2026-05-02,1
2a7fc639-3f27-452b-95ff-6c19b15096ad,LA-6745,LA,808049347754,Nature Valley Granola Bars,L-1324,2026-04-03,4
037468d9-5abf-4bb4-ae23-fbc63860f5fb,OK-3841,OK,889391736613,Wonder Bread Classic White,L-4260,2026-05-07,3
a370e673-70d3-4b26-b7b0-9567e7688dbc,LA-2967,LA,653374520407,"Land O'Lakes Butter, 1lb",L-5740,2026-06-21,4
4b51e90b-0f15-49eb-b718-b731fe0b6b20,GA-9029,GA,653374520407,"Land O'Lakes Butter, 1lb",337807,2026-04-23,1
b849ea1e-d7c5-4326-82b1-911852a10ecd,OK-6224,OK,889391736613,Wonder Bread Classic White,L-4532,2026-05-21,2
5355b931-2576-44bf-afd1-345b772f2ac3,GA-8239,GA,701993641404,Blue Bell Vanilla Ice Cream,250347,2026-06-17,2
85f9a350-6cc2-4b0d-a95a-136035640ad0,NM-2454,NM,680261188425,"Great Value 2% Milk, Gallon",L-1324,2026-06-30,4
a96dfdd6-d18a-44a6-9394-e3009a0ff793,OK-5222,OK,241490613039,"Simple Truth Large Grade A Eggs, Dozen",P-1950,2026-06-26,2
34a89479-2573-4f9e-b400-6980baf75fad,CA-2611,CA,680261188425,"Great Value 2% Milk, Gallon",L-6480,2026-05-11,2
f8ff67e4-9de0-45c6-8a50-7ad3d005dc2b,LA-6865,LA,610163406023,Folgers Classic Roast Coffee,L-4532,2026-05-30,1
4a7f2343-d881-40a5-a6ee-5a2ea0fbb2e3,MO-4506,MO,610163406023,Folgers Classic Roast Coffee,L-4532,2026-06-01,1
f9fa68e8-8526-484a-889f-3d1e7cfa04c2,LA-7668,LA,653374520407,"Land O'Lakes Butter, 1lb",L-5740,2026-06-13,1
3e16540c-6cda-49cd-b4f3-9865ef9630e4,AR-1781,AR,653374520407,"Land O'Lakes Butter, 1lb",L-4260,2026-07-04,2
c6dfa450-8f45-4f96-a260-ab00d8233625,MS-7601,MS,680261188425,"Great Value 2% Milk, Gallon",L-4260,2026-05-29,2
99b87600-a3c4-4fb4-add2-3829c2e4f236,OK-7666,OK,875113329103,"Tyson Chicken Breast, Family Pack",L-1324,2026-06-22,4
a36e1872-b201-4607-9f34-5951b6e6da5f,TX-8047,TX,701993641404,Blue Bell Vanilla Ice Cream,L-4260,2026-04-30,4
d059f983-2a31-4a60-ac89-afe9d5fa0b7b,NM-4726,NM,610163406023,Folgers Classic Roast Coffee,L-1324,2026-06-15,3
e20e51e9-f2b5-4a5b-b215-bb8b26b1b598,TX-3802,TX,680261188425,"Great Value 2% Milk, Gallon",L-4260,2026-05-31,2
c3eaf75c-3839-43a4-a336-dfad7f8d09da,GA-1029,GA,889391736613,Wonder Bread Classic White,L-7111,2026-06-02,2
400d51e7-2ffb-4762-8c52-26bffe79a489,FL-3926,FL,680261188425,"Great Value 2% Milk, Gallon",L-4260,2026-07-04,3
635287f3-4cfa-45c9-9fe2-cd286520ba94,FL-3231,FL,701993641404,Blue Bell Vanilla Ice Cream,337807,2026-07-21,4
c102f2cb-99ee-4c94-a157-5c5b54235670,CA-3650,CA,701993641404,Blue Bell Vanilla Ice Cream,406635,2026-04-12,3
b32ff71b-b6fc-4cc4-8d1c-426220de95af,MS-7529,MS,808049347754,Nature Valley Granola Bars,L-1324,2026-08-11,3
9f6b67ae-cc0e-4cfa-8378-5a208486bf82,AL-2380,AL,680261188425,"Great Value 2% Milk, Gallon",L-5740,2026-04-30,3
2e500af5-139a-427c-b291-9b470a68cb8b,GA-5272,GA,875113329103,"Tyson Chicken Breast, Family Pack",L-5740,2026-07-19,3
5603755d-1d63-4e6e-8d69-a789043114ab,MS-9086,MS,610163406023,Folgers Classic Roast Coffee,L-6480,2026-05-06,3
c285444b-79c8-4ae6-a3ba-cc21f295d650,NM-9548,NM,701993641404,Blue Bell Vanilla Ice Cream,406635,2026-06-09,2
26ff4714-0994-4e8d-ba62-c4c293b9090f,MO-6015,MO,680261188425,"Great Value 2% Milk, Gallon",L-4532,2026-05-18,2
3cd8917f-b69b-4490-a2ff-17d6ae236456,CA-2508,CA,701993641404,Blue Bell Vanilla Ice Cream,L-5740,2026-07-22,4
2c556bab-392f-4470-a18f-eb9da278c907,NM-5347,NM,889391736613,Wonder Bread Classic White,L-6480,2026-06-17,1
2cb42e90-57a9-44d1-bfa8-96bc5eb222ef,TX-5425,TX,653374520407,"Land O'Lakes Butter, 1lb",L-4532,2026-04-26,1
aff27542-aaa8-41cd-a7fb-7abf53181edf,OK-8393,OK,382652812974,"Chobani Greek Yogurt, 32oz",192729,2026-04-30,2
2c8ea7db-0197-4a42-9e1a-a2d6f382b322,TX-8523,TX,382652812974,"Chobani Greek Yogurt, 32oz",L-4260,2026-04-28,4
fd2eb107-c8d2-4798-9c9c-e8a08c92f45d,TN-1146,TN,875113329103,"Tyson Chicken Breast, Family Pack",192729,2026-08-07,3
b3fa2522-2b58-4297-b37b-63263faa2226,MO-6387,MO,680261188425,"Great Value 2% Milk, Gallon",L-4260,2026-05-15,1
c82d3683-c13f-497c-aa14-963fc3a7cc38,AL-5258,AL,808049347754,Nature Valley Granola Bars,L-4532,2026-07-10,3
424fe884-d21e-46f2-9e15-25cd7902ee1a,MS-8132,MS,610163406023,Folgers Classic Roast Coffee,L-4532,2026-06-15,4
146fb328-98a8-418e-a70e-29de807f550a,MS-6707,MS,610163406023,Folgers Classic Roast Coffee,L-4532,2026-04-16,3
6f604236-507c-4acb-9249-6229cb20f81a,TN-4610,TN,610163406023,Folgers Classic Roast Coffee,L-7111,2026-05-09,4
8bb7f9e9-7cc2-429c-9680-5269c4784fb7,AL-9134,AL,808049347754,Nature Valley Granola Bars,L-7111,2026-04-26,2
9485dddb-2b35-43d5-97b1-be1469142cc7,AR-9971,AR,808049347754,Nature Valley Granola Bars,250347,2026-08-05,1
62991d92-6aed-4333-8ee6-0a439cbd4438,LA-5648,LA,889391736613,Wonder Bread Classic White,250347,2026-06-28,1
92d2052f-e0ee-4d7b-8a38-4b177d3138de,NM-9444,NM,680261188425,"Great Value 2% Milk, Gallon",L-7111,2026-08-12,1
bf299d00-28a0-41e6-9ac5-9eb5148208a1,AL-2708,AL,889391736613,Wonder Bread Classic White,406635,2026-04-15,1
d02dbb1e-7525-479d-8b62-bdb552cff422,LA-7846,LA,808049347754,Nature Valley Granola Bars,L-4260,2026-07-19,1
6986b607-7cb5-4152-a138-7960cf158867,NM-5218,NM,701993641404,Blue Bell Vanilla Ice Cream,L-7111,2026-04-25,4
a0157648-617c-4f9e-a5d2-82f03339bb1a,TN-7295,TN,653374520407,"Land O'Lakes Butter, 1lb",L-6480,2026-04-26,3
ecb95ea1-7aaa-4d4d-a57a-04befc23f971,OK-6680,OK,382652812974,"Chobani Greek Yogurt, 32oz",L-1324,2026-05-05,4
a7b9566c-5cc1-4447-9ad6-22c9a94784ca,GA-2589,GA,875113329103,"Tyson Chicken Breast, Family Pack",L-4260,2026-05-03,4
0ced8f42-6d59-48ae-bddb-b1eaa7177f2b,TX-7215,TX,701993641404,Blue Bell Vanilla Ice Cream,250347,2026-07-03,4
f1830dd6-94a4-43af-af6f-fee8bf231339,TN-1946,TN,808049347754,Nature Valley Granola Bars,L-1324,2026-04-26,2
7b932338-b4e2-42ed-b44a-646670eafbc0,TX-8486,TX,701993641404,Blue Bell Vanilla Ice Cream,337807,2026-04-13,1
75e2424e-f5c0-49e1-8694-4cc64dd2b262,OK-3049,OK,653374520407,"Land O'Lakes Butter, 1lb",192729,2026-04-21,3
1385c469-4b67-4065-9151-d76fcd6ebc74,LA-4101,LA,382652812974,"Chobani Greek Yogurt, 32oz",L-5740,2026-07-30,1
25455dd9-d9b4-4287-ba6c-bada82df50ef,MS-9232,MS,653374520407,"Land O'Lakes Butter, 1lb",L-4260,2026-05-23,3
9308816d-d6aa-407c-ab7f-4a9e7f847a8b,CA-1501,CA,889391736613,Wonder Bread Classic White,406635,2026-06-09,4
d0989986-0d9b-4f37-a742-fb8498aa21c6,MS-4614,MS,701993641404,Blue Bell Vanilla Ice Cream,L-5740,2026-07-13,1
6a037ce4-2a37-4b04-82e0-be1266b2a816,MO-5170,MO,680261188425,"Great Value 2% Milk, Gallon",L-6480,2026-08-10,3
da70ce38-1f2c-4b1e-8e3e-2884055bbefd,MO-6280,MO,889391736613,Wonder Bread Classic White,L-7111,2026-07-15,4
ee02f832-e30d-4d8a-99ce-0316385f7804,CA-7579,CA,680261188425,"Great Value 2% Milk, Gallon",337807,2026-06-24,2
7f7f0aec-fe45-4a80-ab8c-b8d44690c0f5,TX-4137,TX,146279721070,"Sunups Large Grade A Eggs, Dozen",P-1950,2026-07-17,4
22adfcdc-5af9-4739-81bb-05daaff7acb0,LA-4240,LA,875113329103,"Tyson Chicken Breast, Family Pack",250347,2026-04-12,1
82c46c75-7c1d-4678-a344-d26db791c4c2,CA-6368,CA,875113329103,"Tyson Chicken Breast, Family Pack",192729,2026-08-14,2
4885a454-7080-4974-8a4a-c16f5df0dcaa,CA-7440,CA,889391736613,Wonder Bread Classic White,L-6480,2026-05-15,4
d36969bd-a55e-49c1-be6c-c64b2cc58920,AR-3813,AR,610163406023,Folgers Classic Roast Coffee,L-5740,2026-08-08,2
da8e316b-ae9d-47e0-99da-797ac4c77d9f,OK-2378,OK,701993641404,Blue Bell Vanilla Ice Cream,L-1324,2026-08-08,2
a2c74b8b-fa0e-41f8-a813-ab2d7bdd5705,TX-1115,TX,610163406023,Folgers Classic Roast Coffee,L-5740,2026-06-14,1
5b1c5bf4-bbf1-4fe9-874d-54bf8094f1f3,OK-2678,OK,808049347754,Nature Valley Granola Bars,337807,2026-07-09,1
ced30b99-9b33-4e42-9906-0f7411408843,TX-1826,TX,701993641404,Blue Bell Vanilla Ice Cream,L-1324,2026-06-29,4
ef02206f-f6bb-405f-af05-ed979b20689d,OK-6831,OK,808049347754,Nature Valley Granola Bars,L-7111,2026-08-07,1
b92e65dd-049b-4458-884a-67d297062a27,CA-1714,CA,889391736613,Wonder Bread Classic White,406635,2026-05-01,2
319e674d-f4e3-4ef0-8e97-297a0a982565,GA-6345,GA,382652812974,"Chobani Greek Yogurt, 32oz",L-4532,2026-07-29,2
fbc84f6d-2514-4455-98d5-dd2d0fb72410,AL-1786,AL,653374520407,"Land O'Lakes Butter, 1lb",337807,2026-04-01,1
4fcbed04-50ac-40b1-8804-0f73c3840ebc,OK-4342,OK,701993641404,Blue Bell Vanilla Ice Cream,L-4532,2026-04-22,3
1ff93b42-b0a7-4346-bed4-2ea0589baa79,AL-5882,AL,382652812974,"Chobani Greek Yogurt, 32oz",L-4532,2026-06-14,3
06e1fd72-9440-4238-9ae0-c4a1f7711397,GA-3183,GA,875113329103,"Tyson Chicken Breast, Family Pack",L-7111,2026-07-28,3
14727360-e932-4601-ba0e-0110811e097a,AR-7740,AR,808049347754,Nature Valley Granola Bars,406635,2026-04-06,4
2c152e8f-8e29-45bc-a998-4d9cf337dda0,TX-4010,TX,382652812974,"Chobani Greek Yogurt, 32oz",L-5740,2026-05-20,1
a5df860c-75e7-490e-9163-40bf3731e3d9,NM-4216,NM,889391736613,Wonder Bread Classic White,L-1324,2026-07-03,4
6b1716b8-a1aa-455a-8901-394cb988831a,TN-2829,TN,701993641404,Blue Bell Vanilla Ice Cream,L-1324,2026-04-11,4
c5468837-2d19-4364-ba84-67ae19001e32,AL-8214,AL,889391736613,Wonder Bread Classic White,L-5740,2026-05-08,3
2ad2f435-b315-4c23-a2b4-655da747707e,MO-4610,MO,889391736613,Wonder Bread Classic White,L-5740,2026-04-04,1
09109718-dbe7-4888-8c82-ed5ac98f3e67,AL-9327,AL,382652812974,"Chobani Greek Yogurt, 32oz",250347,2026-06-18,3
7753d118-1016-4a62-b3d0-973331cdf5f5,GA-3420,GA,701993641404,Blue Bell Vanilla Ice Cream,L-5740,2026-07-03,3
5988e374-6ee7-46ef-b8e5-d9d127fbb664,AL-4110,AL,808049347754,Nature Valley Granola Bars,L-4260,2026-05-08,3
9d50a2b9-af0e-4cdd-ac40-6355ceb1cf2c,FL-1003,FL,875113329103,"Tyson Chicken Breast, Family Pack",406635,2026-06-02,4
658f139b-353a-4a88-b7b2-c6946a260913,TX-3200,TX,808049347754,Nature Valley Granola Bars,337807,2026-07-18,4
0bea31d4-ffef-42cf-874f-4713922b6b5a,NM-8930,NM,859982493629,"Country Morning Large Grade A Eggs, Dozen",P-1950,2026-06-29,3
123eecdf-e4c4-4b41-a544-d59b4fd9c773,GA-2817,GA,382652812974,"Chobani Greek Yogurt, 32oz",L-5740,2026-06-13,3
a12d2f02-98cb-4832-95ae-b921baca3cc0,FL-7436,FL,875113329103,"Tyson Chicken Breast, Family Pack",L-4532,2026-07-25,2
68f85c2d-5bae-433d-aa21-a4c3e2760441,TX-4911,TX,875113329103,"Tyson Chicken Breast, Family Pack",250347,2026-06-16,3
12bd5ef7-6d94-4cca-9066-a334ecc1ed58,CA-4061,CA,653374520407,"Land O'Lakes Butter, 1lb",L-4260,2026-05-02,2
2aa56c59-36f1-4988-ac50-df12bbf7035f,CA-6003,CA,653374520407,"Land O'Lakes Butter, 1lb",L-4532,2026-06-13,4
3596f166-8496-4f74-b7fd-5602a07d53d4,MO-7659,MO,610163406023,Folgers Classic Roast Coffee,L-5740,2026-05-15,1
890267f3-4016-4877-9714-b0f8e11afd11,MS-8395,MS,653374520407,"Land O'Lakes Butter, 1lb",406635,2026-07-03,4
49a2cfa2-3837-428a-9cb4-4ef9692bcb4d,MS-3117,MS,680261188425,"Great Value 2% Milk, Gallon",250347,2026-05-25,2
cf4db32f-46c4-45a8-89a9-c0a1c815918f,CA-5187,CA,808049347754,Nature Valley Granola Bars,406635,2026-07-16,3
d07f1d1d-ecaf-4508-bec3-fcd9cf0e086d,TN-4539,TN,875113329103,"Tyson Chicken Breast, Family Pack",L-4260,2026-07-13,2
c963b80a-d2f5-4bc4-b5d4-f7797c2ec378,AL-5024,AL,382652812974,"Chobani Greek Yogurt, 32oz",L-5740,2026-07-08,4
1db33f24-1f00-4c0b-8108-616776d57b9e,AR-7378,AR,889391736613,Wonder Bread Classic White,192729,2026-06-11,1
4c3db1f3-cb44-427d-8ace-6fd1dc36e5a2,MO-2764,MO,701993641404,Blue Bell Vanilla Ice Cream,192729,2026-07-03,2
ffaf9117-f070-42e2-9176-bb3c27daced1,TX-5484,TX,382652812974,"Chobani Greek Yogurt, 32oz",L-7111,2026-04-13,1
cb193ad9-8e37-4183-908e-d2f9b807981e,NM-8632,NM,889391736613,Wonder Bread Classic White,L-7111,2026-05-06,1
f077b397-cac7-4c61-89d0-e37045f4cbae,AR-7859,AR,610163406023,Folgers Classic Roast Coffee,337807,2026-08-03,1
4e51ed55-6d5d-49e9-8502-92c3ec22092b,GA-5183,GA,808049347754,Nature Valley Granola Bars,192729,2026-05-28,2
e90aebfa-b40d-4278-a58a-042d2252adaf,MS-8522,MS,146279721070,"Sunups Large Grade A Eggs, Dozen",0840962,2026-07-09,2
c93b2e34-9aaf-46da-a792-89519887d242,MO-2855,MO,382652812974,"Chobani Greek Yogurt, 32oz",250347,2026-06-03,4
48f45129-cbcd-4a60-acc5-e6ba93a8890a,TN-4608,TN,610163406023,Folgers Classic Roast Coffee,L-5740,2026-05-06,3
9ba79f72-c4cb-4e38-8625-c6e0dced8fb9,CA-9353,CA,653374520407,"Land O'Lakes Butter, 1lb",L-1324,2026-05-26,3
9269d699-53c3-483c-a8fc-703db3eccb85,MO-7917,MO,653374520407,"Land O'Lakes Butter, 1lb",L-4532,2026-05-15,1
9e6aa050-32a8-41ca-b35d-a692d4bbde0a,AL-8917,AL,889391736613,Wonder Bread Classic White,406635,2026-06-12,2
fe51afe9-f2fd-433a-bceb-1022dec61d43,AL-5560,AL,610163406023,Folgers Classic Roast Coffee,337807,2026-07-18,1
3647b16a-a4b4-4062-8210-909bf95b91f6,CA-9171,CA,680261188425,"Great Value 2% Milk, Gallon",250347,2026-04-12,1
03e4540a-7af4-4dff-8399-4e02507ffde7,MS-8635,MS,680261188425,"Great Value 2% Milk, Gallon",406635,2026-07-24,3
12c256f4-6326-465a-8299-046205c9bb87,CA-2430,CA,680261188425,"Great Value 2% Milk, Gallon",192729,2026-05-21,3
c4d160df-8f4f-4d09-aac8-cdc1f0ae25d0,GA-7175,GA,808049347754,Nature Valley Granola Bars,L-1324,2026-07-01,2
9b48a3a0-db82-4622-9c09-150633f70a2c,FL-4269,FL,808049347754,Nature Valley Granola Bars,L-1324,2026-07-14,3
85d71c86-3234-484e-9f52-d55f2ab8956a,TX-8166,TX,680261188425,"Great Value 2% Milk, Gallon",406635,2026-04-22,2
e34fd6a8-03b3-4999-b285-b698eb219846,CA-4532,CA,653374520407,"Land O'Lakes Butter, 1lb",L-6480,2026-06-24,4
76d1d4df-7c4a-4bef-a465-5bc53dfcd6e4,TN-4374,TN,889391736613,Wonder Bread Classic White,L-7111,2026-04-05,4
f674c451-9a04-46d7-861e-9c727ac736bf,OK-1806,OK,059533434211,"Kroger Large Grade A Eggs, Dozen",0840962,2026-07-07,3
bc4e6413-0a2a-4ded-a8c3-7942b1cd3719,MO-4072,MO,653374520407,"Land O'Lakes Butter, 1lb",L-6480,2026-05-21,3
3ccb2be3-bd50-48ef-a998-5fee8dbcdb60,MO-5113,MO,889391736613,Wonder Bread Classic White,L-7111,2026-08-05,3
4cf230cf-9d98-468f-9519-23c3ecb2b9b9,FL-4920,FL,610163406023,Folgers Classic Roast Coffee,337807,2026-04-27,4
e4822ec6-653e-48af-9ced-21c67fd7b9e0,CA-3530,CA,610163406023,Folgers Classic Roast Coffee,L-7111,2026-05-06,2
2879a509-fce4-49f0-97cc-fe1b54a6d946,CA-7771,CA,680261188425,"Great Value 2% Milk, Gallon",192729,2026-05-31,2
a228b701-7112-4fb1-89ba-7055e1e636c4,MS-1721,MS,808049347754,Nature Valley Granola Bars,L-4260,2026-06-11,4
95b5bdf9-94d3-4837-8996-230dacec17f9,AR-8808,AR,875113329103,"Tyson Chicken Breast, Family Pack",250347,2026-04-30,2
b5d167e9-98e6-451d-922f-ec1332ab531d,FL-5888,FL,382652812974,"Chobani Greek Yogurt, 32oz",L-5740,2026-05-04,3
9ba58775-5b27-4a23-ba0e-8b1d96501e54,LA-1917,LA,701993641404,Blue Bell Vanilla Ice Cream,L-6480,2026-06-28,3
672d6991-1446-48a1-8c95-03a7e620261c,TX-8738,TX,701993641404,Blue Bell Vanilla Ice Cream,406635,2026-08-03,3
ac10c1a8-75ae-427e-9b0d-0eeb311842b0,MS-3754,MS,889391736613,Wonder Bread Classic White,L-7111,2026-04-15,3
0ce38132-7398-43ff-90af-3c0221a8d498,GA-8418,GA,808049347754,Nature Valley Granola Bars,L-5740,2026-07-14,2
c4d5ce54-e86c-4f35-a80a-7ee5ccdfe724,FL-2774,FL,610163406023,Folgers Classic Roast Coffee,337807,2026-08-02,2
c57f2e69-6cd4-415f-9fde-98cb551b93ca,MO-1314,MO,808049347754,Nature Valley Granola Bars,L-1324,2026-06-16,1
5715207a-9a53-44cc-a482-089e21f5cb30,MS-3588,MS,701993641404,Blue Bell Vanilla Ice Cream,250347,2026-04-28,1
977fd878-b632-4201-a8cd-aca4d02ff5ff,TN-5190,TN,680261188425,"Great Value 2% Milk, Gallon",192729,2026-06-03,3
47b1cb97-2d3d-4c45-a228-064c47eb7e56,OK-3371,OK,382652812974,"Chobani Greek Yogurt, 32oz",L-1324,2026-05-05,3
3e70c295-5d00-4e16-91bf-c080df227c17,LA-2521,LA,808049347754,Nature Valley Granola Bars,L-5740,2026-08-05,1
921b3279-74d3-4f2f-afab-8c97e15df5da,MO-8844,MO,701993641404,Blue Bell Vanilla Ice Cream,L-4260,2026-04-25,1
6771661a-7d44-46b9-8c12-12ae2875283b,TN-9493,TN,382652812974,"Chobani Greek Yogurt, 32oz",192729,2026-06-22,2
19e17a78-bca3-4f53-8013-979b2657818b,MO-4728,MO,701993641404,Blue Bell Vanilla Ice Cream,192729,2026-07-06,3
9a3c3030-5afa-4bed-bb6a-d16489e5dacf,MO-4241,MO,701993641404,Blue Bell Vanilla Ice Cream,192729,2026-05-30,3
a54556c2-1f5b-4c17-bf9a-4b2e3db50e73,MS-2933,MS,680261188425,"Great Value 2% Milk, Gallon",L-7111,2026-08-04,3
05f97743-d454-4902-807e-99f74e148a6a,NM-4728,NM,610163406023,Folgers Classic Roast Coffee,192729,2026-06-02,4
a79a6ce1-44c6-4104-8194-871f862b81dc,GA-6192,GA,653374520407,"Land O'Lakes Butter, 1lb",192729,2026-06-28,3
e67ef767-5a5d-4a38-b1c2-f6e04d34769d,CA-3106,CA,701993641404,Blue Bell Vanilla Ice Cream,L-4260,2026-05-04,4
a99085d5-3c58-4157-ab61-083899cce542,FL-3474,FL,680261188425,"Great Value 2% Milk, Gallon",L-4260,2026-04-05,4
dbfa5fac-cf4b-47c5-a1a5-e48f42986004,CA-7246,CA,680261188425,"Great Value 2% Milk, Gallon",L-1324,2026-04-05,1
19e42220-46fe-4b4b-a111-ddd26c470365,TN-7599,TN,889391736613,Wonder Bread Classic White,L-4532,2026-05-27,1
a0d2d88e-4780-45d4-a267-71165e7407c6,MS-5175,MS,653374520407,"Land O'Lakes Butter, 1lb",L-6480,2026-04-30,4
cfbf3c36-67da-4cfe-923d-3330c1cdd5dd,GA-6713,GA,889391736613,Wonder Bread Classic White,406635,2026-05-20,4
4a46e9fd-d6ca-4ce2-acef-92527dce8f0c,MS-5729,MS,610163406023,Folgers Classic Roast Coffee,L-5740,2026-08-15,1
ddd742c9-5626-4123-aa30-c431ea6d6bc7,MO-5588,MO,875113329103,"Tyson Chicken Breast, Family Pack",406635,2026-06-11,4
f3dea342-ae06-4b55-8ba9-7089b396235b,NM-9549,NM,808049347754,Nature Valley Granola Bars,L-5740,2026-07-24,1
942fb961-1387-4ae4-b14e-1246dc4fc0ad,AR-3480,AR,889391736613,Wonder Bread Classic White,L-6480,2026-08-06,3
8bd0b4bc-8bc0-4685-9400-60f3d6c6dc19,TN-4157,TN,610163406023,Folgers Classic Roast Coffee,L-4532,2026-06-23,1
02935126-e751-4b02-9587-c01d855a57cd,MO-3568,MO,875113329103,"Tyson Chicken Breast, Family Pack",406635,2026-07-06,1
01989ef5-6978-414c-815f-07628d2c70fd,TN-9535,TN,382652812974,"Chobani Greek Yogurt, 32oz",L-1324,2026-08-05,1
aa126e64-d428-4d63-aba0-c89de48ad24f,AL-5247,AL,610163406023,Folgers Classic Roast Coffee,L-1324,2026-06-05,3
34e436d3-ead5-42e8-ba1c-7498e8f0ab4b,OK-1222,OK,701993641404,Blue Bell Vanilla Ice Cream,L-4532,2026-08-11,3
7a412cb1-2001-4500-bb52-13652f8a6910,LA-5389,LA,859982493629,"Country Morning Large Grade A Eggs, Dozen",0840962,2026-06-26,4
ecd0e582-230a-4fcf-8ddd-410e33bada71,OK-4655,OK,653374520407,"Land O'Lakes Butter, 1lb",L-1324,2026-07-21,4
bc7b5f83-06f4-41b9-9ad3-7337935bda9a,GA-2664,GA,382652812974,"Chobani Greek Yogurt, 32oz",L-6480,2026-04-16,2
48b6a0ef-a8fe-4b4d-8ae1-f2055dfbed1f,AR-4911,AR,653374520407,"Land O'Lakes Butter, 1lb",337807,2026-07-21,2
30e953a6-c9fd-4321-9494-3cee487e1db7,TN-6287,TN,808049347754,Nature Valley Granola Bars,192729,2026-07-14,4
74adecd9-5ca1-48ff-af90-5c03bc53b372,TX-9305,TX,382652812974,"Chobani Greek Yogurt, 32oz",L-4260,2026-04-21,3
b211a497-3508-4f53-8396-b3bbc081f3fa,MS-6290,MS,382652812974,"Chobani Greek Yogurt, 32oz",406635,2026-04-17,2
407b45c2-e3a6-4250-a446-ce2ff6889896,LA-5069,LA,653374520407,"Land O'Lakes Butter, 1lb",L-7111,2026-07-15,3
98f911ea-4da6-4fa6-b89e-56217ed8b518,FL-5892,FL,875113329103,"Tyson Chicken Breast, Family Pack",192729,2026-04-30,4
ead39449-2736-467a-90d6-f9006a27a37c,GA-4309,GA,680261188425,"Great Value 2% Milk, Gallon",L-4532,2026-05-20,4
9f37668a-3807-465b-b223-9aaced97b766,AL-9318,AL,875113329103,"Tyson Chicken Breast, Family Pack",L-1324,2026-07-02,4
c827eb25-91db-469d-9da9-0c3db828eb90,AR-8872,AR,059533434211,"Kroger Large Grade A Eggs, Dozen",0840962,2026-06-19,3
ed74d7d1-9ac5-422d-a215-353e70860e17,AL-5480,AL,889391736613,Wonder Bread Classic White,L-5740,2026-06-13,4
b0d5db60-e01c-4c26-9726-295fe7cc078d,TX-7267,TX,059533434211,"Kroger Large Grade A Eggs, Dozen",P-1950,2026-07-03,4
bd24a511-7a76-49ad-8717-1dffe139db55,LA-5245,LA,059533434211,"Kroger Large Grade A Eggs, Dozen",0840962,2026-06-27,2
cdd375f0-b67f-4b68-9f87-82837b3a9f8f,GA-3236,GA,889391736613,Wonder Bread Classic White,L-4532,2026-04-02,4
dd6fd768-dbb9-4f19-9b17-12fd0ab4c9d3,TN-9815,TN,610163406023,Folgers Classic Roast Coffee,406635,2026-05-25,3
e4e55c38-a40c-41ae-bb85-6dacb61d6758,MS-4683,MS,653374520407,"Land O'Lakes Butter, 1lb",250347,2026-04-19,2
cbca1fbf-5552-4f0c-98ed-653f2d7956be,NM-8591,NM,808049347754,Nature Valley Granola Bars,L-6480,2026-07-08,4
f5c2937d-e37b-44d1-9b29-d53cba43717b,MO-2630,MO,889391736613,Wonder Bread Classic White,406635,2026-06-18,4
a2cb8352-6639-4243-aea6-6b8628aa443f,FL-8899,FL,701993641404,Blue Bell Vanilla Ice Cream,L-4260,2026-06-08,4
3646d87a-daca-47c6-b895-e38faaba2e97,MS-3354,MS,875113329103,"Tyson Chicken Breast, Family Pack",250347,2026-04-26,4
c599dc47-c7f2-41c3-ba0b-8f880501b264,LA-4214,LA,241490613039,"Simple Truth Large Grade A Eggs, Dozen",P-1950,2026-06-26,3
d8af4f40-b19f-4951-95be-f35df4adbea7,AR-6624,AR,680261188425,"Great Value 2% Milk, Gallon",192729,2026-04-19,3
b491d8bd-fd2e-4427-84a1-6bb8faf6b136,MS-2703,MS,382652812974,"Chobani Greek Yogurt, 32oz",L-6480,2026-05-24,2
69a1a22b-bfff-4eee-aa24-ce19af978be1,TX-7651,TX,808049347754,Nature Valley Granola Bars,L-4532,2026-04-04,4
983fe666-4ca2-47ed-a944-79ee17fc21e2,MO-4393,MO,875113329103,"Tyson Chicken Breast, Family Pack",192729,2026-05-22,4
26df9f87-ce83-4303-8565-77c934719a03,MS-5991,MS,610163406023,Folgers Classic Roast Coffee,337807,2026-05-09,2
c1c4294f-5bfb-4f7b-a251-9e7eec03cf04,MS-5509,MS,808049347754,Nature Valley Granola Bars,337807,2026-05-28,2
1ff980c8-cfab-4a3c-b53b-807d7cc70ac2,LA-6065,LA,382652812974,"Chobani Greek Yogurt, 32oz",L-5740,2026-05-07,1
de9fe770-73af-42a6-8212-7ba26905599c,OK-5600,OK,382652812974,"Chobani Greek Yogurt, 32oz",L-4260,2026-07-16,1
619e6bc3-eee5-4955-b0d2-4c91e44ced42,AL-3149,AL,808049347754,Nature Valley Granola Bars,L-6480,2026-06-16,1
790ad092-991e-40c0-8c38-795622c2c84d,AR-6044,AR,680261188425,"Great Value 2% Milk, Gallon",250347,2026-06-25,1
05a9090e-0f86-4ef9-9a31-feebdca1c310,MS-7459,MS,382652812974,"Chobani Greek Yogurt, 32oz",L-6480,2026-04-03,2
f8a7a793-428d-45b2-801c-1d8bb976eab9,TN-5406,TN,680261188425,"Great Value 2% Milk, Gallon",L-6480,2026-07-03,2
28714a98-8d04-4eac-9e9a-d5d087cf66f8,OK-1049,OK,653374520407,"Land O'Lakes Butter, 1lb",192729,2026-07-10,3
1c09a3ec-3d34-4446-ab7e-31a832e02d43,TN-4121,TN,701993641404,Blue Bell Vanilla Ice Cream,L-5740,2026-07-30,2
2b95ef56-5c7d-4d45-b93f-280906cb3520,NM-1872,NM,701993641404,Blue Bell Vanilla Ice Cream,250347,2026-06-09,1
68ff0b39-1761-430d-a2a8-052320071290,FL-8719,FL,610163406023,Folgers Classic Roast Coffee,L-7111,2026-07-07,2
3d3a453e-2fb6-491a-a4fe-10e6812a8edc,MO-1414,MO,610163406023,Folgers Classic Roast Coffee,L-6480,2026-05-12,1
56c6faaa-b201-4c29-bbb9-e50536d097ba,LA-5151,LA,875113329103,"Tyson Chicken Breast, Family Pack",L-1324,2026-06-17,2
1c022957-c9b1-4630-8713-d0ed188d6639,TX-1990,TX,382652812974,"Chobani Greek Yogurt, 32oz",L-6480,2026-06-18,1
539e1399-cc40-4fc6-9ec9-a72a903179af,TX-3314,TX,889391736613,Wonder Bread Classic White,L-5740,2026-08-14,2
58e98404-c928-4e07-a9d9-32d8b889bb6e,TN-1668,TN,808049347754,Nature Valley Granola Bars,L-4532,2026-04-27,2
ead6a4c1-d3f0-4bb9-90e4-502dbdf449a7,TX-9680,TX,701993641404,Blue Bell Vanilla Ice Cream,L-5740,2026-04-11,1
b673c8d5-90f3-4d4b-a8c6-49f1bd80bd63,FL-8600,FL,382652812974,"Chobani Greek Yogurt, 32oz",L-6480,2026-08-15,3
5f13cfed-d28f-4a78-a149-9424a29105be,TX-6302,TX,382652812974,"Chobani Greek Yogurt, 32oz",L-4532,2026-08-11,2
9d2ea301-167f-4970-8264-5bfee66d657f,OK-3347,OK,653374520407,"Land O'Lakes Butter, 1lb",L-6480,2026-08-02,1
03839f11-4ba0-4739-8689-4950e61f89a9,TN-4468,TN,808049347754,Nature Valley Granola Bars,L-4532,2026-06-01,1
fa753480-d1a4-4be6-9fbc-eccb715979ae,FL-7001,FL,610163406023,Folgers Classic Roast Coffee,192729,2026-05-10,2
4c58fe31-9e30-47ba-98a7-d17902e71f4f,TX-7556,TX,382652812974,"Chobani Greek Yogurt, 32oz",L-4260,2026-04-05,1
87723a8f-315c-4471-99f9-72280769ebed,GA-5018,GA,382652812974,"Chobani Greek Yogurt, 32oz",L-4260,2026-05-28,3
b3d1f923-3b22-48c3-9deb-4d279041ad82,AL-5388,AL,653374520407,"Land O'Lakes Butter, 1lb",406635,2026-04-25,3
061f4151-9123-4dbb-a511-b0707aa383b2,GA-7496,GA,653374520407,"Land O'Lakes Butter, 1lb",L-1324,2026-05-29,3
800e298e-b5c9-489e-aba1-6def9c4bd6b3,LA-2421,LA,875113329103,"Tyson Chicken Breast, Family Pack",406635,2026-07-10,3
d8dd1177-3c6a-419c-bc12-6b6acf380829,MO-9705,MO,653374520407,"Land O'Lakes Butter, 1lb",406635,2026-06-10,1
93b51a11-c7e3-4a04-8bc8-18e74bdf678a,MO-4482,MO,875113329103,"Tyson Chicken Breast, Family Pack",406635,2026-07-31,2
42567c13-e01c-40a7-b60e-564d92385dc9,NM-2704,NM,875113329103,"Tyson Chicken Breast, Family Pack",L-7111,2026-06-20,4
aab154e5-693f-447f-862e-8bb61d40d11d,MS-7861,MS,610163406023,Folgers Classic Roast Coffee,L-4260,2026-05-07,1
966c563e-adaf-400d-acc8-e4c2bb7fcccc,GA-8086,GA,808049347754,Nature Valley Granola Bars,L-1324,2026-05-19,4
2ffb674f-6ef4-4b84-9388-039d1a1d0e12,CA-2732,CA,875113329103,"Tyson Chicken Breast, Family Pack",L-7111,2026-05-29,2
3cf759ec-c1ac-4797-9218-b9c455cc6018,AR-3479,AR,701993641404,Blue Bell Vanilla Ice Cream,L-5740,2026-06-18,2
dd6613bd-3b1a-4dc3-b4f1-c8938126ce44,MO-7484,MO,680261188425,"Great Value 2% Milk, Gallon",L-1324,2026-04-01,3
3c49e239-a6cb-4f81-9c39-221f1fc7bd7c,AR-8450,AR,701993641404,Blue Bell Vanilla Ice Cream,L-5740,2026-08-01,4
959d6f5b-38cd-4f77-ad53-17d089942e89,AL-1103,AL,701993641404,Blue Bell Vanilla Ice Cream,406635,2026-04-11,2
513fabea-7909-4145-8d66-706b2f908e7c,MS-1369,MS,680261188425,"Great Value 2% Milk, Gallon",250347,2026-05-26,3
9bde9781-deaa-4300-9f22-d5afd6b6f059,FL-8960,FL,610163406023,Folgers Classic Roast Coffee,L-4532,2026-06-17,1
5e0d7648-9929-4754-ad85-c3b8c162e0eb,LA-8218,LA,610163406023,Folgers Classic Roast Coffee,L-4532,2026-07-03,3
a07ca967-f03b-4478-a7a2-ba46871c5201,FL-9340,FL,889391736613,Wonder Bread Classic White,406635,2026-06-28,3
06c45bed-8876-4e48-9586-67f082396547,MS-9062,MS,653374520407,"Land O'Lakes Butter, 1lb",192729,2026-07-06,1
de21ee94-12c2-4837-a036-5d7a82e3f40c,AR-9179,AR,889391736613,Wonder Bread Classic White,406635,2026-05-08,3
8f6f49a3-dd32-4cac-b34d-e0799b6a148f,NM-8489,NM,701993641404,Blue Bell Vanilla Ice Cream,L-6480,2026-06-17,3
1cf18106-e5f3-4452-acf9-b1caa04624f3,AR-4292,AR,701993641404,Blue Bell Vanilla Ice Cream,L-7111,2026-07-24,3
bcec1445-9a58-4e1f-b3f0-8ff9744477d6,OK-8278,OK,808049347754,Nature Valley Granola Bars,L-5740,2026-07-07,4
c02042a0-0d78-4bd7-ae54-b167f0727318,MO-8057,MO,610163406023,Folgers Classic Roast Coffee,192729,2026-05-27,4
67cf87e8-a442-400d-95f8-411abc498cb2,LA-8430,LA,382652812974,"Chobani Greek Yogurt, 32oz",406635,2026-08-07,4
f9110f40-a34e-432b-bf5a-ec31329ea5f9,GA-9923,GA,808049347754,Nature Valley Granola Bars,L-6480,2026-07-07,1
30dccb02-6947-40b4-a17d-942e6e47b75b,MS-2017,MS,680261188425,"Great Value 2% Milk, Gallon",406635,2026-08-07,3
df5db0d1-3f90-4d59-959d-ad8274804ea1,NM-2141,NM,653374520407,"Land O'Lakes Butter, 1lb",L-5740,2026-05-20,4
817828e1-c814-4421-a02f-5a524da8e6d8,AL-7144,AL,680261188425,"Great Value 2% Milk, Gallon",250347,2026-08-03,1
f95f3a3b-5467-4529-aed4-4580f2b11a40,AL-5517,AL,680261188425,"Great Value 2% Milk, Gallon",406635,2026-04-12,3
736f6a4b-91ba-4c89-9b26-77c5d4309808,TX-5614,TX,610163406023,Folgers Classic Roast Coffee,337807,2026-04-02,1
9a5aa797-2abb-4f1c-ab06-f14f9ab8a4a8,AR-6424,AR,382652812974,"Chobani Greek Yogurt, 32oz",L-5740,2026-08-05,3
c09dc531-4df0-49a6-b7e5-4a8db79547aa,LA-7570,LA,680261188425,"Great Value 2% Milk, Gallon",L-7111,2026-04-13,2
0fe4c086-2bf8-44a6-8f02-a04425d7d6a5,GA-4986,GA,701993641404,Blue Bell Vanilla Ice Cream,406635,2026-05-01,1
af5c9d27-f8bd-491b-ad2c-1f9fced0c92d,CA-7647,CA,610163406023,Folgers Classic Roast Coffee,L-6480,2026-05-10,1
3d10793c-212c-49ed-8c08-8ff92d0997ed,CA-5977,CA,889391736613,Wonder Bread Classic White,L-1324,2026-07-19,4
c35464b6-63e8-4c2d-9974-23681a260dad,OK-5956,OK,889391736613,Wonder Bread Classic White,406635,2026-05-18,2
23cc41ef-d287-4a7a-b7f5-9a527f161807,GA-4268,GA,808049347754,Nature Valley Granola Bars,406635,2026-04-29,2
1ffc1047-217f-45e5-bb19-c3597ed913bc,FL-4504,FL,889391736613,Wonder Bread Classic White,L-6480,2026-07-25,3
d7cece58-5e7f-4965-80c3-42c2fdbfd3ff,AL-2578,AL,680261188425,"Great Value 2% Milk, Gallon",L-7111,2026-05-06,1
4d3dcbac-00fa-4fcb-bf48-4e9ebdb5d117,TN-2752,TN,653374520407,"Land O'Lakes Butter, 1lb",L-6480,2026-08-07,4
ab07d1e3-f76b-43ab-8c70-e5a42223d6af,LA-8204,LA,875113329103,"Tyson Chicken Breast, Family Pack",L-7111,2026-05-06,3
3ede979f-b34e-400b-ac91-39ea38cbac3a,MO-2401,MO,610163406023,Folgers Classic Roast Coffee,L-7111,2026-04-30,3
55969a00-858d-4624-89ef-e884adf4981f,OK-2659,OK,653374520407,"Land O'Lakes Butter, 1lb",L-5740,2026-06-26,1
7b69a707-8d50-4bac-a400-4f5de0726d69,AR-3344,AR,889391736613,Wonder Bread Classic White,L-1324,2026-04-03,2
d7e3c1d1-7071-4fd6-9926-04e7bf5cd930,NM-9669,NM,610163406023,Folgers Classic Roast Coffee,250347,2026-06-17,4
bf3725cc-55c7-45cf-ad7c-9fa68613c086,MS-7953,MS,382652812974,"Chobani Greek Yogurt, 32oz",L-5740,2026-04-11,4
966ee9ba-5530-40e8-a245-b22c69b0468f,MS-4645,MS,808049347754,Nature Valley Granola Bars,L-6480,2026-05-09,1
a4178f76-f2f2-4a2a-832b-a10f0e9d02a9,AR-6803,AR,701993641404,Blue Bell Vanilla Ice Cream,L-4532,2026-06-12,4
9662d152-872d-4248-bdcb-63f1f692cb59,TX-5805,TX,701993641404,Blue Bell Vanilla Ice Cream,L-6480,2026-06-26,4
acff2057-d787-4ce9-97be-a5970810f23c,GA-2979,GA,808049347754,Nature Valley Granola Bars,406635,2026-05-09,4
79ed40ce-9e56-4269-9789-1bd6dde0815c,FL-4914,FL,808049347754,Nature Valley Granola Bars,192729,2026-05-01,3
ec998096-4c80-4456-831b-3afe28bae135,TN-4205,TN,889391736613,Wonder Bread Classic White,250347,2026-06-06,3
fc35e33c-f821-42a0-94b8-0c18d5b0b319,AR-1931,AR,680261188425,"Great Value 2% Milk, Gallon",L-1324,2026-06-28,2
6aebe66b-2d8c-48d1-b314-f25e484d0edd,MS-1855,MS,701993641404,Blue Bell Vanilla Ice Cream,L-4532,2026-08-08,2
e5a2f877-3be8-4f8b-a2ad-cd097f28300a,CA-7316,CA,875113329103,"Tyson Chicken Breast, Family Pack",406635,2026-08-01,1
2c37762d-fc8d-48b4-900a-5666eaacffd8,TX-9034,TX,875113329103,"Tyson Chicken Breast, Family Pack",L-4532,2026-07-18,4
06c3f849-9276-470c-8892-93673293e4e5,MS-2294,MS,875113329103,"Tyson Chicken Breast, Family Pack",337807,2026-05-28,3
82cba1ff-4f1f-425d-9426-12a5c07b559b,TN-8072,TN,701993641404,Blue Bell Vanilla Ice Cream,192729,2026-07-30,2
c3d11646-5850-4c78-b5af-b21ce6b2c4f0,LA-4456,LA,653374520407,"Land O'Lakes Butter, 1lb",L-4260,2026-07-02,4
ddc9cba7-50b2-46a5-b6e1-627716d1c244,NM-3364,NM,680261188425,"Great Value 2% Milk, Gallon",L-4260,2026-05-20,4
45ab6536-e398-4266-b64c-9eb13a5a59c2,AL-8023,AL,680261188425,"Great Value 2% Milk, Gallon",192729,2026-07-22,1
c4056efc-79ee-4422-89c0-a12242bab971,OK-6060,OK,653374520407,"Land O'Lakes Butter, 1lb",192729,2026-05-09,4
2bec3c98-184a-477d-bafd-1e385b2d15d3,CA-4619,CA,653374520407,"Land O'Lakes Butter, 1lb",L-7111,2026-07-02,3
2888a83a-f97b-4db8-9739-d13c911a2025,MO-7007,MO,653374520407,"Land O'Lakes Butter, 1lb",250347,2026-06-22,4
3602f729-365f-4239-9425-7f7a6bc8d714,OK-9585,OK,146279721070,"Sunups Large Grade A Eggs, Dozen",P-1950,2026-07-24,2
c8cb696f-bd4a-416f-9749-3e967cf05b3e,AL-6234,AL,875113329103,"Tyson Chicken Breast, Family Pack",L-4532,2026-08-02,2
aba5ab70-4cd5-431e-90f1-7552e4da2404,FL-6339,FL,701993641404,Blue Bell Vanilla Ice Cream,L-4532,2026-06-02,4
26a686f1-9cf2-42a9-a020-49197bf3f5ca,FL-5379,FL,610163406023,Folgers Classic Roast Coffee,L-6480,2026-05-15,4
33c16f75-1134-473b-a359-74152a296114,LA-6705,LA,653374520407,"Land O'Lakes Butter, 1lb",L-4532,2026-06-14,1
f9a1d1a8-7d2d-4ce9-af74-069450a4d127,OK-2433,OK,701993641404,Blue Bell Vanilla Ice Cream,250347,2026-04-25,4
f67863cd-38b5-4325-a091-3b7a013871f9,AL-5331,AL,875113329103,"Tyson Chicken Breast, Family Pack",L-4260,2026-07-10,1
c02e5e37-aec6-45f5-ae66-2b9afa75c04a,AR-1831,AR,875113329103,"Tyson Chicken Breast, Family Pack",L-5740,2026-08-08,1
e0297a56-9b4c-49e1-a696-82815e8365dd,GA-3833,GA,610163406023,Folgers Classic Roast Coffee,L-7111,2026-06-19,4
de7f17fa-70a4-4c6e-906e-d8bc9013c1b3,AR-1452,AR,889391736613,Wonder Bread Classic White,192729,2026-07-04,3
343cab20-428d-4bae-acf9-ed88b2f0360c,MS-2911,MS,875113329103,"Tyson Chicken Breast, Family Pack",L-6480,2026-05-31,1
5c14d568-64ce-4bb7-bd0a-da69e22d3729,FL-1649,FL,875113329103,"Tyson Chicken Breast, Family Pack",192729,2026-04-08,4
b6c20018-5e60-4c41-905b-60833222c094,TN-6749,TN,653374520407,"Land O'Lakes Butter, 1lb",337807,2026-07-16,1
2ad23a2c-e1e2-40a2-b190-066a8fadc521,AR-4719,AR,653374520407,"Land O'Lakes Butter, 1lb",L-6480,2026-07-28,2
7149a4a1-1756-4244-a8a7-67334addf31f,TX-1812,TX,701993641404,Blue Bell Vanilla Ice Cream,L-7111,2026-05-21,1
3d7196fd-0e5a-4881-b058-47710ef9a308,CA-6612,CA,889391736613,Wonder Bread Classic White,L-5740,2026-04-08,1
d5a975a0-4b8b-406a-88e9-5fd6ef3770e3,TX-4491,TX,610163406023,Folgers Classic Roast Coffee,406635,2026-08-14,3
10498574-8fa8-4187-a213-da5bc2771cac,MO-6151,MO,875113329103,"Tyson Chicken Breast, Family Pack",250347,2026-05-30,2
e8f157bc-d955-4fcd-b89a-0de7de773c27,TX-6075,TX,889391736613,Wonder Bread Classic White,406635,2026-06-07,4
369981c5-7449-4343-92d1-bbfd0f6c5e04,GA-1257,GA,382652812974,"Chobani Greek Yogurt, 32oz",L-4260,2026-04-23,2
fc4c18be-8d7f-4e8b-8f9e-8d286c7fd59d,FL-5197,FL,610163406023,Folgers Classic Roast Coffee,337807,2026-04-18,1
e91cb7a7-8f36-4d16-8513-d23452f41690,CA-8748,CA,808049347754,Nature Valley Granola Bars,406635,2026-04-17,4
7d7b65a9-8939-42dd-934d-7f8a7f33fa80,TN-2567,TN,653374520407,"Land O'Lakes Butter, 1lb",L-7111,2026-05-03,3
994ae0f4-535a-4bab-9c60-39ee440752f2,LA-9953,LA,701993641404,Blue Bell Vanilla Ice Cream,L-4260,2026-07-31,3
8145b2fb-6d4f-4e59-8379-843c43fbe693,NM-7918,NM,680261188425,"Great Value 2% Milk, Gallon",192729,2026-05-20,4
6fb32224-c0e6-4798-beac-98ef1cd15f0f,MS-6626,MS,653374520407,"Land O'Lakes Butter, 1lb",L-4260,2026-04-13,2
8125a105-3e04-41e4-9457-9efd7aeb7acc,FL-8333,FL,680261188425,"Great Value 2% Milk, Gallon",L-4532,2026-05-15,1
b7ac7997-ab94-42c5-b1df-1bdfb9d6d50d,TN-2028,TN,653374520407,"Land O'Lakes Butter, 1lb",337807,2026-07-25,3
1c6e0a83-0d72-461c-879f-9acca16f3cb1,TX-9304,TX,808049347754,Nature Valley Granola Bars,192729,2026-05-17,3
02fea99e-90ba-44bf-9daf-c949d2f411a9,LA-5280,LA,680261188425,"Great Value 2% Milk, Gallon",406635,2026-08-14,2
bc824c1c-31dc-4adb-afed-58022cba2239,CA-2611,CA,875113329103,"Tyson Chicken Breast, Family Pack",L-4532,2026-05-05,4
42b123f7-e367-4908-b722-92d010a5a40e,AL-6621,AL,680261188425,"Great Value 2% Milk, Gallon",250347,2026-05-23,1
a5533da7-7f59-454b-8784-837b3d3df2d3,LA-7943,LA,653374520407,"Land O'Lakes Butter, 1lb",L-6480,2026-06-12,2
af0ec99b-7dac-48d4-b0f5-4532ad8f998f,TX-8326,TX,889391736613,Wonder Bread Classic White,L-6480,2026-04-28,2
2c1dbde8-4385-42c3-baef-3916f52f9b96,AR-1050,AR,680261188425,"Great Value 2% Milk, Gallon",337807,2026-04-13,3
d589e7b8-5cce-4ecc-866e-23204a21a081,OK-6250,OK,808049347754,Nature Valley Granola Bars,250347,2026-05-24,3
041f22c1-354f-4de7-823b-c8f236c887ee,OK-1117,OK,653374520407,"Land O'Lakes Butter, 1lb",L-7111,2026-08-10,3
e4a70ab1-7e15-45dd-b0c8-6d3ff4f23ad0,AR-2792,AR,875113329103,"Tyson Chicken Breast, Family Pack",337807,2026-04-11,1
6126e2e6-1143-4ebc-aada-fa9ee97cfc7d,AL-7393,AL,382652812974,"Chobani Greek Yogurt, 32oz",L-7111,2026-04-21,1
2a87f893-d45b-4911-b7d9-4f809cc18b6c,NM-6859,NM,057642652279,"Brookshire's Large Grade A Eggs, Dozen",P-1950,2026-07-20,3
057200ee-0d94-419f-93c7-668ea36e19c0,CA-5566,CA,701993641404,Blue Bell Vanilla Ice Cream,L-4260,2026-04-07,4
543b8056-ae11-4ae4-a93a-9f75eff761b9,LA-1986,LA,653374520407,"Land O'Lakes Butter, 1lb",337807,2026-04-07,1
6f1c66b8-e13b-481a-a732-0aebcf07cfaf,TN-8427,TN,610163406023,Folgers Classic Roast Coffee,L-5740,2026-05-31,1
ed6c4cdf-b910-48cc-add7-a8a23cb01bb5,TN-5580,TN,382652812974,"Chobani Greek Yogurt, 32oz",L-7111,2026-06-20,4
837355c4-5ed9-4cdf-9b4b-86858f83b9a2,FL-5676,FL,875113329103,"Tyson Chicken Breast, Family Pack",406635,2026-07-14,1
92c650f6-cf46-411b-977f-aef3a26dddce,LA-2449,LA,653374520407,"Land O'Lakes Butter, 1lb",337807,2026-06-20,4
a7d06373-84be-49f7-9e48-399bcd3636ca,OK-7497,OK,875113329103,"Tyson Chicken Breast, Family Pack",L-7111,2026-06-27,1
198be2d8-190c-413d-98fe-1de2f1beba02,NM-6627,NM,057642652279,"Brookshire's Large Grade A Eggs, Dozen",P-1950,2026-07-05,2
dac7d1d9-8691-4802-ab7a-ff7a985b2fee,TX-9394,TX,808049347754,Nature Valley Granola Bars,250347,2026-04-03,3
ca4ce6ed-d13a-4d90-99e2-da07e6941e5e,CA-7163,CA,382652812974,"Chobani Greek Yogurt, 32oz",192729,2026-07-12,4
a8d3bf2a-6585-4012-abb0-bafaeff92134,AR-7187,AR,653374520407,"Land O'Lakes Butter, 1lb",L-4532,2026-07-24,1
2760e2db-ce07-4f57-a823-d056cc1eae87,AL-6582,AL,875113329103,"Tyson Chicken Breast, Family Pack",L-7111,2026-05-20,1
df9d0f1c-9544-428d-bf83-84735a9b0ef7,CA-5690,CA,382652812974,"Chobani Greek Yogurt, 32oz",L-4532,2026-04-06,3
fc0dcbdd-d8e2-4fb1-9903-fefcb8dcb3c8,AL-2833,AL,610163406023,Folgers Classic Roast Coffee,L-1324,2026-05-12,4
13d63cb5-14af-4bf9-bc89-f57458d9dfd1,TN-8869,TN,610163406023,Folgers Classic Roast Coffee,406635,2026-04-19,2
2bab2bdc-d4bb-47d0-adf8-0abac87d4f09,TN-2368,TN,382652812974,"Chobani Greek Yogurt, 32oz",L-4532,2026-07-10,3
78d867fe-3415-4cbf-8f96-a3d27c9c3aee,NM-2939,NM,889391736613,Wonder Bread Classic White,192729,2026-05-09,4
a8fd43a1-6255-4eb5-90d8-2d31bd5a406c,MO-5554,MO,875113329103,"Tyson Chicken Breast, Family Pack",337807,2026-07-23,2
ed15f9a4-abfe-4f28-83cd-ea0b61b7583e,NM-9192,NM,382652812974,"Chobani Greek Yogurt, 32oz",L-7111,2026-07-16,4
3e7f1628-92ea-4188-b69c-1103eb0a34cb,CA-1958,CA,382652812974,"Chobani Greek Yogurt, 32oz",L-6480,2026-06-14,4
1c3466af-cadc-4b0a-a46c-aa4aafeeacba,TN-6363,TN,610163406023,Folgers Classic Roast Coffee,250347,2026-05-27,3
24175e35-e4ac-4837-b437-09f911e17b94,OK-6758,OK,889391736613,Wonder Bread Classic White,192729,2026-06-21,4
6884b779-d0df-45a7-b9b1-6c90d70dbb89,NM-1820,NM,382652812974,"Chobani Greek Yogurt, 32oz",406635,2026-04-18,3
4030d2af-9647-40e4-885f-793463b9fd78,FL-1862,FL,701993641404,Blue Bell Vanilla Ice Cream,L-5740,2026-04-02,2
2b0823cc-0902-46ec-a020-325fa949d361,AL-8152,AL,808049347754,Nature Valley Granola Bars,L-1324,2026-05-07,3
8ab62616-57d8-4630-abde-e038ce0634f7,NM-9748,NM,889391736613,Wonder Bread Classic White,406635,2026-05-11,4
dde9ab45-94ac-478d-a730-84f669ba53df,LA-7279,LA,701993641404,Blue Bell Vanilla Ice Cream,337807,2026-04-26,3
4f62f711-f090-4197-8d4c-00886bbbc74e,FL-8402,FL,701993641404,Blue Bell Vanilla Ice Cream,250347,2026-07-08,2
7c2a0f7c-162b-4fa6-a84a-7fc971389e5c,TX-6827,TX,701993641404,Blue Bell Vanilla Ice Cream,192729,2026-07-21,4
a6d025b6-0e1a-40f1-a0c2-af7fb65ca1a7,OK-5715,OK,889391736613,Wonder Bread Classic White,L-5740,2026-05-24,1
b15dae2b-91ca-45dc-aad4-c18bd4cfbb3c,AL-6211,AL,610163406023,Folgers Classic Roast Coffee,337807,2026-05-06,2
928d79c6-8a77-4f68-859b-6215c17ab0f0,TN-7121,TN,610163406023,Folgers Classic Roast Coffee,L-1324,2026-06-16,3
ccef2c6c-cb60-4371-92c4-3d056011f4c6,CA-6533,CA,653374520407,"Land O'Lakes Butter, 1lb",L-1324,2026-07-31,4
5afd688e-37cf-4500-99f0-19764b1bf0d4,LA-1585,LA,808049347754,Nature Valley Granola Bars,250347,2026-08-13,3
ce72479b-0dac-45fc-8c40-7743dca9c070,GA-2945,GA,653374520407,"Land O'Lakes Butter, 1lb",L-5740,2026-04-12,3
62281b5b-c76f-40ff-9909-e6ba772ddac3,TN-8579,TN,875113329103,"Tyson Chicken Breast, Family Pack",337807,2026-07-02,1
b9f87325-48ff-489a-9610-4f4b7bc1ca25,MS-1074,MS,610163406023,Folgers Classic Roast Coffee,L-6480,2026-05-18,4
054a6afe-ede3-4aea-9f0b-9b7bbcec992e,OK-4972,OK,653374520407,"Land O'Lakes Butter, 1lb",337807,2026-05-23,2
b8d23019-0421-4234-bf91-8e8c4d425bca,CA-1773,CA,680261188425,"Great Value 2% Milk, Gallon",250347,2026-04-25,2
a7e29b68-7d0e-49f7-b95e-70fe0b5fa09b,OK-2651,OK,610163406023,Folgers Classic Roast Coffee,192729,2026-04-14,1
9c130c61-88ed-4265-a61b-d822409ef7c0,FL-6326,FL,653374520407,"Land O'Lakes Butter, 1lb",L-7111,2026-06-02,4
aab226c2-0a67-4e3b-b488-fbba90cd84be,MO-8216,MO,701993641404,Blue Bell Vanilla Ice Cream,L-4260,2026-07-04,3
3927f6ad-965c-4e36-b0f4-e395e75c7c05,GA-6932,GA,653374520407,"Land O'Lakes Butter, 1lb",L-4532,2026-05-04,3
5c8fffcf-138c-4326-93e9-53836a939ce7,TX-6017,TX,610163406023,Folgers Classic Roast Coffee,337807,2026-08-11,4
93a8eb8d-95a1-4af4-80ff-bafbcc7c8e81,CA-8826,CA,889391736613,Wonder Bread Classic White,250347,2026-07-27,4
3fa971f3-1c35-4ba1-813b-57f185dcd8f4,GA-1409,GA,610163406023,Folgers Classic Roast Coffee,L-6480,2026-05-31,2
96a6ec82-4fd5-4c68-9cb0-7c63251f6387,TX-9429,TX,653374520407,"Land O'Lakes Butter, 1lb",L-5740,2026-05-11,2
b1eabfa6-206a-4ccd-80e4-0982014d7242,FL-2262,FL,610163406023,Folgers Classic Roast Coffee,192729,2026-04-18,3
6fed39c9-d4fe-4739-a499-7e40e3bface7,GA-7759,GA,701993641404,Blue Bell Vanilla Ice Cream,L-7111,2026-07-29,1
654a2a7d-f273-44ac-bed7-2b749f9e7fcd,TX-6819,TX,808049347754,Nature Valley Granola Bars,L-1324,2026-07-16,4
a7622342-f285-4a2a-aebf-16a56ea5c6e6,GA-2994,GA,808049347754,Nature Valley Granola Bars,L-5740,2026-05-26,4
bac452cd-4cdb-4f8f-abdc-2ab19cfda0fb,AR-4783,AR,241490613039,"Simple Truth Large Grade A Eggs, Dozen",0840962,2026-07-07,4
7ba34923-4632-470d-a6e5-3c8adb83c187,AR-6931,AR,680261188425,"Great Value 2% Milk, Gallon",L-7111,2026-05-14,2
3aea5544-c504-4936-aa03-e14da2586a3a,LA-4242,LA,382652812974,"Chobani Greek Yogurt, 32oz",192729,2026-05-30,3
e34110be-a63f-4b8c-82ae-8c872fb7f39d,MS-1367,MS,653374520407,"Land O'Lakes Butter, 1lb",192729,2026-04-11,2
4ed9b12b-0d80-4197-b3da-cda94c751350,AL-6969,AL,680261188425,"Great Value 2% Milk, Gallon",192729,2026-05-29,1
7519c499-4932-4910-8b00-8903afa28c7a,CA-3353,CA,653374520407,"Land O'Lakes Butter, 1lb",L-4260,2026-04-13,4
dac52970-d081-43c6-85c0-e7e7db2f7226,TX-3060,TX,859982493629,"Country Morning Large Grade A Eggs, Dozen",P-1950,2026-07-17,4
58e14a2e-029b-4cd2-907d-fbaa8fac8f4b,LA-7032,LA,382652812974,"Chobani Greek Yogurt, 32oz",L-1324,2026-06-05,3
3cc74dcd-1d91-47b6-b56d-7bfb3ea56a28,CA-2645,CA,701993641404,Blue Bell Vanilla Ice Cream,L-6480,2026-06-05,4
0b8f27a5-7249-4fa4-8200-80ab1a2e0350,CA-4741,CA,680261188425,"Great Value 2% Milk, Gallon",L-7111,2026-04-12,2
10eaa8dd-553a-478d-9641-fc2ad5907a2a,AL-8814,AL,382652812974,"Chobani Greek Yogurt, 32oz",L-7111,2026-06-11,1
d46cfc10-15b4-4bd1-8000-8421d5382bce,OK-7758,OK,680261188425,"Great Value 2% Milk, Gallon",406635,2026-04-03,3
7584173e-f39d-4d00-b2a2-2a4986de30ec,OK-5756,OK,875113329103,"Tyson Chicken Breast, Family Pack",L-1324,2026-04-14,1
cfee1a9e-2412-49c4-abb0-dec6679957d7,FL-4849,FL,610163406023,Folgers Classic Roast Coffee,250347,2026-07-22,4
9cce2942-ee03-42bf-9cee-39559addd531,OK-7995,OK,382652812974,"Chobani Greek Yogurt, 32oz",337807,2026-05-25,4
3389a4ca-3fb1-448b-9bda-beb1a282908a,TN-3129,TN,382652812974,"Chobani Greek Yogurt, 32oz",L-5740,2026-08-08,3
a2139b4b-ce2e-493b-91ad-100292ffa560,GA-2989,GA,808049347754,Nature Valley Granola Bars,250347,2026-08-11,4
3d0f597f-6a03-48b5-a9d7-6e36cf37f47c,LA-5001,LA,382652812974,"Chobani Greek Yogurt, 32oz",L-4532,2026-06-14,4
17954555-6262-449e-ae44-81b9b014bcd5,LA-4066,LA,653374520407,"Land O'Lakes Butter, 1lb",L-6480,2026-06-01,4
3fc30141-eb33-4ccb-ba9d-7f1d25df5ffe,LA-6844,LA,701993641404,Blue Bell Vanilla Ice Cream,406635,2026-06-30,3
97e8c063-73aa-44a8-9ce6-19abbe46583c,OK-2350,OK,680261188425,"Great Value 2% Milk, Gallon",L-4260,2026-04-10,4
c00cc78f-4fd2-40fb-9cff-197652814b6b,AL-1526,AL,653374520407,"Land O'Lakes Butter, 1lb",337807,2026-04-17,3
c403cedf-8a48-4f72-a8b6-334c4cafa1d9,FL-8625,FL,382652812974,"Chobani Greek Yogurt, 32oz",L-7111,2026-08-14,3
3afe386f-8ba1-4c87-9859-7fa5a1e2419c,LA-4042,LA,889391736613,Wonder Bread Classic White,L-7111,2026-05-15,1
63464f49-f559-48ee-ad13-75546f68c6e6,GA-3468,GA,889391736613,Wonder Bread Classic White,L-6480,2026-04-16,3
f125bd6b-113d-4d4e-9450-943f3ff528f2,MS-4205,MS,382652812974,"Chobani Greek Yogurt, 32oz",406635,2026-06-22,1
3958a235-2a47-4bd5-a5ad-1c95b9c2c86c,LA-7429,LA,889391736613,Wonder Bread Classic White,192729,2026-06-08,3
68799844-b25d-4dfc-9a2b-14d0f2424126,MS-3685,MS,610163406023,Folgers Classic Roast Coffee,250347,2026-04-08,3
35238424-2c5b-4c8c-a501-13f754f3f88f,LA-1111,LA,653374520407,"Land O'Lakes Butter, 1lb",L-4532,2026-05-10,1
4d8fdf66-2b21-4b49-ba08-2d6b8768c361,CA-4059,CA,875113329103,"Tyson Chicken Breast, Family Pack",L-6480,2026-04-03,4
8bffd50f-5a3b-4aec-8787-da0d7bfe3333,OK-2408,OK,889391736613,Wonder Bread Classic White,L-1324,2026-05-30,1
6ae391d4-b16b-4c16-a950-a5abdd20dfaf,CA-3816,CA,875113329103,"Tyson Chicken Breast, Family Pack",L-4260,2026-04-02,1
c2e7f2e4-3ca3-448d-9c89-ecf8dfb6dd31,AR-1208,AR,889391736613,Wonder Bread Classic White,L-4260,2026-05-25,3
4d3734db-8b3a-4dbf-87f3-fc3614683b51,MO-5209,MO,701993641404,Blue Bell Vanilla Ice Cream,192729,2026-05-09,1
c581bcb1-9bd5-4e09-aacc-edc4275c2e33,MS-5418,MS,875113329103,"Tyson Chicken Breast, Family Pack",337807,2026-07-16,3
97f37f39-034d-45d1-a332-796fa693731d,LA-6897,LA,653374520407,"Land O'Lakes Butter, 1lb",L-7111,2026-05-01,2
0c5f4cf2-aa15-445e-aa3b-82bff310921e,MO-4909,MO,382652812974,"Chobani Greek Yogurt, 32oz",337807,2026-04-21,2
349a04ee-eff0-40e0-8101-b12de9443779,NM-8175,NM,889391736613,Wonder Bread Classic White,L-1324,2026-05-08,2
ce68c9d0-f757-4ccf-9ae2-1be8d88ccd4f,MO-2034,MO,382652812974,"Chobani Greek Yogurt, 32oz",L-7111,2026-06-01,4
cb00ffa0-fe82-4b55-974b-e50e527eb2c5,TX-9437,TX,889391736613,Wonder Bread Classic White,192729,2026-06-15,3
0597c39c-468e-4fa9-9ed8-fd788c5e2fb2,AR-1605,AR,875113329103,"Tyson Chicken Breast, Family Pack",406635,2026-04-23,1
9aa54655-3db8-487a-9567-e56a47a87f2c,OK-7638,OK,875113329103,"Tyson Chicken Breast, Family Pack",L-6480,2026-06-16,2
63bd996e-e6cf-4a9c-8b3b-7722d0e48824,CA-3795,CA,610163406023,Folgers Classic Roast Coffee,L-1324,2026-07-03,1
01aac223-667c-427a-92ea-52a088177c77,TN-9888,TN,701993641404,Blue Bell Vanilla Ice Cream,250347,2026-08-06,4
4df57321-e54e-4300-bf54-16d8b98e2168,TN-8669,TN,808049347754,Nature Valley Granola Bars,L-1324,2026-08-12,1
5897ad14-71fa-40ad-ba81-18ed1bdc5308,AL-9106,AL,889391736613,Wonder Bread Classic White,L-4532,2026-08-06,1
bb2f495f-dc42-4fcc-be6e-91f97d6a67e7,MS-8098,MS,808049347754,Nature Valley Granola Bars,L-5740,2026-05-23,1
60a30dbf-4e4b-4976-a074-e5cac0f15bde,FL-1238,FL,701993641404,Blue Bell Vanilla Ice Cream,L-6480,2026-05-16,1
f018cf6b-800a-4ba5-85da-23afe9688fbb,GA-9531,GA,875113329103,"Tyson Chicken Breast, Family Pack",L-4532,2026-05-18,3
51f3edf7-5a7a-4e91-9d69-0bec9be4378c,TX-3368,TX,875113329103,"Tyson Chicken Breast, Family Pack",337807,2026-04-01,4
bc999dfc-3e9d-4323-b9de-0a63cc8b988f,MO-3787,MO,382652812974,"Chobani Greek Yogurt, 32oz",L-7111,2026-06-08,4
b37f15f4-9659-4078-86f6-e0f020185eb6,CA-4072,CA,889391736613,Wonder Bread Classic White,406635,2026-06-07,3
e90d3fbc-dbc1-46c6-8440-2f8c59bc9772,MO-4714,MO,889391736613,Wonder Bread Classic White,L-7111,2026-04-20,4
d3fe9f5d-5ba5-4ff5-8f43-aa02525ff28a,LA-6018,LA,875113329103,"Tyson Chicken Breast, Family Pack",L-7111,2026-05-31,2
61a60d9f-dbd3-41ab-9889-0a9a84624921,MS-2023,MS,610163406023,Folgers Classic Roast Coffee,L-5740,2026-05-26,4
254cdf27-0518-4816-b14c-09df80472266,TX-7368,TX,889391736613,Wonder Bread Classic White,L-4260,2026-04-23,4
f0990352-3aaf-4061-8d95-978f66c3bfa0,NM-4167,NM,610163406023,Folgers Classic Roast Coffee,L-4532,2026-04-06,1
3d844cb9-788f-49d5-8b67-27044127af1f,OK-2892,OK,610163406023,Folgers Classic Roast Coffee,L-6480,2026-06-18,4
e67ef7eb-a81a-45c4-a89e-4433e039b6f4,CA-8167,CA,653374520407,"Land O'Lakes Butter, 1lb",L-5740,2026-06-25,2
cf681a92-568c-4bf5-8413-cfd0fba381c9,AR-3812,AR,610163406023,Folgers Classic Roast Coffee,192729,2026-06-15,2
70ba5b1a-c88f-4826-ae8e-62c05289f3ea,CA-2121,CA,875113329103,"Tyson Chicken Breast, Family Pack",L-6480,2026-07-18,2
28d20d2a-5ec8-42f2-a59b-18c25810157c,NM-8094,NM,701993641404,Blue Bell Vanilla Ice Cream,250347,2026-04-04,3
535556f9-3e74-44bc-81ea-a4225e04a763,LA-7278,LA,889391736613,Wonder Bread Classic White,406635,2026-05-31,4
d2cb769b-4ee1-46cd-9381-46d47ae5d971,MO-3627,MO,808049347754,Nature Valley Granola Bars,L-1324,2026-06-13,2
4b6bef47-20df-4626-9059-9296c573880b,OK-3023,OK,889391736613,Wonder Bread Classic White,337807,2026-08-04,1
1d858a85-86f6-4e3c-9305-f69651b16832,FL-5899,FL,382652812974,"Chobani Greek Yogurt, 32oz",L-5740,2026-06-15,1
123f1894-cdf7-45c0-8ed6-41f4bb184deb,TN-5806,TN,875113329103,"Tyson Chicken Breast, Family Pack",406635,2026-07-28,3
54fad03e-10fe-42b0-b4d4-5c1e30bfe142,MS-6974,MS,241490613039,"Simple Truth Large Grade A Eggs, Dozen",0840962,2026-07-03,4
5a08b6e9-4507-40da-91ec-61f67a254701,TN-9917,TN,875113329103,"Tyson Chicken Breast, Family Pack",L-5740,2026-07-05,1
8e0b3981-2eba-4ab4-99f6-3915ff824856,AL-1358,AL,875113329103,"Tyson Chicken Breast, Family Pack",L-6480,2026-04-15,1
efd774ea-ba79-4d32-b967-adfcaae6f529,OK-6510,OK,889391736613,Wonder Bread Classic White,L-4532,2026-04-22,2
79354612-d79d-4af7-9ad3-66981c246e8b,MS-4264,MS,610163406023,Folgers Classic Roast Coffee,L-1324,2026-08-03,4
eccfa7d8-a9d6-4af8-8e47-d8148743fa4c,FL-3691,FL,382652812974,"Chobani Greek Yogurt, 32oz",L-4260,2026-06-24,2
5e012801-72ab-418a-8844-64af3e7a3cec,LA-9105,LA,701993641404,Blue Bell Vanilla Ice Cream,192729,2026-06-25,3
56d1eb75-b117-4283-b820-2797fbf5fe6d,MS-8628,MS,610163406023,Folgers Classic Roast Coffee,L-1324,2026-06-12,4
9e5b90b9-bd73-427b-9073-a3d502402c19,AL-7787,AL,610163406023,Folgers Classic Roast Coffee,L-4260,2026-05-06,2
567c9709-5ed4-4c47-b046-837ca7be7e5b,AR-6448,AR,382652812974,"Chobani Greek Yogurt, 32oz",192729,2026-06-10,4
aba5890f-d8a1-44dc-84e4-47594c7e4690,TX-9046,TX,889391736613,Wonder Bread Classic White,406635,2026-07-23,4
b2215651-3a64-41b2-b103-3190177ad06f,OK-1951,OK,146279721070,"Sunups Large Grade A Eggs, Dozen",P-1950,2026-07-09,2
ac011e9f-d7e7-4a0f-bf95-5e5edba5753a,FL-9775,FL,653374520407,"Land O'Lakes Butter, 1lb",406635,2026-05-11,2
eb5cc284-87a1-4b1e-b758-a24bb96c7cb1,LA-4357,LA,653374520407,"Land O'Lakes Butter, 1lb",L-4532,2026-08-02,4
e675dc2b-5151-459f-aa80-f3f28107a505,TX-6058,TX,889391736613,Wonder Bread Classic White,L-5740,2026-07-20,1
36366f9b-80a2-4c0a-8c4a-01192b5578cd,TX-9274,TX,889391736613,Wonder Bread Classic White,406635,2026-05-25,3
5f1f5519-045e-4ed0-b755-d01863cb1ad8,LA-9971,LA,875113329103,"Tyson Chicken Breast, Family Pack",L-4532,2026-07-18,1
bb83eaee-59a1-40c8-8a32-ded5e10d4aac,TX-3432,TX,382652812974,"Chobani Greek Yogurt, 32oz",L-4260,2026-05-28,1
c5c794f4-bef8-4d52-ba7d-1ddb7a6f2869,MS-3955,MS,701993641404,Blue Bell Vanilla Ice Cream,L-7111,2026-05-11,2
04d19f72-dc0d-4395-a15d-6f132b502024,GA-2914,GA,382652812974,"Chobani Greek Yogurt, 32oz",L-7111,2026-04-14,4
fc778fab-423d-4a41-b77e-5ea620d37cb9,MS-1164,MS,808049347754,Nature Valley Granola Bars,L-7111,2026-08-09,2
3d5572ec-2f6c-4829-9829-30ca15f37a4f,LA-6464,LA,889391736613,Wonder Bread Classic White,406635,2026-07-22,4
f67a7759-c091-4656-b335-9dad59e9c025,CA-5806,CA,701993641404,Blue Bell Vanilla Ice Cream,L-1324,2026-06-03,2
1b4a7f85-4ff6-45c0-aa0a-cf82a406425b,CA-2422,CA,680261188425,"Great Value 2% Milk, Gallon",406635,2026-05-05,4
9ecc8164-e4ac-4525-b074-19cdab687a03,TN-2427,TN,680261188425,"Great Value 2% Milk, Gallon",L-1324,2026-04-07,2
a1c6dd6d-a69b-4266-85a9-0d2bce3a8170,FL-1747,FL,701993641404,Blue Bell Vanilla Ice Cream,250347,2026-06-15,1
2d27fa0d-5078-4311-ac96-7562a366d78c,OK-8093,OK,859982493629,"Country Morning Large Grade A Eggs, Dozen",P-1950,2026-07-01,1
13ecf9e3-edd9-49a3-bf54-868ac73c2ca2,LA-9010,LA,610163406023,Folgers Classic Roast Coffee,L-4260,2026-07-23,3
b205e163-c6e8-4b4b-9009-46076f4ab154,NM-4497,NM,701993641404,Blue Bell Vanilla Ice Cream,L-7111,2026-04-22,3
ae12c80a-f80c-4394-9af6-5ca4e8c1aa83,OK-6944,OK,808049347754,Nature Valley Granola Bars,L-1324,2026-05-21,1
eac41283-c439-4cb4-abea-85f10da2ddf6,MO-8110,MO,610163406023,Folgers Classic Roast Coffee,L-4260,2026-08-14,1
5b4500b7-8140-452c-861e-06b1e9b82f53,AL-2959,AL,889391736613,Wonder Bread Classic White,L-7111,2026-04-30,3
e8d7338c-7bbb-4c54-aeb8-f65da919b9e5,MO-2513,MO,808049347754,Nature Valley Granola Bars,L-7111,2026-06-21,2
bfaee6be-a453-4500-8584-d73e96fb3953,AL-5080,AL,653374520407,"Land O'Lakes Butter, 1lb",192729,2026-06-12,4
83ee13df-9788-46e8-9a09-d606d48cd2e6,NM-1167,NM,610163406023,Folgers Classic Roast Coffee,L-7111,2026-04-09,2
053eb35c-b7c2-413d-879b-ac7ea708cc43,MS-2909,MS,889391736613,Wonder Bread Classic White,192729,2026-06-14,2
37d0880a-539f-4958-8d02-bafa689900fe,MS-6600,MS,653374520407,"Land O'Lakes Butter, 1lb",L-4260,2026-04-11,4
d4291bd2-fe9c-46d1-81c1-288804d20f5c,FL-6908,FL,382652812974,"Chobani Greek Yogurt, 32oz",L-1324,2026-05-26,2
f93832d4-0d58-4fd6-afd8-a047c05b9fac,FL-9708,FL,610163406023,Folgers Classic Roast Coffee,250347,2026-04-21,1
68c4b834-7108-4e64-a289-7cc5ac8990a7,GA-5197,GA,701993641404,Blue Bell Vanilla Ice Cream,L-1324,2026-04-06,2
2ba189d0-7e52-4931-a9a8-4d45eb47ef46,GA-3776,GA,680261188425,"Great Value 2% Milk, Gallon",L-6480,2026-05-01,4
bbad7e19-88f9-486f-834d-23f7953194f2,TN-5841,TN,610163406023,Folgers Classic Roast Coffee,250347,2026-06-14,1
ce53c6c3-3506-44ce-928a-6b3ed179b975,AR-2702,AR,382652812974,"Chobani Greek Yogurt, 32oz",L-7111,2026-05-23,1
07ed282d-08d2-4420-b284-413d8aa4db86,AL-4536,AL,808049347754,Nature Valley Granola Bars,406635,2026-06-29,3
756946ae-f401-488b-b5d5-3020528553b6,AL-2333,AL,808049347754,Nature Valley Granola Bars,L-1324,2026-06-03,2
7a4f8016-c971-46a0-9d31-1a7177b32b82,NM-2053,NM,610163406023,Folgers Classic Roast Coffee,250347,2026-08-07,3
a94cde29-3963-46a2-9d27-a0afad9942f1,TX-6725,TX,382652812974,"Chobani Greek Yogurt, 32oz",L-1324,2026-06-01,3
ae600e89-90fd-4142-ac2f-c070f645f4ce,CA-2092,CA,382652812974,"Chobani Greek Yogurt, 32oz",L-4532,2026-04-17,1
7492823f-464d-47a4-a454-845406a8c266,FL-1986,FL,808049347754,Nature Valley Granola Bars,L-5740,2026-05-11,1
c3b64274-a050-4afc-ad1a-9e7e70bf13d4,CA-9851,CA,889391736613,Wonder Bread Classic White,337807,2026-05-16,4
d22ef8ee-caa4-4dbd-b04b-8db750b6554e,AR-6859,AR,889391736613,Wonder Bread Classic White,L-7111,2026-07-14,4
6c86af8c-9dca-4c0f-bb08-944f78039612,CA-5621,CA,653374520407,"Land O'Lakes Butter, 1lb",192729,2026-06-15,3
6822b8cf-8e16-4119-832b-ffc55b60ff39,MS-7386,MS,382652812974,"Chobani Greek Yogurt, 32oz",L-4532,2026-04-24,4
1d0d6346-4a9c-47f4-8149-ba5adda0d98b,NM-5538,NM,653374520407,"Land O'Lakes Butter, 1lb",337807,2026-08-08,2
42317dda-bf96-46c4-ba44-2b120eedb096,MS-1119,MS,610163406023,Folgers Classic Roast Coffee,250347,2026-07-15,3
5d552e93-2045-4eb6-9c3b-56a23b5d5498,MS-6202,MS,382652812974,"Chobani Greek Yogurt, 32oz",250347,2026-07-03,3
365d9dea-706d-47aa-a6a6-b37c17f6f7eb,TN-5699,TN,680261188425,"Great Value 2% Milk, Gallon",L-4260,2026-07-15,4
4b183047-f1ed-498d-af72-a1bfa50f71ec,AR-5233,AR,610163406023,Folgers Classic Roast Coffee,L-7111,2026-04-02,3
2a9c2390-7058-4580-a6cd-7fc8878d8c02,GA-4152,GA,808049347754,Nature Valley Granola Bars,192729,2026-07-27,3
9b45f0e8-db90-49e5-8de6-f0d514ea176b,MS-8540,MS,889391736613,Wonder Bread Classic White,406635,2026-04-02,2
0e7f6ae1-9cc2-4e08-a611-0d2d5a302e68,GA-6382,GA,680261188425,"Great Value 2% Milk, Gallon",L-1324,2026-04-19,2
6007d96f-7d91-4e71-aaa9-8ec6b7cd7ab3,MO-2175,MO,701993641404,Blue Bell Vanilla Ice Cream,L-5740,2026-07-01,2
65308c96-d207-4359-bb75-478c8fca780b,TN-3100,TN,808049347754,Nature Valley Granola Bars,192729,2026-07-13,2
6ea9d34d-963e-475d-8515-de5b5816e88f,MS-8057,MS,859982493629,"Country Morning Large Grade A Eggs, Dozen",0840962,2026-06-16,3
a7412fea-76fb-4d45-8a9e-25be491b2715,OK-3275,OK,610163406023,Folgers Classic Roast Coffee,250347,2026-06-17,4
d26ea267-4b0d-4c4d-9f5e-0f2b7dbfb2ba,AR-8311,AR,653374520407,"Land O'Lakes Butter, 1lb",L-4532,2026-07-31,4
fd1e1a55-ed49-46f3-b598-732465067c19,CA-4561,CA,382652812974,"Chobani Greek Yogurt, 32oz",250347,2026-07-06,4
d9e4b90e-cd88-4e56-8198-d94843729b78,MO-7298,MO,701993641404,Blue Bell Vanilla Ice Cream,L-7111,2026-07-21,4
aad21b30-b445-4f11-8d86-16c589c9a5a2,AL-3646,AL,808049347754,Nature Valley Granola Bars,337807,2026-07-10,4
e9e5c85f-b7a0-46ca-970e-2fc17c97c30e,NM-2273,NM,382652812974,"Chobani Greek Yogurt, 32oz",192729,2026-07-26,2
4d87d5b9-4f1f-4f63-8ef0-de9171783a04,FL-1632,FL,701993641404,Blue Bell Vanilla Ice Cream,L-6480,2026-04-26,4
0d0170ed-0e95-4d45-9fd9-a18df874a623,NM-9236,NM,875113329103,"Tyson Chicken Breast, Family Pack",L-5740,2026-07-26,4
3c25e8e7-d052-4afc-b71a-09443427beea,OK-5468,OK,808049347754,Nature Valley Granola Bars,L-6480,2026-06-25,3
c1c476b4-1a59-46fc-912b-a43021a34794,MO-3665,MO,875113329103,"Tyson Chicken Breast, Family Pack",L-4532,2026-04-20,4
93c45387-160c-4e58-97cd-e9b2cdfa9653,MS-7540,MS,680261188425,"Great Value 2% Milk, Gallon",L-4260,2026-08-12,2
29ae072d-cf3d-4c17-8c52-b4e380502781,AL-7284,AL,610163406023,Folgers Classic Roast Coffee,L-6480,2026-06-03,1
bd4b1aa4-1b16-4cda-8cd8-3ce66316039c,MO-7591,MO,889391736613,Wonder Bread Classic White,337807,2026-04-07,1
514b6c38-f88f-4e9b-a6b6-5c4651ac128b,FL-3681,FL,889391736613,Wonder Bread Classic White,337807,2026-05-26,2
20951518-632e-4638-b04b-cdc6ee734333,CA-3690,CA,808049347754,Nature Valley Granola Bars,192729,2026-05-06,1
3b5a4752-97a2-4692-90e7-979308710a6e,LA-2108,LA,680261188425,"Great Value 2% Milk, Gallon",L-1324,2026-07-13,3
8f852b7d-4a52-41aa-a6d1-63043038b19d,TN-2670,TN,610163406023,Folgers Classic Roast Coffee,192729,2026-07-22,1
4985fad4-25ab-4d45-b624-aa18f29681db,OK-7849,OK,382652812974,"Chobani Greek Yogurt, 32oz",337807,2026-07-02,2
0e1f7a68-f79f-4530-9f2a-66b793bc882f,MS-3715,MS,382652812974,"Chobani Greek Yogurt, 32oz",337807,2026-06-18,3
9166d235-669b-4feb-859d-7b2735992604,TX-8050,TX,889391736613,Wonder Bread Classic White,192729,2026-07-27,3
2b49bd93-23c9-4c70-b4d7-d524520a3fcb,GA-9008,GA,701993641404,Blue Bell Vanilla Ice Cream,L-4260,2026-04-04,3
6865610c-6808-4554-bb40-59199e7958aa,FL-3287,FL,875113329103,"Tyson Chicken Breast, Family Pack",L-4532,2026-04-05,2
b1ca79c6-6f9f-4b29-8aa0-a8ea028a5318,OK-9654,OK,808049347754,Nature Valley Granola Bars,L-5740,2026-04-27,1
e488404b-e16b-4d19-8bb5-beb5b20ea9fd,AL-5251,AL,653374520407,"Land O'Lakes Butter, 1lb",L-4532,2026-05-10,3
a3aacf74-1f6f-4802-bd45-90c427ad8bf5,TX-2422,TX,610163406023,Folgers Classic Roast Coffee,L-7111,2026-04-04,4
c2b0200e-0f29-44a6-a81e-4efed3f9d699,LA-6086,LA,610163406023,Folgers Classic Roast Coffee,337807,2026-04-16,1
79219e5e-3479-4baf-b4a0-b36da9082934,TN-5281,TN,889391736613,Wonder Bread Classic White,L-4532,2026-05-11,3
fe2b5041-a8f5-4b02-ac27-a90f81ea431a,MO-5174,MO,610163406023,Folgers Classic Roast Coffee,L-5740,2026-08-12,3
6276af3a-f879-4498-96cc-96ea27347ff1,OK-1000,OK,889391736613,Wonder Bread Classic White,337807,2026-08-15,1
a23c0866-e2be-40c3-b2ab-dc0af9f2a6de,FL-2091,FL,701993641404,Blue Bell Vanilla Ice Cream,L-4260,2026-08-14,4
f2464b3e-33f8-4ff7-914f-317de7b3fcb0,MS-8679,MS,653374520407,"Land O'Lakes Butter, 1lb",L-6480,2026-08-07,2
57b89e67-5892-47da-928d-6d09ff6c843d,AL-6069,AL,875113329103,"Tyson Chicken Breast, Family Pack",L-4532,2026-07-14,2
8b8697f0-515b-4553-aef1-fe7fef080958,MS-9740,MS,382652812974,"Chobani Greek Yogurt, 32oz",L-5740,2026-08-06,2
8c1ddd1d-a5e4-424d-a7bb-4e09ac01f143,FL-5554,FL,808049347754,Nature Valley Granola Bars,406635,2026-06-28,3
38aa4b01-d1e8-404d-b5e8-b242e699f1dd,MS-6678,MS,808049347754,Nature Valley Granola Bars,192729,2026-08-12,4
b8ab5ab8-dea4-4e0c-bcb2-5232d9a0cf09,GA-7141,GA,701993641404,Blue Bell Vanilla Ice Cream,406635,2026-04-22,2
bf215cab-bb90-4577-930d-3bfa52351128,MO-5306,MO,653374520407,"Land O'Lakes Butter, 1lb",L-5740,2026-07-03,1
8089cbfd-c3ae-4099-b49c-358c1f63d4d2,AR-2527,AR,146279721070,"Sunups Large Grade A Eggs, Dozen",0840962,2026-06-24,4
949f92a8-478d-41da-a59b-80546a3df4d5,TN-4128,TN,701993641404,Blue Bell Vanilla Ice Cream,L-5740,2026-07-11,1
196a3714-6f76-4b4a-97e1-f847871b55dc,MS-4537,MS,382652812974,"Chobani Greek Yogurt, 32oz",192729,2026-04-25,2
fcbeee57-58ea-4723-83b5-2eca7fdaa6c1,CA-2236,CA,680261188425,"Great Value 2% Milk, Gallon",L-5740,2026-05-12,1
cdac648e-0e0d-4d8a-ade9-b6cb15d867cb,AR-5592,AR,059533434211,"Kroger Large Grade A Eggs, Dozen",0840962,2026-07-12,4
42e170ac-20cf-4be1-8bc1-5e93f73890b1,LA-6703,LA,875113329103,"Tyson Chicken Breast, Family Pack",250347,2026-05-24,2
6e0b6416-49be-44f3-8d8c-b4c4613d24d0,MS-5422,MS,610163406023,Folgers Classic Roast Coffee,L-7111,2026-04-27,2
01584d19-2f41-4ffb-9669-f78627cedbfa,TN-5839,TN,680261188425,"Great Value 2% Milk, Gallon",L-4260,2026-05-23,2
a37ec68c-1a7c-4326-8f9c-6f738a1e8045,NM-4813,NM,610163406023,Folgers Classic Roast Coffee,250347,2026-07-29,3
aeccfaba-b9ca-420f-9a00-d88fa90a5d3d,AR-6044,AR,889391736613,Wonder Bread Classic White,L-4260,2026-04-27,3
01402b5a-f683-4642-b2d3-5de188d9e033,AR-6995,AR,875113329103,"Tyson Chicken Breast, Family Pack",406635,2026-06-24,4
f5fd7f0e-f818-431d-972d-573cea8deaef,GA-9315,GA,808049347754,Nature Valley Granola Bars,337807,2026-04-13,4
f7f2c13e-2a54-4360-b5e4-5d58283885b9,CA-5471,CA,382652812974,"Chobani Greek Yogurt, 32oz",L-5740,2026-08-08,3
37723422-4043-4079-b3c5-32b4c45cc13b,NM-3920,NM,653374520407,"Land O'Lakes Butter, 1lb",250347,2026-05-03,3
aa34499f-60a8-4222-96e8-e8d65606ab65,FL-4096,FL,875113329103,"Tyson Chicken Breast, Family Pack",L-4260,2026-08-15,4
cc10ca59-1a91-40d9-9dd8-c489c07d1546,TN-2224,TN,701993641404,Blue Bell Vanilla Ice Cream,L-1324,2026-06-21,3
c188b0a3-e856-402b-80d2-b0bfdf0a9c9c,AL-2258,AL,875113329103,"Tyson Chicken Breast, Family Pack",192729,2026-06-25,1
acaf5e77-cd8d-44d1-a12b-f88ba78e048f,MO-6687,MO,808049347754,Nature Valley Granola Bars,337807,2026-05-05,1
b261e484-36bb-4e3b-aa20-e9e6991a646e,GA-4667,GA,680261188425,"Great Value 2% Milk, Gallon",337807,2026-04-10,3
e703a530-41d7-4c5b-9674-5af3d62a8aa3,AR-2977,AR,680261188425,"Great Value 2% Milk, Gallon",L-6480,2026-05-22,3
c01c0192-efcf-4ba8-803f-c78f72797682,CA-5694,CA,875113329103,"Tyson Chicken Breast, Family Pack",L-7111,2026-05-17,1
6df71d15-73f2-4aca-b252-32bbd31f29c1,OK-4870,OK,701993641404,Blue Bell Vanilla Ice Cream,250347,2026-04-01,2
41074e26-5536-4289-b02c-7a24c87902de,FL-9273,FL,875113329103,"Tyson Chicken Breast, Family Pack",192729,2026-05-13,3
3b6c83a8-5baa-4d3f-baf3-4aceb9673a2d,MS-4743,MS,889391736613,Wonder Bread Classic White,L-4532,2026-07-21,4
6273f3ee-67b9-4a20-84e7-47fab17960be,OK-2673,OK,701993641404,Blue Bell Vanilla Ice Cream,L-5740,2026-05-30,2
5d754dca-5c9f-4b21-ab1b-6fdabf98a2da,AR-4937,AR,701993641404,Blue Bell Vanilla Ice Cream,L-7111,2026-05-18,1
bb5bf1dd-0864-438e-98cb-202eaf973c5b,TN-5599,TN,701993641404,Blue Bell Vanilla Ice Cream,L-1324,2026-06-08,4
1480876a-fa94-4c5e-84e3-657f43415b19,MS-5936,MS,610163406023,Folgers Classic Roast Coffee,L-4532,2026-05-07,3
debc193b-d16a-444c-922f-f9cf2baa783c,TX-2748,TX,610163406023,Folgers Classic Roast Coffee,L-6480,2026-05-01,3
d163d0aa-4c9a-4730-99f7-013e46b7da65,MS-5656,MS,057642652279,"Brookshire's Large Grade A Eggs, Dozen",P-1950,2026-06-28,4
99ac65ef-4dd0-40ad-93ae-386bb5aa3b9a,FL-9466,FL,889391736613,Wonder Bread Classic White,L-1324,2026-07-18,4
8ac4f6e0-e494-4f9e-b3b7-ad4e0a7549b3,MO-2315,MO,382652812974,"Chobani Greek Yogurt, 32oz",L-4532,2026-06-15,4
9e18cd20-c971-4aa8-9486-d3aa4d716fbc,LA-1634,LA,057642652279,"Brookshire's Large Grade A Eggs, Dozen",0840962,2026-07-27,1
f16c726b-82c3-41fe-9b18-81037232fb3a,TX-7364,TX,875113329103,"Tyson Chicken Breast, Family Pack",337807,2026-06-10,3
58bd7454-167d-4705-a35f-5b709bf6eb5d,MS-1543,MS,701993641404,Blue Bell Vanilla Ice Cream,L-1324,2026-06-10,2
adbe8234-2214-4678-bb65-fe35cb8a3e64,AR-8132,AR,875113329103,"Tyson Chicken Breast, Family Pack",337807,2026-08-07,1
6f407184-2941-4ced-8663-e1880e4ae197,CA-2619,CA,889391736613,Wonder Bread Classic White,L-1324,2026-06-17,3
52f22d88-ab35-40d8-99cf-e9d09e72084e,MO-2380,MO,808049347754,Nature Valley Granola Bars,L-4260,2026-06-28,1
a95ebeda-18d7-4346-81f8-e22073535697,AR-4074,AR,680261188425,"Great Value 2% Milk, Gallon",L-5740,2026-07-17,4
68f0bd03-e2c5-4c60-a5a7-451651506dd4,CA-9630,CA,875113329103,"Tyson Chicken Breast, Family Pack",406635,2026-07-02,1
911fa6ac-cd40-48c0-b4e7-bafc028da7cf,OK-4836,OK,382652812974,"Chobani Greek Yogurt, 32oz",192729,2026-08-10,3
43a0928d-fcf2-4aa3-88ac-8078dbb90afb,GA-6151,GA,610163406023,Folgers Classic Roast Coffee,250347,2026-08-10,2
70a5834f-e0a8-49d2-acae-106ece9f9e40,MO-5793,MO,653374520407,"Land O'Lakes Butter, 1lb",L-5740,2026-07-27,1
d8589315-fe68-45a6-86f2-b0549614ce98,TN-6469,TN,701993641404,Blue Bell Vanilla Ice Cream,L-1324,2026-07-11,1
9c628dcc-8ac7-482c-9940-8d5dd3e44d70,LA-4929,LA,680261188425,"Great Value 2% Milk, Gallon",L-4260,2026-07-31,1
3c81bf87-0697-4355-9fb7-d23abf68033e,LA-8752,LA,808049347754,Nature Valley Granola Bars,406635,2026-05-21,2
2ad7813e-9a76-4c87-be9e-1783bef3ae95,FL-7048,FL,701993641404,Blue Bell Vanilla Ice Cream,L-5740,2026-05-12,2
b2139e68-849a-4856-aaae-c3870b1ec63b,GA-4867,GA,701993641404,Blue Bell Vanilla Ice Cream,L-4532,2026-04-05,1
0b8542ad-6d27-4dab-a2ba-3dabddc90d59,FL-9831,FL,701993641404,Blue Bell Vanilla Ice Cream,L-6480,2026-07-08,3
c746eba6-e132-4003-b703-f2871a424699,MS-6552,MS,382652812974,"Chobani Greek Yogurt, 32oz",L-5740,2026-07-28,2
cf288116-3265-4ef6-978a-9c8dddf93297,CA-2102,CA,680261188425,"Great Value 2% Milk, Gallon",L-6480,2026-07-19,3
31c50ef5-3a61-4c80-8c13-4abaa4a5f942,GA-4992,GA,680261188425,"Great Value 2% Milk, Gallon",L-6480,2026-06-21,2
99449258-7b91-498c-ac08-be6d6fe353f5,MO-4847,MO,382652812974,"Chobani Greek Yogurt, 32oz",L-1324,2026-08-06,3
981f587a-c5fd-4b15-8edd-81ffef11f1bd,MO-4796,MO,610163406023,Folgers Classic Roast Coffee,406635,2026-08-06,3
0308bf7b-9560-4826-872f-78ac07253e4d,FL-1004,FL,808049347754,Nature Valley Granola Bars,L-4260,2026-06-13,4
70d1a534-7040-4773-8e05-e44a00517892,MO-1512,MO,875113329103,"Tyson Chicken Breast, Family Pack",L-5740,2026-06-15,1
a27a48bf-4342-4593-88ff-cc26636bfda0,FL-8652,FL,875113329103,"Tyson Chicken Breast, Family Pack",406635,2026-05-01,3
ec6e5bb3-b053-4b53-98cb-87874913544a,TN-9357,TN,610163406023,Folgers Classic Roast Coffee,406635,2026-06-03,1
62964e40-c0ee-4e27-8cba-03e98a26c69e,FL-5306,FL,889391736613,Wonder Bread Classic White,L-7111,2026-04-24,1
2aa57a7a-4df4-42f2-a67c-5c09c3d2fe02,TX-4722,TX,889391736613,Wonder Bread Classic White,L-1324,2026-05-27,3
3f59d17e-4a78-4510-8f6b-d0293e3dae04,TX-3928,TX,889391736613,Wonder Bread Classic White,337807,2026-07-08,1
dc9f4e93-a0ff-4841-bfc2-6caa7bf1fdac,TN-8565,TN,680261188425,"Great Value 2% Milk, Gallon",406635,2026-05-26,3
4ced317d-1e8d-4b2a-b6cf-e87c29ab7bb9,NM-7052,NM,875113329103,"Tyson Chicken Breast, Family Pack",L-4260,2026-05-31,3
36b6c34d-803d-4106-9265-c4d2aaf0150b,TX-6715,TX,808049347754,Nature Valley Granola Bars,L-5740,2026-07-25,3
e3728f0a-7023-46a6-bbf6-b5ed83c66b74,MO-6037,MO,680261188425,"Great Value 2% Milk, Gallon",337807,2026-07-08,4
7220b561-4047-4777-a542-10a4fbb847d1,CA-5398,CA,875113329103,"Tyson Chicken Breast, Family Pack",192729,2026-07-10,4
066a5752-af28-4a55-8732-d182a3589b3f,TX-6856,TX,680261188425,"Great Value 2% Milk, Gallon",L-4260,2026-07-02,1
b48f5e4b-23fe-4b5c-8f19-cb32deda36bf,FL-9608,FL,701993641404,Blue Bell Vanilla Ice Cream,L-4260,2026-07-02,3
47adf212-90dd-4e77-824a-d71845e8230a,CA-4265,CA,610163406023,Folgers Classic Roast Coffee,L-7111,2026-06-17,1
fdba40ac-7659-47ef-9a03-c86c0f13bf83,OK-8390,OK,889391736613,Wonder Bread Classic White,337807,2026-07-05,4
3e31fadb-b358-4835-9f45-32d8b05b7311,AR-9395,AR,889391736613,Wonder Bread Classic White,337807,2026-06-08,3
f3cc8d72-fcae-4759-bb5e-8856d23c7c7e,NM-4840,NM,808049347754,Nature Valley Granola Bars,L-5740,2026-07-21,2
8f934d6b-e9c2-4158-b957-a31f9c3472a3,FL-7280,FL,875113329103,"Tyson Chicken Breast, Family Pack",L-1324,2026-04-11,3
52db19b1-f719-47bf-a2e0-395011030880,AL-7143,AL,875113329103,"Tyson Chicken Breast, Family Pack",L-1324,2026-06-22,1
80edbad0-e990-4a9c-b093-84ee1c7c69c5,OK-8998,OK,875113329103,"Tyson Chicken Breast, Family Pack",L-4260,2026-08-02,4
23aa8fa6-2085-433f-9204-f092251b23d9,AR-8899,AR,653374520407,"Land O'Lakes Butter, 1lb",L-5740,2026-05-06,3
d5f6dea1-8ea6-43b9-ab20-958d7d5a9066,GA-7598,GA,808049347754,Nature Valley Granola Bars,L-5740,2026-07-03,3
5f441699-3752-40d1-8a83-d4b2380ab7c1,LA-2328,LA,653374520407,"Land O'Lakes Butter, 1lb",L-4260,2026-07-01,2
48e7613a-02a1-4828-ab12-ebee6207e42e,FL-6902,FL,610163406023,Folgers Classic Roast Coffee,L-4260,2026-05-09,2
8c83aaf9-4b27-4c18-a401-a1077f472edf,LA-7206,LA,382652812974,"Chobani Greek Yogurt, 32oz",L-7111,2026-04-28,3
b14db774-622f-4eac-ae18-d18d104cb66c,AR-5917,AR,610163406023,Folgers Classic Roast Coffee,192729,2026-06-15,3
d6dcfb5f-182f-4238-80c3-0caff290b284,MS-7193,MS,680261188425,"Great Value 2% Milk, Gallon",L-1324,2026-05-08,3
47f057ce-40c9-44de-be0e-a62c68ffebef,TN-4524,TN,701993641404,Blue Bell Vanilla Ice Cream,L-6480,2026-04-06,4
692c180c-e8de-4d49-abe3-49886d07fd82,NM-3187,NM,875113329103,"Tyson Chicken Breast, Family Pack",L-4532,2026-05-25,4
80946f20-a236-4c11-91af-e29346b8cb56,MO-9586,MO,701993641404,Blue Bell Vanilla Ice Cream,L-6480,2026-07-02,2
d04dc7fb-ee65-4277-bd25-56b37d2aa8a4,NM-3505,NM,610163406023,Folgers Classic Roast Coffee,L-4260,2026-08-01,3
45eb5cf0-bb53-42c2-b46a-5cb74b59d23c,AR-8707,AR,653374520407,"Land O'Lakes Butter, 1lb",L-6480,2026-07-20,3
c60bef1f-46a4-4935-be8f-7b464942f70d,LA-9484,LA,701993641404,Blue Bell Vanilla Ice Cream,L-7111,2026-07-15,3
f25e1a4d-9302-4ffb-9eb2-81ffe68d76a1,CA-3148,CA,680261188425,"Great Value 2% Milk, Gallon",L-4260,2026-07-20,1
796049fd-c0e9-4d4a-a338-e7107d43680a,AR-3347,AR,701993641404,Blue Bell Vanilla Ice Cream,L-4260,2026-08-14,1
ebdb656e-c75d-4972-aec1-2ab204c2f573,TN-6440,TN,808049347754,Nature Valley Granola Bars,L-6480,2026-04-02,4
0a9766cc-df71-43fd-9934-301a9d090626,AL-4097,AL,875113329103,"Tyson Chicken Breast, Family Pack",337807,2026-05-24,1
92aaa8e1-19a8-428f-9819-44b493165751,OK-5595,OK,808049347754,Nature Valley Granola Bars,L-4532,2026-07-14,4
a92bc46d-592f-4435-bb90-5613395eed40,MO-6352,MO,653374520407,"Land O'Lakes Butter, 1lb",337807,2026-07-10,3
6b287870-ec2c-4221-b9c3-9bf311bb6e9a,CA-1575,CA,889391736613,Wonder Bread Classic White,L-4532,2026-05-01,2
4d6b32b4-ff53-4a71-a6db-4e75a557e165,NM-1890,NM,808049347754,Nature Valley Granola Bars,L-4532,2026-06-22,1
3ca0f00c-b04e-4004-a90a-c98841a29caf,AR-7530,AR,875113329103,"Tyson Chicken Breast, Family Pack",L-6480,2026-08-02,1
50502edb-9484-4c25-96b0-62a6c36d3f9f,NM-9459,NM,653374520407,"Land O'Lakes Butter, 1lb",250347,2026-06-23,3
d20f7eb3-b2c9-46de-b23b-b676638308af,MO-2487,MO,808049347754,Nature Valley Granola Bars,L-4532,2026-06-29,3
4b3f7b50-7d00-486c-baa6-899e299f482b,MS-5829,MS,701993641404,Blue Bell Vanilla Ice Cream,L-6480,2026-08-15,3
0a4baf34-77b5-4f56-8dd7-ee4616bc4426,TX-4286,TX,680261188425,"Great Value 2% Milk, Gallon",L-4532,2026-06-14,4
3333c8d9-c95c-4069-a009-6026e07987f8,MO-1682,MO,875113329103,"Tyson Chicken Breast, Family Pack",192729,2026-06-25,2
fc789550-07f7-4457-8df9-267e9acab281,TN-2048,TN,610163406023,Folgers Classic Roast Coffee,L-5740,2026-06-22,1
7f9040a0-f699-415c-9b50-ac3320c0be2e,MO-5896,MO,610163406023,Folgers Classic Roast Coffee,L-7111,2026-05-13,1
494fb97f-8fe3-43d2-9f34-2acc6c45544c,LA-2648,LA,610163406023,Folgers Classic Roast Coffee,250347,2026-08-14,1
783f3090-f703-40ec-9961-3a539547dfb3,AR-5074,AR,653374520407,"Land O'Lakes Butter, 1lb",337807,2026-07-07,4
6965eb47-cee9-4aac-8898-f6f569823a75,TX-6729,TX,889391736613,Wonder Bread Classic White,L-1324,2026-08-08,1
f5dbeda7-1f83-4354-b2d7-466bf4e2ae06,AR-2127,AR,610163406023,Folgers Classic Roast Coffee,406635,2026-07-18,1
bc4d34d4-b6f8-4929-b84e-8753bd3763f3,CA-7759,CA,653374520407,"Land O'Lakes Butter, 1lb",L-5740,2026-06-24,4
78b79ca8-f059-45d3-9356-6e265750e203,TX-9295,TX,808049347754,Nature Valley Granola Bars,406635,2026-04-02,2
eca2b68f-456b-4c6f-a833-a8de5961c565,TN-6150,TN,680261188425,"Great Value 2% Milk, Gallon",L-7111,2026-05-03,3
1515f5e5-4292-41c5-bd9b-68e0622b138e,OK-6811,OK,610163406023,Folgers Classic Roast Coffee,406635,2026-08-05,4
0a05b489-880e-4970-af3d-99e992f76e11,GA-9613,GA,610163406023,Folgers Classic Roast Coffee,192729,2026-05-31,4
b405351f-4df7-4210-8841-3a6f6eac0d3f,MS-8649,MS,382652812974,"Chobani Greek Yogurt, 32oz",406635,2026-07-28,4
adc55461-177e-464b-9d88-8afec12ba79c,AL-5081,AL,653374520407,"Land O'Lakes Butter, 1lb",L-7111,2026-04-11,1
1637820a-fbd5-405f-9832-0728ecf8eb07,AL-7743,AL,610163406023,Folgers Classic Roast Coffee,L-6480,2026-07-15,1
0dacce56-7868-448e-89f7-faf547fc9034,MS-6171,MS,701993641404,Blue Bell Vanilla Ice Cream,L-4532,2026-05-06,1
d2b7068d-068f-4415-90ca-7f8d866cfd09,CA-9450,CA,889391736613,Wonder Bread Classic White,406635,2026-06-26,1
753346d7-5f65-4568-bfd6-7edfc3713a9f,OK-4577,OK,701993641404,Blue Bell Vanilla Ice Cream,L-5740,2026-05-11,4
d8914644-4c0b-4de3-98fd-974ec4f1b8fc,LA-6884,LA,808049347754,Nature Valley Granola Bars,L-4260,2026-08-13,3
d92837bd-7afb-45b6-9f8f-85878f5cb51f,OK-1225,OK,382652812974,"Chobani Greek Yogurt, 32oz",406635,2026-06-18,3
4457dabb-94af-41d6-bbd8-3ae57299501b,OK-5102,OK,610163406023,Folgers Classic Roast Coffee,L-5740,2026-08-05,1
0eed0f68-df89-4053-aff7-48b0819dd918,MS-4146,MS,889391736613,Wonder Bread Classic White,L-5740,2026-08-06,1
0685b36f-329c-4809-a352-1b6a246f2ae7,TX-8284,TX,808049347754,Nature Valley Granola Bars,337807,2026-06-15,1
1a21756f-8a94-459f-aa2c-f151d46826b7,MS-6539,MS,875113329103,"Tyson Chicken Breast, Family Pack",L-5740,2026-05-05,1
8efcca19-0193-4459-9583-bf6eb0c57e27,AR-5972,AR,889391736613,Wonder Bread Classic White,L-4532,2026-06-24,1
2919f5cc-9424-44c0-8a19-6730e4fc43db,NM-3623,NM,889391736613,Wonder Bread Classic White,L-6480,2026-07-23,1
5885f551-4546-4b02-b7d6-833937319d3f,GA-1874,GA,680261188425,"Great Value 2% Milk, Gallon",250347,2026-06-09,3
37ae191a-45dd-49d8-a6ad-11471e2ffa9e,AR-1536,AR,146279721070,"Sunups Large Grade A Eggs, Dozen",0840962,2026-07-11,4
b9419f77-b492-4af7-a294-40f450780b15,AL-9483,AL,680261188425,"Great Value 2% Milk, Gallon",L-6480,2026-07-03,2
d7a8ff09-3431-48c4-a5d8-d73629834d5e,GA-2293,GA,808049347754,Nature Valley Granola Bars,337807,2026-05-21,2
62a855b8-c9e3-4cb3-8243-df8dc375d565,TX-4873,TX,382652812974,"Chobani Greek Yogurt, 32oz",192729,2026-06-12,1
002dcd8c-3b6a-4e6c-a8fc-259febc21d83,LA-3481,LA,889391736613,Wonder Bread Classic White,337807,2026-07-31,2
51723fbe-7e68-4325-a1cc-02e9ca458282,GA-9000,GA,889391736613,Wonder Bread Classic White,406635,2026-08-14,2
040a239a-a0aa-46d0-bb0b-739285bba2f2,NM-4790,NM,889391736613,Wonder Bread Classic White,250347,2026-07-10,1
61486e03-0fe5-4aa3-93f7-61e980073eb1,MO-1579,MO,610163406023,Folgers Classic Roast Coffee,L-4532,2026-07-05,1
fe0bcdba-b27e-4cd1-9b3d-10ec471df3ac,FL-7906,FL,610163406023,Folgers Classic Roast Coffee,L-4260,2026-05-13,2
568f06f2-281e-4c74-801a-9cbc008967af,TX-4065,TX,610163406023,Folgers Classic Roast Coffee,L-5740,2026-04-06,2
1778b376-7642-4417-b7cf-2b013f8422db,TN-3038,TN,610163406023,Folgers Classic Roast Coffee,L-1324,2026-06-11,3
f588c26d-0cd6-407b-8a70-e184571e07b7,AR-5143,AR,701993641404,Blue Bell Vanilla Ice Cream,L-7111,2026-04-29,4
dee8e1c8-53bc-4174-82e9-489c50075b92,GA-4481,GA,610163406023,Folgers Classic Roast Coffee,L-7111,2026-05-01,1
b37d2281-7ca8-42e7-af7f-4c58652a8017,AL-2502,AL,653374520407,"Land O'Lakes Butter, 1lb",250347,2026-04-27,2
99296ae7-6038-4987-a95d-2317e0530967,TN-4726,TN,610163406023,Folgers Classic Roast Coffee,L-7111,2026-05-02,3
239b2d2b-4956-4c46-9abf-653db4a0b7c9,LA-7037,LA,610163406023,Folgers Classic Roast Coffee,L-5740,2026-04-11,2
2a325fd5-38ef-40ed-a1f7-a94cbb00bf7a,AR-4347,AR,875113329103,"Tyson Chicken Breast, Family Pack",337807,2026-05-10,1
3a20cac4-7be5-4266-aa17-ce55c7135293,LA-7391,LA,059533434211,"Kroger Large Grade A Eggs, Dozen",0840962,2026-07-18,2
532f314f-a6fb-4e5a-8865-9de6cc962630,TN-4672,TN,382652812974,"Chobani Greek Yogurt, 32oz",L-4260,2026-05-20,1
bc18656e-10ef-49a9-8c44-7380c0b5e9da,AL-8210,AL,808049347754,Nature Valley Granola Bars,192729,2026-05-07,1
99af29cd-5ef3-4096-adda-95818d56ef36,OK-1128,OK,875113329103,"Tyson Chicken Breast, Family Pack",L-7111,2026-04-28,2
a0f612ae-46c6-4be7-b523-d3deae3ad1be,NM-1559,NM,680261188425,"Great Value 2% Milk, Gallon",L-4260,2026-06-29,4
6803637e-b722-4039-b52b-ec9187ec35e5,GA-5178,GA,610163406023,Folgers Classic Roast Coffee,L-1324,2026-08-03,2
adceb0a0-8ec3-421d-8be7-ff5932ae8495,NM-2430,NM,701993641404,Blue Bell Vanilla Ice Cream,L-6480,2026-08-09,1
d0d48205-8429-41bd-bca6-0382ee8b883d,OK-9013,OK,875113329103,"Tyson Chicken Breast, Family Pack",L-5740,2026-08-13,1
00daf32b-f336-41aa-8a8d-dc49446b1072,MO-8206,MO,875113329103,"Tyson Chicken Breast, Family Pack",406635,2026-07-14,1
96be394f-8416-4c39-ac4a-eae989ac68f2,TX-5313,TX,610163406023,Folgers Classic Roast Coffee,192729,2026-06-02,3
4b22a76c-ea3e-491e-991d-86066f2869b7,AL-5350,AL,680261188425,"Great Value 2% Milk, Gallon",192729,2026-08-12,2
4b5ee252-7d16-4ba5-98e1-6db2ff4cb745,MO-1818,MO,382652812974,"Chobani Greek Yogurt, 32oz",L-1324,2026-07-07,1
cb1ff731-62fd-42f4-a617-1a256c048227,FL-4651,FL,875113329103,"Tyson Chicken Breast, Family Pack",192729,2026-04-06,1
891859ee-2538-4813-8347-7e3f7e7c40c2,LA-9639,LA,680261188425,"Great Value 2% Milk, Gallon",L-6480,2026-06-15,3
293c87ec-2160-4fc9-84f0-e0a4f80a7ccf,MO-2447,MO,653374520407,"Land O'Lakes Butter, 1lb",337807,2026-07-23,1
0730199b-d255-4b06-9941-6a64023ca410,AL-5373,AL,680261188425,"Great Value 2% Milk, Gallon",L-5740,2026-05-23,3
e74ea126-b207-4767-bcd7-f038b3c918c7,CA-2295,CA,701993641404,Blue Bell Vanilla Ice Cream,L-4260,2026-07-12,3
a0ec024d-398c-4be1-a268-378f447f8441,OK-2976,OK,859982493629,"Country Morning Large Grade A Eggs, Dozen",P-1950,2026-06-26,1
d7a66dab-283a-4a33-a22b-772de385b683,TN-3971,TN,875113329103,"Tyson Chicken Breast, Family Pack",192729,2026-04-11,3
807f0575-02dc-47b1-8935-1cdce6ade712,CA-9171,CA,889391736613,Wonder Bread Classic White,337807,2026-05-14,3
bdf61604-b709-47ef-a785-d3de64679532,TN-1726,TN,653374520407,"Land O'Lakes Butter, 1lb",L-6480,2026-06-19,3
e345c604-586f-4e91-b931-69f5f92f2c7e,MO-1315,MO,875113329103,"Tyson Chicken Breast, Family Pack",L-5740,2026-08-10,4
0c7dc39e-f16d-4007-a829-122cf2d31094,NM-3395,NM,653374520407,"Land O'Lakes Butter, 1lb",406635,2026-08-01,2
d702eaf1-fbe1-4a46-91f1-085511a7a867,NM-5034,NM,653374520407,"Land O'Lakes Butter, 1lb",192729,2026-05-04,1
47f00da0-fc27-47e5-881d-4a24d566efbe,OK-2666,OK,382652812974,"Chobani Greek Yogurt, 32oz",337807,2026-04-14,4
6aafc342-997f-4db5-8207-91e9ea7306e4,AR-7375,AR,610163406023,Folgers Classic Roast Coffee,250347,2026-06-02,1
6e7a6f93-f622-4c4b-aed8-b0eb2265e769,LA-8255,LA,610163406023,Folgers Classic Roast Coffee,192729,2026-05-05,2
76921a32-503d-4163-8aa4-4cc942b405fc,AL-8163,AL,808049347754,Nature Valley Granola Bars,337807,2026-06-13,3
827cf940-0d6c-4193-a20a-5d1e710d2b53,LA-3657,LA,859982493629,"Country Morning Large Grade A Eggs, Dozen",P-1950,2026-07-20,1
70012e7c-e626-4635-9c4d-01eec4b8cb82,TN-8143,TN,653374520407,"Land O'Lakes Butter, 1lb",406635,2026-04-10,2
eb543f5a-d369-462a-8e29-adb5aff111f4,FL-6474,FL,701993641404,Blue Bell Vanilla Ice Cream,337807,2026-04-10,4
084de6d6-80fe-4f61-b7e9-357b83e2dfb9,LA-5681,LA,875113329103,"Tyson Chicken Breast, Family Pack",L-4260,2026-07-27,3
ade2d7d5-1e83-4db1-8b53-0f946ce1cc1c,GA-6001,GA,701993641404,Blue Bell Vanilla Ice Cream,337807,2026-04-13,1
a0906249-54dd-4e7a-9700-a9fded31d77f,MO-2821,MO,701993641404,Blue Bell Vanilla Ice Cream,L-7111,2026-07-03,1
278d468c-6155-4335-8763-8fd08dc8e509,TX-3731,TX,889391736613,Wonder Bread Classic White,L-1324,2026-07-22,2
e18233e6-d100-401b-b93b-bd5be52d5ace,LA-7793,LA,875113329103,"Tyson Chicken Breast, Family Pack",250347,2026-04-10,3
43add2dd-29a4-402c-a008-05dad916d00d,TX-8990,TX,382652812974,"Chobani Greek Yogurt, 32oz",L-1324,2026-05-24,4
cae8af79-1474-4634-8a1c-91f93267e1e5,CA-8947,CA,701993641404,Blue Bell Vanilla Ice Cream,192729,2026-07-19,3
36e5c869-7a32-40ac-b4ba-387a7286c368,OK-5294,OK,875113329103,"Tyson Chicken Breast, Family Pack",L-6480,2026-05-08,1
7e8f6052-6ea4-4d72-addf-872f8f1feac9,AR-2450,AR,701993641404,Blue Bell Vanilla Ice Cream,L-7111,2026-05-31,2
daaff1a2-81eb-44e6-aef8-9f2220b18372,LA-2174,LA,610163406023,Folgers Classic Roast Coffee,L-5740,2026-07-20,3
4f08583a-4f3c-4f7f-93c1-81e651932d29,NM-5646,NM,680261188425,"Great Value 2% Milk, Gallon",L-4260,2026-07-31,4
fb44dfe7-44ed-46a2-a5c5-2e1df6b7360b,CA-4971,CA,653374520407,"Land O'Lakes Butter, 1lb",406635,2026-05-25,4
e6fcb419-c278-44b3-a4d7-2eebbab4e256,TN-9636,TN,808049347754,Nature Valley Granola Bars,L-4532,2026-04-26,2
4da61d83-0ce2-4ddd-bee8-b8107d9630d5,GA-3965,GA,701993641404,Blue Bell Vanilla Ice Cream,L-1324,2026-08-13,1
fbc453f5-f149-4ae5-8c70-6cbce35f8154,CA-3967,CA,653374520407,"Land O'Lakes Butter, 1lb",250347,2026-04-17,3
ce4f127e-653e-4e4e-907f-57c078431416,OK-4847,OK,875113329103,"Tyson Chicken Breast, Family Pack",L-4532,2026-07-31,1
e136f8ba-05b9-4078-8adb-34551e0b5d4f,NM-6263,NM,382652812974,"Chobani Greek Yogurt, 32oz",406635,2026-07-10,1
cd92f752-c181-4864-85a3-6c62a3ef5fa9,MS-8749,MS,701993641404,Blue Bell Vanilla Ice Cream,L-7111,2026-07-22,2
15f0166f-7704-4c6d-90a3-c698e4cf8b17,GA-4951,GA,610163406023,Folgers Classic Roast Coffee,192729,2026-04-11,4
4f093167-e8bb-46b8-a4d4-9d2aaa6c56d5,CA-7369,CA,701993641404,Blue Bell Vanilla Ice Cream,L-6480,2026-07-16,3
ffb8d01e-db43-4bce-88ab-533829bbad21,TX-3160,TX,610163406023,Folgers Classic Roast Coffee,L-7111,2026-04-28,1
84943b7b-2d32-4076-bae3-87b7cd45dca7,TX-8437,TX,610163406023,Folgers Classic Roast Coffee,250347,2026-04-29,2
9e4178c4-30a1-45de-a296-b28ce0e9d86c,OK-6304,OK,808049347754,Nature Valley Granola Bars,L-6480,2026-05-16,1
309a6b90-56a9-4bee-87d0-c89e000efaeb,TX-6668,TX,680261188425,"Great Value 2% Milk, Gallon",L-4532,2026-06-16,4
22865474-3490-457c-a756-987d86e88849,GA-3145,GA,382652812974,"Chobani Greek Yogurt, 32oz",L-4260,2026-04-12,1
eb755eee-8c13-4770-92f6-a89983ef78bc,AL-5448,AL,610163406023,Folgers Classic Roast Coffee,250347,2026-07-09,1
3ac520d9-d30c-4f4c-8ecb-a752c53f59cc,GA-7499,GA,610163406023,Folgers Classic Roast Coffee,250347,2026-05-18,3
f682343f-3ac6-4960-89dd-3b94d4429867,NM-6952,NM,808049347754,Nature Valley Granola Bars,L-5740,2026-07-24,4
4e522588-c73b-487e-9546-ac341fe38749,GA-4602,GA,680261188425,"Great Value 2% Milk, Gallon",L-4260,2026-04-21,2
0494ac7c-4143-4047-8c99-447b86eeebff,LA-8671,LA,382652812974,"Chobani Greek Yogurt, 32oz",L-7111,2026-05-24,1
406f60db-fd86-4176-935a-547c0a23a2c5,LA-9848,LA,808049347754,Nature Valley Granola Bars,L-5740,2026-07-01,3
c0e73cd8-16a8-4367-a85a-b4fda0247083,LA-1316,LA,875113329103,"Tyson Chicken Breast, Family Pack",250347,2026-08-11,4
c13a9315-e338-438b-bf52-ef9e77ee36d2,NM-4014,NM,680261188425,"Great Value 2% Milk, Gallon",L-6480,2026-05-30,1
fb5a7e33-5272-4946-a7e8-7096748c3ecc,LA-8394,LA,701993641404,Blue Bell Vanilla Ice Cream,406635,2026-04-03,3
4b12836c-dcb4-4cf3-afa7-00cb9e4356db,MO-3424,MO,382652812974,"Chobani Greek Yogurt, 32oz",L-1324,2026-07-05,3
b35fe393-c7cf-4f14-8e95-7f02d026b96e,FL-8064,FL,653374520407,"Land O'Lakes Butter, 1lb",406635,2026-04-11,2
bc6a59bf-028a-40e5-ab6a-92d9434116fe,CA-5854,CA,653374520407,"Land O'Lakes Butter, 1lb",337807,2026-08-05,3
38a0d8d3-5ee1-447e-bcb1-4ca1e5880b7d,TN-1237,TN,701993641404,Blue Bell Vanilla Ice Cream,406635,2026-06-10,2
f519f6db-bb68-4365-9e67-56ac0cd0aa78,NM-5400,NM,889391736613,Wonder Bread Classic White,L-7111,2026-06-05,3
9733bdea-3cd4-4274-9ca1-795597dc3d20,LA-5146,LA,382652812974,"Chobani Greek Yogurt, 32oz",L-1324,2026-04-22,1
84c0e221-e04c-4b33-b728-106348d9c7a8,MO-7013,MO,701993641404,Blue Bell Vanilla Ice Cream,L-4532,2026-05-10,1
d9d02808-7d0e-4f9e-97d0-1d36de7381be,LA-3614,LA,808049347754,Nature Valley Granola Bars,L-4260,2026-04-20,1
22712b87-3538-41a4-9f65-e0b0e5897e8c,TX-7500,TX,889391736613,Wonder Bread Classic White,L-5740,2026-04-22,4
4046a443-1b7c-404f-a9c6-d897549ccac1,FL-9294,FL,382652812974,"Chobani Greek Yogurt, 32oz",L-1324,2026-05-21,1
c6c0ac36-0890-4309-a512-54c3c5cb718c,LA-4291,LA,653374520407,"Land O'Lakes Butter, 1lb",L-7111,2026-04-03,2
f7a2d0ef-0212-4f92-883d-0f6cc0860eec,AR-8534,AR,701993641404,Blue Bell Vanilla Ice Cream,L-5740,2026-08-01,2
51a64e45-f45a-4eed-aac7-e09f1f16055e,LA-4509,LA,382652812974,"Chobani Greek Yogurt, 32oz",406635,2026-06-12,2
f98fb481-dbce-4e18-8a0d-f445a6c103dd,OK-8050,OK,875113329103,"Tyson Chicken Breast, Family Pack",L-4532,2026-05-16,4
13d94df4-7db5-4f9a-b192-148417f51d90,TN-3328,TN,382652812974,"Chobani Greek Yogurt, 32oz",L-4260,2026-07-07,2
4508897f-8a08-47aa-b975-e423e71f1759,MO-1368,MO,701993641404,Blue Bell Vanilla Ice Cream,337807,2026-06-29,1
80bde971-72f8-46ac-95f2-f345ef74ac55,TX-2891,TX,701993641404,Blue Bell Vanilla Ice Cream,L-7111,2026-04-08,1
9c66520d-c131-4cfe-ad69-452a04988d7e,MS-7431,MS,701993641404,Blue Bell Vanilla Ice Cream,L-4532,2026-05-31,2
0fd3cd7e-6ceb-4827-91d4-52e235882b8b,AL-7960,AL,610163406023,Folgers Classic Roast Coffee,L-1324,2026-07-21,4
4937b875-31b1-45db-8f3a-64a7af58f5dd,FL-4705,FL,808049347754,Nature Valley Granola Bars,L-7111,2026-07-19,4
01556bbd-0c26-48ae-8759-c87fee0e2983,AR-5006,AR,701993641404,Blue Bell Vanilla Ice Cream,L-4260,2026-04-05,1
5a328ecc-089b-4bcf-a245-571cf0727f52,TN-3578,TN,680261188425,"Great Value 2% Milk, Gallon",L-6480,2026-04-18,4
30cdd682-1d75-4520-9f32-f1400a251100,MS-1587,MS,059533434211,"Kroger Large Grade A Eggs, Dozen",0840962,2026-07-20,1
72200fa4-c8c4-448e-be71-c84123463034,NM-4373,NM,889391736613,Wonder Bread Classic White,L-1324,2026-07-18,3
ab54505e-4964-4b85-b78c-316bab6c44c7,GA-5088,GA,808049347754,Nature Valley Granola Bars,L-4532,2026-08-01,3
5408d533-7187-430b-bd90-a7c106cfc6d0,NM-2403,NM,653374520407,"Land O'Lakes Butter, 1lb",192729,2026-08-03,4
6aec198d-4409-4dbc-b7b3-d7d9f4699f44,OK-4012,OK,875113329103,"Tyson Chicken Breast, Family Pack",L-7111,2026-04-22,3
3c8e5290-d9c2-4a58-ac63-8a364d6fd816,TN-5427,TN,875113329103,"Tyson Chicken Breast, Family Pack",406635,2026-05-03,3
01fc1496-ede4-4acd-9f04-f6d200edf80f,GA-6125,GA,875113329103,"Tyson Chicken Breast, Family Pack",406635,2026-04-13,3
b31343bd-fb96-4dd0-a079-fd2c4be99fea,GA-1295,GA,680261188425,"Great Value 2% Milk, Gallon",L-4260,2026-07-06,3
1119c800-eb0d-4c07-a56f-fc990d1661e1,FL-4079,FL,680261188425,"Great Value 2% Milk, Gallon",L-6480,2026-06-29,1
bb08e6ba-734d-40cc-9ca6-282ad6be41b8,AL-4794,AL,680261188425,"Great Value 2% Milk, Gallon",L-1324,2026-05-19,3
f711a43b-4c31-4df2-91d9-d7d6fa040ede,GA-8309,GA,610163406023,Folgers Classic Roast Coffee,L-7111,2026-04-17,3
8f4bc567-8383-4cd2-940d-4a660fc311d0,AR-9770,AR,382652812974,"Chobani Greek Yogurt, 32oz",337807,2026-08-07,2
2feb801f-72d6-41cb-9a49-a77ef304b13b,TN-9338,TN,875113329103,"Tyson Chicken Breast, Family Pack",250347,2026-08-09,2
31b410de-ca35-40bf-803c-b52a56743b74,MO-7882,MO,653374520407,"Land O'Lakes Butter, 1lb",192729,2026-07-20,1
68638978-3330-4de2-a86d-1deb12be63fc,LA-9540,LA,610163406023,Folgers Classic Roast Coffee,L-7111,2026-05-22,2
118fb25b-8911-4f20-8ad2-204320db0cf9,MS-2792,MS,610163406023,Folgers Classic Roast Coffee,L-7111,2026-08-06,1
f07cada6-9d16-4a02-9358-bf1724e91832,NM-8312,NM,889391736613,Wonder Bread Classic White,250347,2026-08-12,3
18c30ac6-f522-49e1-9781-243a3a31399a,OK-8094,OK,653374520407,"Land O'Lakes Butter, 1lb",L-7111,2026-04-08,1
a091a17a-0428-45c4-bded-5bae204f20d5,LA-9234,LA,680261188425,"Great Value 2% Milk, Gallon",L-6480,2026-07-25,2
04c3c52f-b6ba-4a6b-9e80-52d9287db869,AR-6420,AR,653374520407,"Land O'Lakes Butter, 1lb",L-1324,2026-08-03,1
93777fce-9ce7-4d19-8245-0971840d301d,AR-9237,AR,610163406023,Folgers Classic Roast Coffee,406635,2026-05-27,3
54341ee9-408c-46da-85ed-c90675f72995,OK-8736,OK,610163406023,Folgers Classic Roast Coffee,L-1324,2026-07-19,1
48c0954b-de8c-4c7f-88ce-51fe1fa7e236,CA-6660,CA,808049347754,Nature Valley Granola Bars,L-4260,2026-06-21,1
e82190f8-60f6-4724-abe2-9c65b67974d7,AL-4705,AL,680261188425,"Great Value 2% Milk, Gallon",L-4532,2026-08-01,3
96bd227b-5766-41e2-9f41-f1fed321e04c,FL-8190,FL,382652812974,"Chobani Greek Yogurt, 32oz",250347,2026-04-02,2
711f7fcc-fab5-44ca-8fc2-8e001b5ab7f1,TX-7988,TX,382652812974,"Chobani Greek Yogurt, 32oz",L-6480,2026-06-22,4
25c0df1d-c071-4bcd-8eec-ff43fc97e54d,GA-1848,GA,382652812974,"Chobani Greek Yogurt, 32oz",L-4260,2026-07-05,3
50a351e0-d46e-4e5c-b556-a767368b9319,TX-9564,TX,057642652279,"Brookshire's Large Grade A Eggs, Dozen",0840962,2026-06-19,2
b314d6f6-f098-4184-9a7a-7c9e827c952d,MS-9566,MS,680261188425,"Great Value 2% Milk, Gallon",L-6480,2026-05-07,4
65774859-d15f-4b5e-81fb-8552f2ecd4db,TX-3193,TX,241490613039,"Simple Truth Large Grade A Eggs, Dozen",0840962,2026-06-28,2
c916297e-74d6-46f7-a953-8d2405f8cd34,FL-3194,FL,680261188425,"Great Value 2% Milk, Gallon",L-4532,2026-06-15,1
a8c4ebb4-4f4c-4762-af64-f76dae29fb43,MS-2122,MS,610163406023,Folgers Classic Roast Coffee,L-1324,2026-06-12,1
ea8c361a-a609-40dc-b897-384079c03b54,TX-8431,TX,382652812974,"Chobani Greek Yogurt, 32oz",337807,2026-05-07,2
fb341980-9fdb-4f7b-8ab4-5a017671c248,GA-9191,GA,875113329103,"Tyson Chicken Breast, Family Pack",L-4532,2026-08-01,2
062699ad-ff85-48a5-b6fe-d1b3661ae98f,AR-6170,AR,610163406023,Folgers Classic Roast Coffee,L-7111,2026-07-04,1
46711edd-eae1-4652-9804-312fd777498c,FL-3599,FL,701993641404,Blue Bell Vanilla Ice Cream,L-6480,2026-06-30,4
652411f8-69f4-45d1-9613-9cf493b89827,MO-3837,MO,875113329103,"Tyson Chicken Breast, Family Pack",L-1324,2026-06-10,2
4fca7bd1-ae7d-4f33-b592-e1bb36720556,CA-2157,CA,889391736613,Wonder Bread Classic White,406635,2026-07-15,3
c7e93e25-cb69-4f4a-8853-c3ee9d25334a,OK-6662,OK,680261188425,"Great Value 2% Milk, Gallon",L-1324,2026-07-07,2
a0228cf7-a201-4b1e-92ca-abe427c787ec,LA-9031,LA,808049347754,Nature Valley Granola Bars,337807,2026-08-05,3
09230746-b51e-4600-b2bd-752fec7925d5,CA-7741,CA,875113329103,"Tyson Chicken Breast, Family Pack",L-6480,2026-04-15,2
6e16f4f6-f605-4a33-8563-9dae0aa01926,MS-9471,MS,889391736613,Wonder Bread Classic White,L-6480,2026-06-14,2
c60f3d34-74b0-4538-a728-8e796a53147d,AR-5623,AR,889391736613,Wonder Bread Classic White,406635,2026-06-23,4
863361dd-caa1-44db-9146-9cb33e136c60,AR-1980,AR,808049347754,Nature Valley Granola Bars,406635,2026-05-07,3
0f201710-7ec7-4e2f-bc39-8461efff3fe7,CA-3908,CA,653374520407,"Land O'Lakes Butter, 1lb",L-4532,2026-04-22,3
a18170d0-75b0-4717-97ac-19ae0f92d60f,AR-9146,AR,889391736613,Wonder Bread Classic White,L-1324,2026-07-09,2
41d3b285-c3fb-41fa-b136-1286e532edfd,MS-6279,MS,680261188425,"Great Value 2% Milk, Gallon",L-7111,2026-05-02,3
a86064f1-1a47-4768-9067-1a19368ba246,OK-5777,OK,653374520407,"Land O'Lakes Butter, 1lb",L-6480,2026-05-13,2
22a3e597-6095-4cdd-b2a6-b8f8a1bc6ce3,MS-8398,MS,701993641404,Blue Bell Vanilla Ice Cream,L-1324,2026-05-29,1
da46500b-c7ba-414d-9e05-efea9034a829,GA-7892,GA,680261188425,"Great Value 2% Milk, Gallon",L-6480,2026-07-08,1
1240afdd-6c80-43df-8d1b-44957d065da3,MO-4711,MO,382652812974,"Chobani Greek Yogurt, 32oz",L-1324,2026-07-06,1
7f483afe-4262-4ae5-8524-e793e965f8a9,TN-8953,TN,382652812974,"Chobani Greek Yogurt, 32oz",L-6480,2026-08-09,3
41460fab-cffe-4643-8dec-2bd30c6a2ab2,MO-9268,MO,653374520407,"Land O'Lakes Butter, 1lb",L-4260,2026-04-16,2
8106952c-c918-4ed7-b646-55f16cb3b545,NM-4057,NM,382652812974,"Chobani Greek Yogurt, 32oz",250347,2026-05-05,4
0d9b5a10-8f52-4725-b44e-7a0ae26e214d,GA-7887,GA,610163406023,Folgers Classic Roast Coffee,250347,2026-05-09,1
424a2ba9-57c7-48fc-9b44-866b6b6b6b34,FL-4998,FL,653374520407,"Land O'Lakes Butter, 1lb",406635,2026-06-04,4
1369f61f-f04e-44f0-b5f6-bf9fab0c3407,TX-7501,TX,701993641404,Blue Bell Vanilla Ice Cream,406635,2026-07-29,4
8faab890-f56e-4aff-8617-e4f5f43ff0fb,LA-7045,LA,610163406023,Folgers Classic Roast Coffee,L-4532,2026-06-07,4
9a5b80ba-6763-4e08-8a90-7dcdc4687952,CA-6990,CA,653374520407,"Land O'Lakes Butter, 1lb",L-6480,2026-06-07,2
375d5190-fb7d-4191-b3ae-0b9048f1ccfa,LA-1502,LA,875113329103,"Tyson Chicken Breast, Family Pack",L-4260,2026-07-05,3
6ad2876f-00ad-4f50-b040-8ba903f7ec69,MS-4279,MS,808049347754,Nature Valley Granola Bars,L-1324,2026-07-23,4
928ffb1a-23da-4adc-b934-0cee042ef148,CA-8338,CA,382652812974,"Chobani Greek Yogurt, 32oz",L-4260,2026-04-22,3
7b0b29c4-b74a-425c-9129-e1865baae3e4,TN-9610,TN,382652812974,"Chobani Greek Yogurt, 32oz",L-4532,2026-06-17,3
5c79769c-f456-4b37-ae7f-7b9346f04f4f,FL-4296,FL,610163406023,Folgers Classic Roast Coffee,L-5740,2026-06-01,4
b914102e-8933-4e58-b9a9-a47581b0387b,MO-9922,MO,653374520407,"Land O'Lakes Butter, 1lb",L-6480,2026-05-07,2
55c2fc57-6b52-4382-9252-4ed12497006f,CA-3956,CA,875113329103,"Tyson Chicken Breast, Family Pack",192729,2026-05-06,3
2bc9b1ff-8ae5-49d6-b8f1-df7c77bc30e1,MS-3959,MS,680261188425,"Great Value 2% Milk, Gallon",192729,2026-08-05,4
bd8594fe-12f6-443c-b4bb-5acbda1006a5,TX-9350,TX,889391736613,Wonder Bread Classic White,L-5740,2026-05-30,3
fbc5b516-ba6b-4de5-9d9d-6c50fd16191e,LA-5805,LA,875113329103,"Tyson Chicken Breast, Family Pack",L-5740,2026-05-19,3
956ac19b-0427-4c85-b081-af912d4916dc,MO-6544,MO,610163406023,Folgers Classic Roast Coffee,337807,2026-05-02,1
4bddced7-b007-48ce-b526-fffcf0aaedf8,MS-6032,MS,610163406023,Folgers Classic Roast Coffee,L-4260,2026-04-05,4
b55057db-8260-4318-91ce-8114f51cf9ec,GA-8691,GA,610163406023,Folgers Classic Roast Coffee,337807,2026-08-06,3
70ebc5cf-c69e-403b-a11e-b2a2b452fb64,LA-9525,LA,653374520407,"Land O'Lakes Butter, 1lb",192729,2026-04-16,1
c974ec74-3264-4c9a-9160-f04e97534575,MO-9062,MO,808049347754,Nature Valley Granola Bars,337807,2026-07-21,4
82828e83-bd71-42f7-b25b-05521b288b08,AL-5484,AL,875113329103,"Tyson Chicken Breast, Family Pack",337807,2026-05-24,3
e5b363fa-e09f-4789-aded-29f79d9a918e,NM-8350,NM,889391736613,Wonder Bread Classic White,L-7111,2026-07-03,3
fdf157a5-3598-4c85-b9cf-7f3e532d2af8,CA-1800,CA,680261188425,"Great Value 2% Milk, Gallon",250347,2026-05-24,4
e6d0acf4-a7f1-4e54-98a9-e6da390b5d3b,TN-8742,TN,808049347754,Nature Valley Granola Bars,192729,2026-07-13,1
0c129cc1-5a61-4ca4-b0af-44144294590f,GA-5692,GA,680261188425,"Great Value 2% Milk, Gallon",L-5740,2026-05-12,3
33b0bbef-a5e0-444c-b725-bdc790926498,OK-5389,OK,889391736613,Wonder Bread Classic White,L-7111,2026-04-02,4
e7f15d9e-1879-4832-a2a0-de8bd8ceee8c,MO-7214,MO,808049347754,Nature Valley Granola Bars,L-4532,2026-05-31,2
37619147-309d-4f3c-847e-a82457db38cb,CA-7636,CA,808049347754,Nature Valley Granola Bars,L-5740,2026-07-31,4
83824496-4b44-400e-ab6e-16c48924700b,NM-8367,NM,680261188425,"Great Value 2% Milk, Gallon",L-7111,2026-06-04,2
bf58eb80-da28-4390-87ac-bd25969a5795,NM-7261,NM,808049347754,Nature Valley Granola Bars,192729,2026-06-02,1
5d1138f4-0ed0-4387-890e-fd5bc48acef2,GA-8897,GA,875113329103,"Tyson Chicken Breast, Family Pack",250347,2026-07-26,2
fc26b7e5-ef87-41e4-b14d-cd0493afcb5e,GA-8389,GA,610163406023,Folgers Classic Roast Coffee,L-1324,2026-05-19,4
1f84231c-f37c-4af1-b1a8-4ecc6378156e,OK-1257,OK,382652812974,"Chobani Greek Yogurt, 32oz",L-1324,2026-08-07,4
4d089979-8517-41ee-86d1-89e14606d4fc,MS-9781,MS,653374520407,"Land O'Lakes Butter, 1lb",L-1324,2026-05-18,1
02239083-1318-4305-8d64-521852f1511b,GA-7984,GA,653374520407,"Land O'Lakes Butter, 1lb",L-4532,2026-05-15,3
49e08f77-80b8-453e-bc56-cd86961e41ab,LA-8501,LA,680261188425,"Great Value 2% Milk, Gallon",L-4260,2026-07-12,3
f96658b7-8089-4a4d-8f84-b98da9c0b9a0,AL-3620,AL,808049347754,Nature Valley Granola Bars,192729,2026-06-06,4
92ad39fb-bf1d-499f-8262-2ae7d0ae0466,AR-1961,AR,701993641404,Blue Bell Vanilla Ice Cream,406635,2026-05-12,1
cd349d66-a2ca-4b73-9508-c485bd5ff701,FL-4066,FL,680261188425,"Great Value 2% Milk, Gallon",L-4260,2026-06-23,1
6cdc2391-e623-4513-9bea-9712c049a544,OK-2884,OK,382652812974,"Chobani Greek Yogurt, 32oz",L-1324,2026-04-14,1
26f04b1f-0da7-465e-9649-f563c1f49e22,TX-3693,TX,875113329103,"Tyson Chicken Breast, Family Pack",L-5740,2026-04-13,2
71d571e5-389f-4593-a321-ee81ecea12a4,MO-5037,MO,875113329103,"Tyson Chicken Breast, Family Pack",L-6480,2026-05-26,2
a182c8c2-ddc7-48ed-ad45-1379d9beaefb,AL-7807,AL,889391736613,Wonder Bread Classic White,L-7111,2026-07-21,4
ed90a9f9-21b0-4187-bbdb-737b825f6aab,NM-8120,NM,889391736613,Wonder Bread Classic White,250347,2026-07-07,2
055d3a27-0b1e-4a7e-91f0-5e99a4f9a263,GA-5279,GA,808049347754,Nature Valley Granola Bars,L-4532,2026-05-02,1
efa5ed41-426c-4a4d-aeb3-75c70d5f112e,LA-2087,LA,680261188425,"Great Value 2% Milk, Gallon",L-4532,2026-07-15,4
6bb1b8fd-e5b6-4467-8846-2cba98b0a50c,OK-5978,OK,610163406023,Folgers Classic Roast Coffee,L-5740,2026-06-11,4
eaa4e2e7-eeb5-4636-842d-891828ce487e,NM-1805,NM,808049347754,Nature Valley Granola Bars,L-6480,2026-05-15,3
2fc0dfec-e59b-48b4-b837-b4282187aad0,TX-9826,TX,653374520407,"Land O'Lakes Butter, 1lb",L-4260,2026-07-10,2
684b546f-ba9f-46d4-bdfb-a16d8e2a6143,CA-9349,CA,875113329103,"Tyson Chicken Breast, Family Pack",L-6480,2026-04-30,3
f0e2a9b0-d72d-466a-90f5-2754e65fa350,NM-2644,NM,680261188425,"Great Value 2% Milk, Gallon",192729,2026-07-30,1
7ffc47dc-6025-4d1e-80f4-0882286d7114,AR-9962,AR,889391736613,Wonder Bread Classic White,L-7111,2026-04-09,3
31e77e4f-b256-4fa9-9eaa-12479641fb01,OK-9251,OK,610163406023,Folgers Classic Roast Coffee,192729,2026-04-25,2
8e016472-9cb3-4d36-a12b-bd52982e08b8,TN-5537,TN,889391736613,Wonder Bread Classic White,L-4260,2026-06-09,4
a7b25dba-95fa-47ab-bb76-5176f6cbb7f2,TN-3858,TN,889391736613,Wonder Bread Classic White,L-4532,2026-04-22,2
d03ce980-db9f-41ac-8062-b24f073eb57d,TX-8430,TX,653374520407,"Land O'Lakes Butter, 1lb",L-1324,2026-05-11,4
c680d12e-7f9c-4cb4-af70-c9efc5300089,TX-4490,TX,808049347754,Nature Valley Granola Bars,L-6480,2026-04-07,4
fb59c3f2-60be-4f24-b6d2-3bf4d823f15d,OK-1909,OK,889391736613,Wonder Bread Classic White,L-6480,2026-06-11,4
ae8d3856-0402-4153-bdd1-72133c57a661,AL-2905,AL,701993641404,Blue Bell Vanilla Ice Cream,L-4260,2026-05-31,3
56730dd3-a234-425a-866c-f07e6614121a,AR-1797,AR,653374520407,"Land O'Lakes Butter, 1lb",337807,2026-04-12,4
f78dcd4e-cb6f-42de-8762-ec1a9cd7abe7,TN-9578,TN,889391736613,Wonder Bread Classic White,L-7111,2026-05-01,1
bb3fa273-23ce-4846-8c1f-7532c8dbf19a,LA-2270,LA,146279721070,"Sunups Large Grade A Eggs, Dozen",0840962,2026-07-25,2
765fa7b6-57d9-4a15-b8c7-8d8253016bde,AR-5484,AR,701993641404,Blue Bell Vanilla Ice Cream,250347,2026-06-05,1
62b85c89-0f99-41d7-aa81-708b4c43656a,GA-1198,GA,808049347754,Nature Valley Granola Bars,406635,2026-04-17,1
d50d68b6-16ba-4786-b444-0f64c34841b8,LA-4695,LA,653374520407,"Land O'Lakes Butter, 1lb",250347,2026-06-12,3
0d4c98d7-1b19-419c-a995-94286806e17d,TX-7984,TX,610163406023,Folgers Classic Roast Coffee,192729,2026-07-30,3
93b76245-a4f4-4f34-9846-684443b34bbd,NM-3754,NM,382652812974,"Chobani Greek Yogurt, 32oz",406635,2026-07-09,1
e55c922f-069e-48de-8dbf-96b668b79fb9,MO-1573,MO,701993641404,Blue Bell Vanilla Ice Cream,L-6480,2026-05-12,1
53e55db0-3e59-4f25-bf27-16388517952a,AR-6344,AR,701993641404,Blue Bell Vanilla Ice Cream,337807,2026-06-19,3
2d7b9103-2d62-474d-ae00-91706d1b2415,NM-2728,NM,382652812974,"Chobani Greek Yogurt, 32oz",L-6480,2026-07-04,1
1c642515-872b-4f08-ab92-e6f161381fb4,TX-4220,TX,241490613039,"Simple Truth Large Grade A Eggs, Dozen",0840962,2026-06-25,2
215889f2-8e61-4973-836a-5dfa2826c662,AR-7064,AR,808049347754,Nature Valley Granola Bars,L-5740,2026-07-27,1
19bc7034-48fa-4b84-87c8-65a7b375f724,LA-4514,LA,382652812974,"Chobani Greek Yogurt, 32oz",L-6480,2026-07-15,3
519d5043-7dca-41f8-a24d-c4d40f06ddfd,AR-2721,AR,889391736613,Wonder Bread Classic White,337807,2026-06-27,1
59e97739-af12-4bda-b10a-f66879ef3aa8,CA-8845,CA,610163406023,Folgers Classic Roast Coffee,L-4260,2026-05-06,4
30fa292e-7c16-4dbf-8486-cb268b81d047,LA-6983,LA,859982493629,"Country Morning Large Grade A Eggs, Dozen",P-1950,2026-07-03,3
3d6e531b-9ebe-46b5-92c4-b708a6b4847d,MO-6631,MO,875113329103,"Tyson Chicken Breast, Family Pack",L-7111,2026-04-30,4
94f01e36-f3e8-4a56-a5ef-f39354237925,TN-6642,TN,701993641404,Blue Bell Vanilla Ice Cream,L-4532,2026-06-25,2
1a5c6720-5a10-4e3e-a288-a847b8fa03cd,FL-2879,FL,680261188425,"Great Value 2% Milk, Gallon",L-4260,2026-07-13,3
1baed131-8679-4943-ad9b-c14ba19fbbdd,MS-9419,MS,808049347754,Nature Valley Granola Bars,L-1324,2026-05-18,2
4b2ce2a1-89ec-4495-a868-e83be23802c6,OK-4594,OK,701993641404,Blue Bell Vanilla Ice Cream,L-5740,2026-06-02,4
f4b9a273-79f8-415a-b022-ed6f180281a9,GA-2065,GA,680261188425,"Great Value 2% Milk, Gallon",192729,2026-05-21,3
fdf70079-65c0-426c-85fa-b2049d10df47,TX-4049,TX,889391736613,Wonder Bread Classic White,L-1324,2026-04-15,4
43feb454-7be7-4d6f-8c4c-bf6d66997637,AL-2188,AL,808049347754,Nature Valley Granola Bars,337807,2026-05-20,4
1d00b457-b389-4018-b229-407db1381c4d,AR-7759,AR,808049347754,Nature Valley Granola Bars,L-4260,2026-08-02,3
bac1f4c3-9033-4123-aa23-d30ab59407a6,OK-8553,OK,889391736613,Wonder Bread Classic White,250347,2026-07-19,3
51a132aa-3989-4407-ac92-e6b193c6a155,LA-1446,LA,680261188425,"Great Value 2% Milk, Gallon",L-4260,2026-05-18,3
513edd5a-08e6-4dee-ba26-76f50be9322b,MO-9443,MO,610163406023,Folgers Classic Roast Coffee,L-1324,2026-07-30,4
04d73007-f03f-4113-9c4c-51f1f54286ae,MS-2566,MS,808049347754,Nature Valley Granola Bars,250347,2026-07-17,4
f465ca16-b819-4f3a-9ca0-8609588c53d2,AL-7464,AL,889391736613,Wonder Bread Classic White,406635,2026-05-23,3
fc7e33fa-a91d-43fd-84a7-8ea2e0848709,NM-7368,NM,680261188425,"Great Value 2% Milk, Gallon",L-5740,2026-08-07,1
2e132f62-52dc-4150-be46-7558b279235d,MO-5792,MO,808049347754,Nature Valley Granola Bars,192729,2026-05-05,4
24a09b4c-0984-420c-bdca-e0a713fa0507,CA-4588,CA,701993641404,Blue Bell Vanilla Ice Cream,L-7111,2026-07-07,2
f397b795-dba5-4b6b-b0fc-19464a378636,AR-5111,AR,859982493629,"Country Morning Large Grade A Eggs, Dozen",0840962,2026-07-04,3
bd16f4b4-ca6c-4642-aab9-ac6260804837,FL-1048,FL,610163406023,Folgers Classic Roast Coffee,337807,2026-05-15,2
aac4a224-47c7-4e91-a93b-26891e657a84,GA-1132,GA,808049347754,Nature Valley Granola Bars,337807,2026-04-17,2
aefebc26-58c9-4f80-9770-52787bf3f43d,LA-3441,LA,382652812974,"Chobani Greek Yogurt, 32oz",406635,2026-08-10,4
e611ebb2-ec97-484d-9c5d-6b4bc9ecfb66,MS-1524,MS,701993641404,Blue Bell Vanilla Ice Cream,250347,2026-07-25,1
466d36da-9d5b-486b-9234-6a1e2c66a4bd,AL-7848,AL,701993641404,Blue Bell Vanilla Ice Cream,406635,2026-07-26,1
b33d0dd9-1ab1-4c56-b386-5f3716f98f11,MO-9900,MO,610163406023,Folgers Classic Roast Coffee,337807,2026-05-06,3
f4c3054b-ef16-4860-ad8c-9509d9341c48,AR-5170,AR,875113329103,"Tyson Chicken Breast, Family Pack",406635,2026-05-06,4
16e7feac-76fe-4eb6-8844-d2a5d7ffc8bf,OK-7041,OK,808049347754,Nature Valley Granola Bars,L-6480,2026-06-01,3
c8299aee-f5ea-417f-9ee3-dd1c985b1a9d,NM-3556,NM,610163406023,Folgers Classic Roast Coffee,L-1324,2026-05-12,1
fdbfac15-fa9e-4ef8-8ded-9555e0561035,MO-1333,MO,701993641404,Blue Bell Vanilla Ice Cream,L-7111,2026-06-17,4
312c5376-3ca9-4ebd-90a5-36e95f9da5de,OK-6704,OK,680261188425,"Great Value 2% Milk, Gallon",L-4260,2026-08-02,3
5bd4ca49-d4f6-4962-a1d0-733d45803601,FL-8145,FL,875113329103,"Tyson Chicken Breast, Family Pack",406635,2026-07-10,3
5e7b783e-f817-4239-b1ff-679689fa6e79,CA-5211,CA,875113329103,"Tyson Chicken Breast, Family Pack",L-4532,2026-04-06,1
81af6cd5-6259-4ff2-9758-ffe52dc5551d,AL-8845,AL,653374520407,"Land O'Lakes Butter, 1lb",L-6480,2026-07-25,1
38ff2f24-8c50-41c7-8ef1-e2ef8ed6ea9c,FL-9896,FL,875113329103,"Tyson Chicken Breast, Family Pack",L-6480,2026-07-10,4
35bee39d-d0a7-4d25-a6c2-883549ba8f84,GA-7905,GA,889391736613,Wonder Bread Classic White,L-4260,2026-08-12,2
e693a748-f706-4e95-8845-fa885a1454ed,CA-5175,CA,875113329103,"Tyson Chicken Breast, Family Pack",L-1324,2026-05-02,3
0a607036-4a8d-4d4c-bedb-11296a8c3b88,AR-6889,AR,701993641404,Blue Bell Vanilla Ice Cream,L-6480,2026-05-02,1
7ac42f7f-b409-448c-bbe2-51ca6f3967b2,MO-1471,MO,701993641404,Blue Bell Vanilla Ice Cream,337807,2026-07-20,1
98655b64-dcfb-4518-bc82-ab2371d9cb67,AL-3835,AL,875113329103,"Tyson Chicken Breast, Family Pack",L-1324,2026-06-19,2
43971acc-593b-426d-a469-9847469ab51f,AR-2057,AR,808049347754,Nature Valley Granola Bars,192729,2026-07-05,1
2cd6390e-89c1-4056-8d79-0e3b72d24510,AR-4655,AR,146279721070,"Sunups Large Grade A Eggs, Dozen",0840962,2026-07-22,4
6ee37ed6-9654-4a30-8e23-2694bb37d296,LA-8501,LA,701993641404,Blue Bell Vanilla Ice Cream,L-4532,2026-07-24,1
33f4b3f8-d02a-4c52-ade0-22fe8a114d0b,TN-1465,TN,875113329103,"Tyson Chicken Breast, Family Pack",L-4260,2026-08-01,4
bb7bc2b1-0adb-4bcd-8305-d38df2c9a0f5,AR-7414,AR,653374520407,"Land O'Lakes Butter, 1lb",406635,2026-07-27,2
97dde181-432e-47b6-94cf-e2e9c4ca8211,MS-8704,MS,889391736613,Wonder Bread Classic White,L-4260,2026-07-16,3
84a6ce54-fe83-4b46-b5c3-a12a8626951c,AL-4182,AL,875113329103,"Tyson Chicken Breast, Family Pack",L-4532,2026-06-23,1
54c76375-5cb1-4909-9706-898d4d0887fa,MO-4990,MO,889391736613,Wonder Bread Classic White,L-4532,2026-08-06,1
3610a6c4-fdf3-452b-83fb-6bdbd842ee05,NM-5996,NM,382652812974,"Chobani Greek Yogurt, 32oz",L-1324,2026-08-02,2
f24e1e96-d539-4c3d-9b3c-41b30a026cd9,TX-4051,TX,875113329103,"Tyson Chicken Breast, Family Pack",L-4532,2026-04-10,4
946b78c3-95db-48f0-905f-413a3b3125d5,TN-8492,TN,610163406023,Folgers Classic Roast Coffee,250347,2026-05-06,1
c01c99ef-d333-4ae4-9932-a32f4f6fbce2,LA-6619,LA,701993641404,Blue Bell Vanilla Ice Cream,406635,2026-08-08,1
c19cdbc5-85a1-4c7e-89c8-c055b84cdafe,GA-6108,GA,382652812974,"Chobani Greek Yogurt, 32oz",L-4260,2026-04-02,3
2a480bb6-1b22-474c-9d4b-4f2b70e78c16,TX-5390,TX,701993641404,Blue Bell Vanilla Ice Cream,406635,2026-06-02,3
637b9f78-72ca-4f30-a43f-45cfc1420a9c,NM-6617,NM,680261188425,"Great Value 2% Milk, Gallon",192729,2026-05-14,2
211d7cef-d92e-4b3d-a11e-336c2f91460f,TN-2305,TN,653374520407,"Land O'Lakes Butter, 1lb",250347,2026-08-07,4
f6f58a72-bcd9-4116-868c-1e26a0b80668,TN-7451,TN,701993641404,Blue Bell Vanilla Ice Cream,L-1324,2026-08-04,3
6741d998-7626-4ea2-b87c-e7d3ca651554,FL-5230,FL,610163406023,Folgers Classic Roast Coffee,406635,2026-07-10,4
801eeabd-f46e-455b-975b-38d3ea01a364,NM-6977,NM,889391736613,Wonder Bread Classic White,406635,2026-05-28,4
54f6450e-998e-420a-b351-d45c0121dc89,TX-9267,TX,382652812974,"Chobani Greek Yogurt, 32oz",192729,2026-06-15,3
ab0a14f4-2319-4aec-8924-693010d1706e,OK-5982,OK,610163406023,Folgers Classic Roast Coffee,192729,2026-05-24,1
7118f504-9a76-48d6-aa08-5526cc42ab85,TX-5084,TX,610163406023,Folgers Classic Roast Coffee,406635,2026-04-08,4
e136866e-b05c-430a-8d10-65495572cdc5,LA-3268,LA,808049347754,Nature Valley Granola Bars,L-6480,2026-07-25,1
63b7ce83-b8cf-473d-8f71-96c1b37b36fc,GA-4295,GA,680261188425,"Great Value 2% Milk, Gallon",250347,2026-07-21,1
96726213-f861-4183-89fd-ae05a45cd010,TX-3364,TX,889391736613,Wonder Bread Classic White,L-4260,2026-05-04,4
a6e628c2-9395-4a2d-b5a7-75d654a84167,CA-9151,CA,701993641404,Blue Bell Vanilla Ice Cream,192729,2026-08-06,3
75d4a552-fc73-420c-a92c-26ba13098b41,FL-6449,FL,680261188425,"Great Value 2% Milk, Gallon",192729,2026-06-24,3
b4e69d9c-4482-4b5c-a0f6-644cfcc8a3da,AR-6804,AR,653374520407,"Land O'Lakes Butter, 1lb",L-1324,2026-05-22,1
ed484c93-4058-4c0c-9993-9569d85ee2ee,OK-3749,OK,889391736613,Wonder Bread Classic White,L-5740,2026-08-11,2
3fb3f959-cc9e-458b-bdb4-96ac6a725349,AR-2339,AR,059533434211,"Kroger Large Grade A Eggs, Dozen",P-1950,2026-07-29,2
8c2c2f20-a3d3-4b59-b145-c50c45007c65,NM-9491,NM,057642652279,"Brookshire's Large Grade A Eggs, Dozen",0840962,2026-06-24,3
597c9853-f1ee-46cf-bd51-58aeaa406326,LA-3363,LA,680261188425,"Great Value 2% Milk, Gallon",L-6480,2026-05-18,4
b87ca48a-d2bf-4cb8-bd47-ef45603d7066,AR-8324,AR,382652812974,"Chobani Greek Yogurt, 32oz",L-5740,2026-05-08,3
9d812b71-b495-431a-8d54-7a815090909b,MS-7873,MS,241490613039,"Simple Truth Large Grade A Eggs, Dozen",0840962,2026-06-24,2
4d616a08-99c2-4814-aa97-579066f23a8b,MO-9375,MO,701993641404,Blue Bell Vanilla Ice Cream,406635,2026-07-17,1
8ab87d1a-c92b-43c3-8d68-9665fe0efff9,OK-6004,OK,701993641404,Blue Bell Vanilla Ice Cream,L-4532,2026-04-26,2
6dcb8c4b-04a2-4538-b435-10c3162c30ee,MS-8778,MS,610163406023,Folgers Classic Roast Coffee,L-4260,2026-07-21,1
96f1c100-ff28-4a37-a1ff-7f05b13eca2d,FL-3026,FL,610163406023,Folgers Classic Roast Coffee,L-6480,2026-08-02,2
3fbe24bf-c1ca-4476-ab86-5f8ba7358683,OK-9913,OK,701993641404,Blue Bell Vanilla Ice Cream,250347,2026-04-18,4
9f8892cc-b6fa-4f73-b136-7a6942388550,OK-7169,OK,382652812974,"Chobani Greek Yogurt, 32oz",406635,2026-05-09,3
b43ac996-0713-4043-b525-ab9a28903c0b,MO-8838,MO,808049347754,Nature Valley Granola Bars,337807,2026-05-16,1
e803a187-a72e-497f-b8dc-308272d311fa,AR-6573,AR,382652812974,"Chobani Greek Yogurt, 32oz",L-5740,2026-06-27,3
356f7751-ffb2-442b-8bc2-68ffd97da2f9,NM-4197,NM,382652812974,"Chobani Greek Yogurt, 32oz",L-5740,2026-07-19,4
753adc03-ccdc-4159-a0cb-dbbeef95a310,TX-8438,TX,875113329103,"Tyson Chicken Breast, Family Pack",L-4260,2026-07-14,4
41fb3895-ffc6-45be-8091-73141fc429bb,CA-7716,CA,382652812974,"Chobani Greek Yogurt, 32oz",L-4532,2026-08-02,2
d809a930-24b4-4333-a87b-b7bdadaa9e60,GA-7543,GA,610163406023,Folgers Classic Roast Coffee,192729,2026-06-18,2
29c62a81-ee5c-4d7a-89aa-ea8547ff9dd5,LA-8016,LA,701993641404,Blue Bell Vanilla Ice Cream,192729,2026-04-02,4
dd40b7de-d1a7-428c-b2b2-63a7edf17772,TX-6522,TX,057642652279,"Brookshire's Large Grade A Eggs, Dozen",0840962,2026-07-06,3
7e244a1b-add0-4023-a10f-eb3ad509532e,MO-3691,MO,701993641404,Blue Bell Vanilla Ice Cream,406635,2026-07-09,3
1e7e013c-c7b0-414b-af69-70d2bf90b0c9,OK-8239,OK,610163406023,Folgers Classic Roast Coffee,406635,2026-05-10,4
237a3900-8053-4512-98c8-292d31f4abad,CA-6318,CA,382652812974,"Chobani Greek Yogurt, 32oz",L-4260,2026-08-09,1
58f41467-5472-42d9-94c2-546a57657ae0,AR-2636,AR,610163406023,Folgers Classic Roast Coffee,406635,2026-06-04,2
549fb04a-8ce7-4fad-a03b-c6b757c108be,NM-5436,NM,610163406023,Folgers Classic Roast Coffee,L-5740,2026-07-18,4
a49cb51d-eb1b-4985-8569-d5632e4c7d6f,TN-8183,TN,875113329103,"Tyson Chicken Breast, Family Pack",L-1324,2026-08-12,4
61faa1af-9dee-4f43-9076-c231fa1e9432,MS-3389,MS,653374520407,"Land O'Lakes Butter, 1lb",L-5740,2026-04-26,2
aff06ea5-4970-4fcb-b044-c4a6b4fb8d93,MO-9632,MO,653374520407,"Land O'Lakes Butter, 1lb",L-6480,2026-07-08,3
b999a6ce-f967-4ddd-ad69-76fcfe8e57e2,FL-1452,FL,610163406023,Folgers Classic Roast Coffee,192729,2026-04-17,1
372a529a-0c4b-4443-81d0-f1e215c09c23,CA-2841,CA,701993641404,Blue Bell Vanilla Ice Cream,L-4260,2026-04-23,1
47733bf0-ffab-4a21-b6f4-d32117cd3f40,NM-5859,NM,382652812974,"Chobani Greek Yogurt, 32oz",L-1324,2026-04-01,1
b1582363-ed64-4d0b-8cf4-b5972d52fe6e,MO-8411,MO,875113329103,"Tyson Chicken Breast, Family Pack",250347,2026-05-05,1
5bc4ed4e-17bf-4d77-839f-49ae34cb822c,AR-8112,AR,889391736613,Wonder Bread Classic White,L-5740,2026-04-07,1
60eda347-3641-4e12-ad74-742476d21001,AR-6717,AR,808049347754,Nature Valley Granola Bars,L-4532,2026-05-11,2
fc533cea-2891-412d-9ab0-7945be93baf3,AL-4633,AL,680261188425,"Great Value 2% Milk, Gallon",337807,2026-07-29,2
6bd0a0ed-e70d-4a04-a4b6-432967a8112e,MS-3259,MS,680261188425,"Great Value 2% Milk, Gallon",L-4532,2026-04-06,1
40b6e8e2-3b63-4b2f-926c-16e1b65b519e,TX-7087,TX,653374520407,"Land O'Lakes Butter, 1lb",192729,2026-08-10,4
46ae86d1-6063-4e46-a0de-1f75cb6db514,OK-8986,OK,610163406023,Folgers Classic Roast Coffee,L-7111,2026-06-17,4
07f38ea1-5036-4e38-afca-faa7d2cb7bbf,LA-7029,LA,701993641404,Blue Bell Vanilla Ice Cream,L-1324,2026-06-17,4
b11d56e1-2bee-46fa-a87f-bdc3ada77adb,TN-5866,TN,889391736613,Wonder Bread Classic White,L-4532,2026-06-28,1
8098ea5f-3e36-4852-ac8a-1d6502c9d93e,GA-3157,GA,889391736613,Wonder Bread Classic White,406635,2026-07-17,4
926d5d4d-eac6-454c-bbc8-bead7aad3507,TN-5389,TN,701993641404,Blue Bell Vanilla Ice Cream,250347,2026-05-29,1
5801c756-3992-439d-b840-72f1b358fdac,GA-3052,GA,653374520407,"Land O'Lakes Butter, 1lb",406635,2026-07-16,2
9ff17f10-9609-438a-ba18-db87e1b11d66,FL-6816,FL,610163406023,Folgers Classic Roast Coffee,L-7111,2026-07-28,1
702267ca-815d-4f53-8e23-d4b2a384de43,GA-1029,GA,680261188425,"Great Value 2% Milk, Gallon",250347,2026-06-24,1
7b57676b-729d-47e0-8887-8b94cb57e45b,MS-7732,MS,382652812974,"Chobani Greek Yogurt, 32oz",L-5740,2026-06-13,1
aebf1d57-fc8e-4343-a215-b198b0394d30,AL-1024,AL,610163406023,Folgers Classic Roast Coffee,L-5740,2026-06-25,3
6e6c0fe2-5ec4-4545-8f1e-d327be9e5277,LA-5067,LA,889391736613,Wonder Bread Classic White,337807,2026-07-17,4
d1631abd-3722-4ea8-a2c0-2b6a227cc18f,AL-2863,AL,382652812974,"Chobani Greek Yogurt, 32oz",L-6480,2026-07-25,1
4b52088f-213e-4ab6-9970-fc9bccc30be5,AL-7228,AL,701993641404,Blue Bell Vanilla Ice Cream,L-5740,2026-08-03,3
afc6dfb1-bb30-4c2b-b202-b619f17eb93c,OK-7774,OK,889391736613,Wonder Bread Classic White,L-1324,2026-08-01,2
cb13c4cb-b994-4a76-9ac3-1e1f6d7ffe18,MS-6694,MS,859982493629,"Country Morning Large Grade A Eggs, Dozen",P-1950,2026-06-12,3
712855c9-ff11-4707-bad2-81901a2604d9,MO-4719,MO,701993641404,Blue Bell Vanilla Ice Cream,250347,2026-04-19,4
e30b2824-51d4-49eb-a3f5-372cbddf5a55,FL-2523,FL,653374520407,"Land O'Lakes Butter, 1lb",337807,2026-06-26,4
e1d3f525-741e-4b00-921e-adc383c60f4e,CA-8025,CA,701993641404,Blue Bell Vanilla Ice Cream,L-7111,2026-07-20,2
d3f19373-0795-47a7-819d-ada060b26d1d,NM-8821,NM,889391736613,Wonder Bread Classic White,L-6480,2026-08-10,4
3e95d5e6-1cb2-4fe4-9c4e-65c83d5b3b0e,OK-6481,OK,808049347754,Nature Valley Granola Bars,L-6480,2026-07-25,3
b587c53a-ca80-4890-bb97-9d05d56ef0d7,FL-1442,FL,382652812974,"Chobani Greek Yogurt, 32oz",L-4260,2026-07-18,1
5b7364a5-21e2-495b-a9f7-8381020bf8f2,GA-7585,GA,701993641404,Blue Bell Vanilla Ice Cream,L-7111,2026-07-04,4
3ca1ad9d-96a1-4737-81c0-9ccf8fb5c1ab,AR-4115,AR,701993641404,Blue Bell Vanilla Ice Cream,L-5740,2026-05-22,3
3a5127ed-a708-45cf-a974-9888287073b2,AL-4716,AL,382652812974,"Chobani Greek Yogurt, 32oz",L-5740,2026-05-21,2
fefb0141-e894-4af2-9cf8-a903451d0ebc,LA-2472,LA,889391736613,Wonder Bread Classic White,L-4260,2026-06-22,2
7fb4e5f1-1dfe-4819-817b-96c5c9f7ebc5,AL-3669,AL,680261188425,"Great Value 2% Milk, Gallon",250347,2026-06-20,1
ad4d4782-34d6-4b6f-adf8-7922df5128e2,LA-5388,LA,701993641404,Blue Bell Vanilla Ice Cream,192729,2026-07-30,2
0331b60c-f9e5-4bb2-9d4f-1ac2a0cb0221,LA-7520,LA,875113329103,"Tyson Chicken Breast, Family Pack",L-6480,2026-06-18,4
7b866bd8-991b-4f9a-838b-f7e67bf1b916,NM-2517,NM,889391736613,Wonder Bread Classic White,250347,2026-05-12,2
6c9496be-8f5f-4f15-96e3-7b6f9101e1c7,CA-8963,CA,653374520407,"Land O'Lakes Butter, 1lb",406635,2026-06-11,4
cf1f9011-5c79-4d58-b42e-62e0161ebca6,TX-6942,TX,653374520407,"Land O'Lakes Butter, 1lb",406635,2026-04-17,1
b4db6d2c-f7b6-4e5e-b8ca-e3e792463f4c,TN-7536,TN,653374520407,"Land O'Lakes Butter, 1lb",L-7111,2026-06-15,2
6c5464a1-716b-4708-aff3-4af2dfe67fbd,AL-1244,AL,875113329103,"Tyson Chicken Breast, Family Pack",L-1324,2026-05-26,2
cd814cb0-3e0e-4243-9565-003f49bdf9cc,MO-4698,MO,808049347754,Nature Valley Granola Bars,192729,2026-04-02,4
b80ebd48-5b88-44d7-97cf-56d477ad12e2,AR-6761,AR,146279721070,"Sunups Large Grade A Eggs, Dozen",P-1950,2026-06-25,1
87a30b32-2fb3-459e-8de3-70f86a7e95d3,AL-9757,AL,808049347754,Nature Valley Granola Bars,L-5740,2026-05-02,4
29115b83-6a4d-4bef-8fd8-540b10724e78,TX-3214,TX,889391736613,Wonder Bread Classic White,L-7111,2026-05-03,3
f8998abb-126e-492a-bf29-1d12850bcbda,MS-6043,MS,701993641404,Blue Bell Vanilla Ice Cream,337807,2026-05-30,1
0411e1fa-2873-40a4-9630-939b306a7487,AL-9120,AL,875113329103,"Tyson Chicken Breast, Family Pack",L-1324,2026-04-05,1
64710643-236d-4c70-be43-aaad35b37aba,NM-4032,NM,889391736613,Wonder Bread Classic White,L-6480,2026-07-15,1
19061ef3-4b80-4229-904f-315661bdbb4c,NM-3364,NM,653374520407,"Land O'Lakes Butter, 1lb",337807,2026-06-10,4
2f203885-0584-412a-927c-22d19b1c4530,NM-3611,NM,875113329103,"Tyson Chicken Breast, Family Pack",L-4532,2026-07-24,2
9718037e-b285-440f-818d-439609b766a8,OK-1095,OK,241490613039,"Simple Truth Large Grade A Eggs, Dozen",P-1950,2026-07-11,1
0a3c52da-c3a6-4055-8e7a-eb4bb7704aaf,AL-5177,AL,610163406023,Folgers Classic Roast Coffee,L-5740,2026-05-27,4
ee9839fa-8fe2-496b-ab0d-db12cefb0faa,LA-2235,LA,808049347754,Nature Valley Granola Bars,406635,2026-05-05,1
75c8e2de-61e9-48d0-81e1-3b7587398346,AR-6425,AR,701993641404,Blue Bell Vanilla Ice Cream,406635,2026-07-25,3
990ef578-ea8a-49ab-99ff-dadc734eb966,TN-7443,TN,610163406023,Folgers Classic Roast Coffee,L-4260,2026-04-07,3
1a408721-b827-4dca-a89a-b7d1086c74c3,OK-1776,OK,653374520407,"Land O'Lakes Butter, 1lb",L-4532,2026-04-24,4
98ac0257-9a76-43bf-b7b5-e82a9993f80b,TX-6438,TX,889391736613,Wonder Bread Classic White,250347,2026-08-15,4
481a3924-056e-497e-9742-47049d94aa35,OK-9669,OK,680261188425,"Great Value 2% Milk, Gallon",250347,2026-08-02,4
19669e5e-86dc-4c05-88ac-d4bb8e68d49a,MO-2364,MO,653374520407,"Land O'Lakes Butter, 1lb",L-4532,2026-04-13,1
a0a89dbc-525f-49ee-88bb-fea40d2a8daf,FL-8467,FL,680261188425,"Great Value 2% Milk, Gallon",L-5740,2026-05-24,1
5251a6c0-8984-49f7-b463-ace0909feb4b,MS-4221,MS,610163406023,Folgers Classic Roast Coffee,L-5740,2026-04-12,1
d380a899-1919-4102-9339-7a1768fd2468,LA-8020,LA,889391736613,Wonder Bread Classic White,406635,2026-05-16,4
848e806f-ba09-4046-871c-3e80420b3c05,AR-3865,AR,808049347754,Nature Valley Granola Bars,L-7111,2026-04-11,3
a4e501ef-b136-4fa6-882a-0653647a43e4,MS-2958,MS,653374520407,"Land O'Lakes Butter, 1lb",406635,2026-05-07,2
7a6ecbe7-d932-420d-ae81-352d00160a14,MO-2125,MO,808049347754,Nature Valley Granola Bars,L-7111,2026-05-27,3
acd8cd7b-c9d3-4440-90c0-3b983bc2d7c4,LA-3237,LA,653374520407,"Land O'Lakes Butter, 1lb",192729,2026-07-04,4
d1aac80b-6521-42fe-9d6c-4b8f88d35dc6,TN-7240,TN,610163406023,Folgers Classic Roast Coffee,L-1324,2026-06-23,1
4568e401-d693-4314-a065-57b68525b802,OK-4879,OK,610163406023,Folgers Classic Roast Coffee,L-7111,2026-08-03,4
3814ee38-366f-48ad-8774-c407b43fb4d3,TX-1626,TX,653374520407,"Land O'Lakes Butter, 1lb",L-6480,2026-04-26,4
bc5b2be4-7bad-4a3a-8010-90b5e14cf809,CA-9082,CA,653374520407,"Land O'Lakes Butter, 1lb",L-5740,2026-07-10,3
08475080-ad0d-4edc-ab49-01a17bd50660,TX-1622,TX,701993641404,Blue Bell Vanilla Ice Cream,L-5740,2026-05-30,1
f87b3651-ce28-4e3c-a291-a205edfd0d26,GA-1213,GA,889391736613,Wonder Bread Classic White,L-6480,2026-06-22,3
b2ba8d52-4847-4b5c-be2c-072c9289b91e,AR-4553,AR,808049347754,Nature Valley Granola Bars,L-6480,2026-05-27,3
92ebecb1-e253-4aea-914f-ff8baf05159a,OK-4319,OK,653374520407,"Land O'Lakes Butter, 1lb",337807,2026-04-06,2
507c29bf-4e1b-4815-962b-2d64c4d1d6e0,MS-4821,MS,146279721070,"Sunups Large Grade A Eggs, Dozen",P-1950,2026-06-16,3
5008e40a-1126-41c7-b04c-069c5db611f2,MO-9416,MO,653374520407,"Land O'Lakes Butter, 1lb",L-7111,2026-04-02,2
c2e480e0-815c-4bec-bae0-4f319e91b06d,TX-7509,TX,680261188425,"Great Value 2% Milk, Gallon",L-7111,2026-07-12,2
f30cf00b-71bb-42fb-8e36-959124261427,NM-9955,NM,701993641404,Blue Bell Vanilla Ice Cream,406635,2026-07-14,2
415d82b7-db0f-44bb-87ae-5cbae97f7fc4,TN-9611,TN,680261188425,"Great Value 2% Milk, Gallon",337807,2026-06-06,2
f46a4fe1-7181-45bf-8747-d0b2efa10763,CA-4466,CA,889391736613,Wonder Bread Classic White,L-4260,2026-05-03,3
7f69364b-5fd0-42f2-9590-c6cae20c388b,NM-9354,NM,875113329103,"Tyson Chicken Breast, Family Pack",250347,2026-04-10,2
851ecbb0-3226-4df8-ac61-cf7e18c4d948,TN-4557,TN,875113329103,"Tyson Chicken Breast, Family Pack",L-6480,2026-08-07,2
a65470c0-57f6-4d26-815f-b0a5f683caba,NM-6670,NM,680261188425,"Great Value 2% Milk, Gallon",L-7111,2026-07-13,2
d81d1b46-b4a8-467e-b6a6-12bd4becf7c2,OK-9669,OK,610163406023,Folgers Classic Roast Coffee,250347,2026-04-03,3
7631da67-f5a4-45b1-bd08-e0fa196f79fd,FL-4378,FL,610163406023,Folgers Classic Roast Coffee,L-1324,2026-06-26,1
2d97de89-4087-4504-83d3-8c8bc995248a,TX-6170,TX,680261188425,"Great Value 2% Milk, Gallon",406635,2026-04-20,4
a59474d7-766d-4789-acaa-cdeee0176e32,OK-8353,OK,808049347754,Nature Valley Granola Bars,192729,2026-04-01,1
07312b26-62c2-43a2-8c3f-d2fc42440515,GA-2484,GA,382652812974,"Chobani Greek Yogurt, 32oz",L-5740,2026-07-17,1
fc6b8b2a-8f1f-41d6-aa91-16716d88f93d,FL-2109,FL,653374520407,"Land O'Lakes Butter, 1lb",L-6480,2026-06-23,3
abd509fc-21c0-49e8-8f8a-ace0b3b900f1,CA-7400,CA,382652812974,"Chobani Greek Yogurt, 32oz",192729,2026-05-01,3
c3efc3d0-d4bf-4cb3-a53b-48a81a9a2993,FL-1611,FL,701993641404,Blue Bell Vanilla Ice Cream,L-4532,2026-04-11,3
66dfdc64-dba5-44d4-b1eb-e0c5290efafd,CA-4661,CA,680261188425,"Great Value 2% Milk, Gallon",192729,2026-04-27,3
25357cac-9704-4f37-a42d-c716c058f602,TN-1210,TN,701993641404,Blue Bell Vanilla Ice Cream,250347,2026-07-15,4
5b3d54ad-d8f8-4358-95f6-61625012edde,TX-2198,TX,610163406023,Folgers Classic Roast Coffee,337807,2026-06-12,1
77a0fa53-fd03-4b5d-9215-c07ef9e9924f,TX-5561,TX,241490613039,"Simple Truth Large Grade A Eggs, Dozen",0840962,2026-07-17,4
3a3d22e3-b9d8-4984-b0ca-7a0e0c1851cd,AL-7834,AL,382652812974,"Chobani Greek Yogurt, 32oz",L-1324,2026-08-01,3
a2d2ab3f-147d-4eb6-93cf-9a2ff477a8fc,TN-5347,TN,808049347754,Nature Valley Granola Bars,L-6480,2026-04-03,1
dc8fd503-4226-40fe-a834-ba029507366a,GA-5771,GA,875113329103,"Tyson Chicken Breast, Family Pack",337807,2026-08-01,1
41752c1c-ddf8-46d3-bfa4-0027d58471e6,CA-1943,CA,701993641404,Blue Bell Vanilla Ice Cream,L-1324,2026-04-05,2
85284b4e-88ab-4bef-97e6-c80eb76ef3d5,TN-6917,TN,610163406023,Folgers Classic Roast Coffee,L-5740,2026-06-19,4
99faa502-ffac-4851-b989-2719cd6da6c1,MS-9200,MS,382652812974,"Chobani Greek Yogurt, 32oz",250347,2026-06-14,3
cac5ef75-2d6b-4ad3-bde0-40767f4b1a1e,TX-9087,TX,610163406023,Folgers Classic Roast Coffee,406635,2026-04-08,2
7bc9abd2-48b2-4ceb-8cf9-988e6bb5a0c4,MS-3698,MS,680261188425,"Great Value 2% Milk, Gallon",337807,2026-05-18,3
6a583426-62c5-4ae1-aa73-7d1bdf21aea4,AR-3173,AR,701993641404,Blue Bell Vanilla Ice Cream,250347,2026-07-28,3
baadb0f3-d698-4d34-bdef-287948d64867,NM-5689,NM,889391736613,Wonder Bread Classic White,L-6480,2026-07-31,1
3cafd7e4-394c-459d-8726-1ad1ea695cda,AR-7423,AR,875113329103,"Tyson Chicken Breast, Family Pack",406635,2026-07-16,3
b0b56089-a68f-4767-bb3c-c7bcc509e673,NM-3314,NM,653374520407,"Land O'Lakes Butter, 1lb",406635,2026-07-18,1
c9051a33-b5f4-471b-8379-b6fb74c065b0,NM-3079,NM,610163406023,Folgers Classic Roast Coffee,L-7111,2026-07-28,4
ca86fde6-1896-44ee-b22a-78b109168ca6,MO-6028,MO,808049347754,Nature Valley Granola Bars,192729,2026-07-24,2
d8f2b56b-ae57-49a6-938a-197296101aa6,LA-6144,LA,889391736613,Wonder Bread Classic White,L-7111,2026-05-08,1
8b1efe28-f834-4168-88ab-a3ca88075f12,CA-1250,CA,701993641404,Blue Bell Vanilla Ice Cream,L-5740,2026-06-12,4
fe3b25c6-4eb8-42df-97c1-5d86d09a1700,TN-1714,TN,382652812974,"Chobani Greek Yogurt, 32oz",250347,2026-04-11,2
6ca0fa52-21e0-44d9-81ae-bed5e8c9bd49,GA-4437,GA,653374520407,"Land O'Lakes Butter, 1lb",250347,2026-04-27,1
beb8e14d-ca3c-4324-9591-aeb13f8c7793,AL-5604,AL,653374520407,"Land O'Lakes Butter, 1lb",L-4532,2026-05-15,3
7442af7a-1d02-4e99-a6da-0d19bb7c0206,GA-9249,GA,875113329103,"Tyson Chicken Breast, Family Pack",L-7111,2026-04-17,1
81018d66-c623-46cc-b9de-1c6d28253b2d,GA-8220,GA,808049347754,Nature Valley Granola Bars,250347,2026-04-02,4
749d3482-b615-42d6-86a9-f1b1048ce76c,LA-4016,LA,610163406023,Folgers Classic Roast Coffee,L-4532,2026-04-30,2
5733be28-1432-456c-a468-817114731360,TX-5255,TX,875113329103,"Tyson Chicken Breast, Family Pack",406635,2026-07-03,4
5d89b7aa-7f96-43df-b344-4be9e5ad3a44,MS-7834,MS,808049347754,Nature Valley Granola Bars,L-4532,2026-05-23,3
9e4bfe88-3c73-4bc9-bef0-734ce575687e,NM-6213,NM,653374520407,"Land O'Lakes Butter, 1lb",L-1324,2026-06-11,1
ea235153-614b-4d5e-9342-629d099ec561,CA-8214,CA,610163406023,Folgers Classic Roast Coffee,406635,2026-04-29,1
43a15c4d-987e-4ab1-b247-a3d68e549dbc,OK-1769,OK,610163406023,Folgers Classic Roast Coffee,337807,2026-08-08,1
646c53f7-ad69-4468-baab-c264ddf1495b,MO-6499,MO,680261188425,"Great Value 2% Milk, Gallon",L-1324,2026-04-17,2
04047def-4779-4dd5-bba3-3db4c8bb1e8c,TX-7515,TX,146279721070,"Sunups Large Grade A Eggs, Dozen",0840962,2026-06-25,1
31369e6c-5bdf-4ca3-b38c-331077a2fc17,CA-5144,CA,680261188425,"Great Value 2% Milk, Gallon",406635,2026-08-01,1
a1bd76b5-1236-4395-a6e6-62c79a5fc81c,LA-4520,LA,808049347754,Nature Valley Granola Bars,L-4260,2026-05-03,3
d45055a5-31e9-4c7b-ab6c-59e5c408e063,TX-5105,TX,059533434211,"Kroger Large Grade A Eggs, Dozen",P-1950,2026-06-26,3
abc4aef0-72b9-4514-a506-2ffa6973caf8,LA-7600,LA,808049347754,Nature Valley Granola Bars,L-6480,2026-06-12,1
a4c77c83-5ed5-4122-ad67-76da0a4b04c7,OK-5423,OK,610163406023,Folgers Classic Roast Coffee,192729,2026-08-07,4
c8c96e4a-e489-40f7-852c-105630d23e82,NM-2100,NM,057642652279,"Brookshire's Large Grade A Eggs, Dozen",P-1950,2026-07-10,1
db0ba13a-a8b6-4498-b7a3-f993ee3b0ac6,FL-4765,FL,680261188425,"Great Value 2% Milk, Gallon",L-6480,2026-04-12,2
23d5804d-5826-43e2-96ff-8a5ddecf091c,TN-7849,TN,701993641404,Blue Bell Vanilla Ice Cream,337807,2026-04-11,4
2465acc1-c77c-4902-bf78-645a06329d5d,AL-9118,AL,610163406023,Folgers Classic Roast Coffee,L-4532,2026-05-26,2
70619ee9-a0be-425e-bc63-899ad6f15e9e,MO-3340,MO,653374520407,"Land O'Lakes Butter, 1lb",L-1324,2026-06-09,2
4fc489cb-32d6-4ac7-b68e-9e796dc7f626,TX-3534,TX,875113329103,"Tyson Chicken Breast, Family Pack",250347,2026-06-05,4
18385a35-bd86-4283-be37-a7a7b459ccb2,AL-6710,AL,889391736613,Wonder Bread Classic White,337807,2026-04-01,4
c0cb9dbb-e777-4bc3-a78a-1321a76d790c,TX-2571,TX,382652812974,"Chobani Greek Yogurt, 32oz",L-5740,2026-07-14,3
3948d93a-7d35-4102-a771-4b9cae6d8a5b,LA-4827,LA,382652812974,"Chobani Greek Yogurt, 32oz",L-7111,2026-06-20,3
554ba4db-ca55-4de6-a1c0-fa2638a80c58,TN-5626,TN,701993641404,Blue Bell Vanilla Ice Cream,L-6480,2026-05-13,3
f20ba13d-c649-4607-a454-b4378fb9382c,MS-4006,MS,653374520407,"Land O'Lakes Butter, 1lb",L-1324,2026-07-27,2
a3971d00-d394-4a69-957d-0f3c4d8d351e,AL-3903,AL,382652812974,"Chobani Greek Yogurt, 32oz",L-5740,2026-05-29,1
8f3215a0-f666-4591-8726-70a50947ce16,AL-7290,AL,808049347754,Nature Valley Granola Bars,337807,2026-08-06,2
9b502f48-d097-4a63-aa08-5344fe30d9aa,GA-4689,GA,701993641404,Blue Bell Vanilla Ice Cream,250347,2026-07-05,2
059fc89c-f77d-4c69-8850-4f5975c6c062,GA-2054,GA,701993641404,Blue Bell Vanilla Ice Cream,L-4532,2026-04-23,2
e218fea5-4423-41dd-9163-472bfd98e0d8,TX-7671,TX,808049347754,Nature Valley Granola Bars,L-4260,2026-06-19,4
9b72c7bc-7e41-485a-8ff2-b405a48673ad,MS-9668,MS,875113329103,"Tyson Chicken Breast, Family Pack",L-7111,2026-06-15,4
d9148ed0-9a44-43fa-8f17-42e608288281,TN-8167,TN,680261188425,"Great Value 2% Milk, Gallon",192729,2026-07-07,1
e020cff9-ea2f-406a-9548-c8c45f237294,GA-3959,GA,680261188425,"Great Value 2% Milk, Gallon",L-4260,2026-06-30,4
ee7d2555-9fea-4c5b-8662-7bd575423288,MO-7013,MO,382652812974,"Chobani Greek Yogurt, 32oz",L-5740,2026-07-02,1
9a92feac-d596-4b98-96eb-721fd0859929,FL-2429,FL,653374520407,"Land O'Lakes Butter, 1lb",337807,2026-05-10,3
92384381-3d1b-4870-8856-9a341aeaba23,AR-9909,AR,701993641404,Blue Bell Vanilla Ice Cream,406635,2026-06-06,1
484df828-cb4d-4ac1-8b71-e0954905bd52,OK-5424,OK,701993641404,Blue Bell Vanilla Ice Cream,L-7111,2026-06-22,3
96e32b8e-7a8a-461d-8e6d-d4963dff7c24,MO-8738,MO,653374520407,"Land O'Lakes Butter, 1lb",L-1324,2026-05-04,2
82f99dae-52cc-42e5-b7a2-9cb3a2fcebb0,NM-8062,NM,875113329103,"Tyson Chicken Breast, Family Pack",337807,2026-08-03,1
d1b7c65a-50c1-4488-9350-5a3dba39b2b7,MO-4844,MO,701993641404,Blue Bell Vanilla Ice Cream,L-6480,2026-04-06,3
163adb8f-a52f-4634-9b6a-d9af10c7dc19,AR-3776,AR,680261188425,"Great Value 2% Milk, Gallon",L-4260,2026-07-27,1
0996750f-578f-481a-a3ac-1d8289bd7c18,GA-2326,GA,875113329103,"Tyson Chicken Breast, Family Pack",L-4260,2026-05-16,1
0f52b350-eb8a-42a0-a15f-1d2a0897bfa8,MO-8049,MO,808049347754,Nature Valley Granola Bars,192729,2026-04-07,4
119f1d2b-48d4-4125-9309-1cb0dc65d436,AR-1923,AR,808049347754,Nature Valley Granola Bars,337807,2026-07-06,2
bc8221b4-a5c3-44fc-84b7-ebe248f6b461,GA-3543,GA,701993641404,Blue Bell Vanilla Ice Cream,L-5740,2026-05-02,3
f6ccd593-eded-4fc9-a19b-116f51190117,LA-1701,LA,680261188425,"Great Value 2% Milk, Gallon",337807,2026-04-06,3
a3c699c1-0813-4e10-a6cc-19125a27864d,MS-2837,MS,680261188425,"Great Value 2% Milk, Gallon",L-4260,2026-05-10,4
b7d603cf-7207-42aa-8f55-997eb497b860,CA-3764,CA,808049347754,Nature Valley Granola Bars,192729,2026-07-07,3
88202778-87e1-457a-aaa6-81713178b8d6,MS-5599,MS,382652812974,"Chobani Greek Yogurt, 32oz",L-4260,2026-06-09,3
758b545b-4ddc-48fa-99f3-85a34c00a0ea,CA-7659,CA,808049347754,Nature Valley Granola Bars,L-5740,2026-06-21,4
8b0ab2e8-96b9-461b-9226-a80d51f815fe,AR-5751,AR,680261188425,"Great Value 2% Milk, Gallon",L-4532,2026-05-28,2
435180da-dc80-4249-80ba-aa8e29c04faf,TX-2033,TX,382652812974,"Chobani Greek Yogurt, 32oz",192729,2026-04-28,4
feb69caa-e2ce-4cc1-b223-14213314abe1,LA-8950,LA,382652812974,"Chobani Greek Yogurt, 32oz",L-1324,2026-06-07,2
0c83136b-a496-4a10-be64-8e1f9bb20de7,TX-2147,TX,680261188425,"Great Value 2% Milk, Gallon",L-7111,2026-05-04,3
97955445-dbf9-45c1-906e-b157f24a75b7,TX-5884,TX,889391736613,Wonder Bread Classic White,250347,2026-07-16,4
44c48d95-a2f4-4067-b3d9-eab540c26ae9,AR-9982,AR,653374520407,"Land O'Lakes Butter, 1lb",L-5740,2026-07-03,3
736731e8-a0e5-4ad5-b456-02ac4f78df5f,AL-2322,AL,610163406023,Folgers Classic Roast Coffee,L-5740,2026-05-27,4
2ee0137a-3f94-4a61-885e-d15996d51a45,MS-2763,MS,889391736613,Wonder Bread Classic White,406635,2026-05-12,4
d9bfc6b9-3271-4774-a87e-42553bc78fc1,MS-8720,MS,610163406023,Folgers Classic Roast Coffee,L-5740,2026-04-08,1
b1bb4056-75b8-41a0-af55-3e98450ae070,TX-9687,TX,382652812974,"Chobani Greek Yogurt, 32oz",L-6480,2026-06-21,4
c19b4f45-dbcb-43ed-90df-ed8dee947e13,AR-9872,AR,889391736613,Wonder Bread Classic White,337807,2026-05-21,3
0eb6d9cd-b032-47de-8ae4-a834a204cd80,CA-2219,CA,610163406023,Folgers Classic Roast Coffee,337807,2026-06-03,3
61f45af8-7375-4068-b0e5-e88c2f786a28,GA-4260,GA,382652812974,"Chobani Greek Yogurt, 32oz",L-1324,2026-06-28,3
3a7e68c1-acb9-4ed8-82c2-310e3583d681,FL-3169,FL,875113329103,"Tyson Chicken Breast, Family Pack",192729,2026-06-21,3
827207a2-e4c3-4b61-a61f-0ca003b05fea,OK-4537,OK,889391736613,Wonder Bread Classic White,406635,2026-05-30,4
ba9e22cb-2587-4a27-b098-4e14758892c5,MS-3805,MS,653374520407,"Land O'Lakes Butter, 1lb",192729,2026-06-27,1
bfd1137d-3028-4f22-80d3-f3bbaa088e86,CA-1499,CA,875113329103,"Tyson Chicken Breast, Family Pack",L-5740,2026-07-17,4
a2ac0fb6-05f7-4022-b5b5-3f321909d62c,AR-7768,AR,241490613039,"Simple Truth Large Grade A Eggs, Dozen",P-1950,2026-07-17,4
e6701bf3-b577-47eb-a176-8b4f4dce8089,AL-6771,AL,889391736613,Wonder Bread Classic White,250347,2026-04-01,3
cad86f1c-e4c8-41f0-8de4-7f88cc4d4751,LA-7951,LA,875113329103,"Tyson Chicken Breast, Family Pack",192729,2026-07-07,4
3c342d41-0409-451a-96c2-b168245645ee,CA-9975,CA,653374520407,"Land O'Lakes Butter, 1lb",L-4532,2026-06-20,1
ace8f547-ded5-4cae-8d67-23d57fcfd7c8,FL-1191,FL,382652812974,"Chobani Greek Yogurt, 32oz",L-1324,2026-06-20,4
e6ce416e-9006-4f0d-bdac-5ab5d2621a71,TN-4497,TN,610163406023,Folgers Classic Roast Coffee,L-4532,2026-06-05,4
1e512381-0188-4d3b-9985-33248bf83d04,MS-6736,MS,808049347754,Nature Valley Granola Bars,250347,2026-05-22,4
4737f611-c055-4018-9180-bc3fe3fe6bc1,LA-1491,LA,610163406023,Folgers Classic Roast Coffee,406635,2026-07-10,1
68f6262a-d39f-418f-bb5d-7bf780e057ac,AL-6425,AL,889391736613,Wonder Bread Classic White,L-6480,2026-06-03,1
cceffe47-c438-47f1-b49f-c94a7dcdfb3a,GA-1387,GA,889391736613,Wonder Bread Classic White,L-1324,2026-07-24,4
7a8b0954-415f-4b95-a0b1-5a277c32623f,AR-8144,AR,653374520407,"Land O'Lakes Butter, 1lb",L-1324,2026-06-06,1
83eb67d9-b469-427e-af1f-4b8c06c235ca,AL-5838,AL,701993641404,Blue Bell Vanilla Ice Cream,L-1324,2026-05-27,2
e99ef7e5-12ec-48d4-b51a-11773bb969a5,MO-5735,MO,680261188425,"Great Value 2% Milk, Gallon",192729,2026-05-19,1
7c0a6377-7a80-466a-923e-7bde119b79dc,AR-7143,AR,875113329103,"Tyson Chicken Breast, Family Pack",L-7111,2026-05-29,2
b3135b0a-5f3b-45bc-942c-55dfe6c5c4d2,AR-1555,AR,875113329103,"Tyson Chicken Breast, Family Pack",406635,2026-07-12,2
0bdfdf2b-9dcc-44b7-9fbb-1de259e71f52,AR-9078,AR,680261188425,"Great Value 2% Milk, Gallon",L-4260,2026-04-21,4
e55224cc-7b5b-4f85-8ed5-a18d5eecbab9,AR-5049,AR,680261188425,"Great Value 2% Milk, Gallon",L-7111,2026-06-10,1
20ae1a53-87d5-40d4-9199-7b1d4b6300fe,MS-9963,MS,701993641404,Blue Bell Vanilla Ice Cream,L-5740,2026-06-24,2
005c005b-817b-4dc4-8b24-15be9b224b15,FL-4039,FL,653374520407,"Land O'Lakes Butter, 1lb",250347,2026-06-01,4
5723a0bb-447b-46cc-94ed-6879795593d0,MO-8039,MO,889391736613,Wonder Bread Classic White,L-1324,2026-07-20,3
8c4b5ccc-7edb-4370-ae48-d772239011bf,NM-3104,NM,382652812974,"Chobani Greek Yogurt, 32oz",250347,2026-05-10,2
f6077f4c-a2ca-4265-b66a-c01979c005aa,TX-6030,TX,610163406023,Folgers Classic Roast Coffee,406635,2026-04-03,1
07578e7a-06c5-4b17-beae-d006111bc231,LA-3310,LA,680261188425,"Great Value 2% Milk, Gallon",L-4532,2026-06-04,2
3a2d171e-6d86-49bb-9068-97d84294a45c,AL-4645,AL,701993641404,Blue Bell Vanilla Ice Cream,L-7111,2026-05-06,4
b200f460-9c90-418e-8959-06e84a89aa3d,TN-1778,TN,889391736613,Wonder Bread Classic White,L-7111,2026-06-17,4
ae456b65-f73a-477a-9163-2e2e41704bea,TN-3397,TN,889391736613,Wonder Bread Classic White,L-5740,2026-05-15,2
22562a03-fc99-4686-9ee2-e23020804aed,LA-3654,LA,241490613039,"Simple Truth Large Grade A Eggs, Dozen",P-1950,2026-07-24,1
7ab6a431-4c64-4893-8e08-5c5b0458e599,MO-8766,MO,701993641404,Blue Bell Vanilla Ice Cream,337807,2026-06-17,1
f4b0eece-349b-4b30-93fb-cadab887c9d0,NM-3114,NM,610163406023,Folgers Classic Roast Coffee,L-5740,2026-05-05,3
5444d9c6-45c2-4c0c-a09e-81670500b0fc,NM-3147,NM,653374520407,"Land O'Lakes Butter, 1lb",L-6480,2026-07-02,1
e3aec294-6ca2-4024-9659-7a566b6e053c,LA-4438,LA,808049347754,Nature Valley Granola Bars,L-4260,2026-07-10,2
1d512959-6bb7-401a-83f6-7dcc95b35527,MO-5274,MO,701993641404,Blue Bell Vanilla Ice Cream,L-6480,2026-06-07,1
e0b292e3-b8fb-42ec-b703-a5cd5a3385f9,CA-5126,CA,680261188425,"Great Value 2% Milk, Gallon",192729,2026-05-11,4
50ff442d-83c4-4c32-b18a-eea0f3dec60a,TX-2044,TX,680261188425,"Great Value 2% Milk, Gallon",192729,2026-05-04,1
6624dee3-15de-4f38-8574-f953a77ad040,OK-1965,OK,808049347754,Nature Valley Granola Bars,L-6480,2026-06-16,3
038e882d-320c-4c30-a154-201e9813f8c7,FL-9166,FL,610163406023,Folgers Classic Roast Coffee,L-7111,2026-06-03,2
f668e21e-582d-43af-a659-042ed69a26b1,LA-2715,LA,382652812974,"Chobani Greek Yogurt, 32oz",L-7111,2026-04-13,2
1c89b4b2-9b5c-4cfa-9a98-71950f32d222,MO-9271,MO,889391736613,Wonder Bread Classic White,L-7111,2026-05-02,4
767170d3-883c-4469-9034-d9a9003dc616,LA-6512,LA,680261188425,"Great Value 2% Milk, Gallon",192729,2026-05-31,4
6e564e2a-4a9a-415f-8376-019dadd03afd,TX-7001,TX,889391736613,Wonder Bread Classic White,L-1324,2026-04-20,1
1e95e602-6368-4785-b5f5-c08e39cb666a,CA-8584,CA,653374520407,"Land O'Lakes Butter, 1lb",L-7111,2026-06-11,1
a1438ef6-20e1-48c8-99fd-6257884090c5,TX-4698,TX,610163406023,Folgers Classic Roast Coffee,L-6480,2026-07-05,3
852d293c-a2fb-445c-8d2a-9b775f192a79,TX-3478,TX,808049347754,Nature Valley Granola Bars,L-1324,2026-05-21,3
18109132-844c-42aa-a12c-ccbefc657d0a,AR-3639,AR,382652812974,"Chobani Greek Yogurt, 32oz",L-4260,2026-07-18,4
439381db-467e-4590-b7b8-9f057eb86f2a,NM-6433,NM,057642652279,"Brookshire's Large Grade A Eggs, Dozen",P-1950,2026-06-27,3
8e87c3f6-b6b5-413a-be09-20246d6ce700,MS-6234,MS,680261188425,"Great Value 2% Milk, Gallon",337807,2026-05-04,4
f70cef0c-5f9a-46df-9c0c-9d5e8f8d8c03,AL-7005,AL,610163406023,Folgers Classic Roast Coffee,L-6480,2026-07-21,1
f76e2df3-4484-4f97-b97d-6856b0af7250,AR-1986,AR,146279721070,"Sunups Large Grade A Eggs, Dozen",0840962,2026-07-20,1
3d985dee-c1c8-4834-9520-5416ef43604a,OK-9740,OK,610163406023,Folgers Classic Roast Coffee,406635,2026-04-24,3
e968df68-f0d6-461c-90eb-c56176ecc36b,FL-7305,FL,610163406023,Folgers Classic Roast Coffee,L-7111,2026-06-07,2
769f77c2-b45f-4f1c-8edf-f5f1cd19e72f,NM-3952,NM,653374520407,"Land O'Lakes Butter, 1lb",337807,2026-04-29,1
e7d94433-c982-4b06-ae26-e0116cbdab88,CA-4265,CA,610163406023,Folgers Classic Roast Coffee,L-4260,2026-05-01,1
41017e16-c17e-4774-8e94-8c13a658ec0a,TX-6886,TX,889391736613,Wonder Bread Classic White,406635,2026-05-08,2
ab1305b8-6dbb-4d1a-8142-f1cfa5f84988,CA-6379,CA,610163406023,Folgers Classic Roast Coffee,192729,2026-06-25,3
978ba106-92b0-43de-8bd3-83769595eaa4,MO-7724,MO,889391736613,Wonder Bread Classic White,337807,2026-05-17,4
bd56ce60-8245-4de7-aa42-690cdbe60130,AR-1134,AR,701993641404,Blue Bell Vanilla Ice Cream,250347,2026-08-12,2
b72627e4-2ce0-4503-9a76-0f6079db4ebd,TN-9063,TN,610163406023,Folgers Classic Roast Coffee,L-4260,2026-08-07,2
2c4c5d65-10ae-49ba-b411-104fd5e3f3b1,NM-6705,NM,146279721070,"Sunups Large Grade A Eggs, Dozen",P-1950,2026-07-01,2
1ac3c39b-706e-4866-b7e9-bd9c28c16216,MO-5390,MO,875113329103,"Tyson Chicken Breast, Family Pack",337807,2026-05-25,3
52f3f862-0ed7-481e-bd88-d68212fcd26c,CA-1946,CA,889391736613,Wonder Bread Classic White,L-4260,2026-05-27,4
69a3f89e-aa56-474f-9c6d-88c4e2dcb9f6,MO-1579,MO,382652812974,"Chobani Greek Yogurt, 32oz",L-1324,2026-05-26,3
8291fc16-9d25-4d60-9ed9-d1b6995ed939,GA-7326,GA,701993641404,Blue Bell Vanilla Ice Cream,L-5740,2026-05-04,2
fcf4bbbc-d240-4ed5-8955-6d3ba3d34079,LA-6285,LA,859982493629,"Country Morning Large Grade A Eggs, Dozen",P-1950,2026-07-03,3
a40dc85d-096c-49db-8e58-d02809837b5c,TN-5049,TN,808049347754,Nature Valley Granola Bars,406635,2026-04-01,4
bf7c0649-9fe7-495c-a93a-cf0b13a69c1b,OK-8194,OK,701993641404,Blue Bell Vanilla Ice Cream,337807,2026-06-09,3
a23464f1-34d2-496b-8f6d-f11152bc3038,CA-4308,CA,701993641404,Blue Bell Vanilla Ice Cream,L-1324,2026-08-12,4
564a4779-f902-4d6a-87f3-fcbaf08f851a,MO-2512,MO,808049347754,Nature Valley Granola Bars,L-4260,2026-07-11,4
e738e013-b836-4a3f-88ec-32e4cf585e20,MO-9794,MO,680261188425,"Great Value 2% Milk, Gallon",406635,2026-07-06,3
b564338a-3478-4edf-8394-ffde2e78ca3b,MS-4210,MS,610163406023,Folgers Classic Roast Coffee,406635,2026-04-08,3
753d83b8-dc5b-4df7-859f-061857b78478,OK-1774,OK,875113329103,"Tyson Chicken Breast, Family Pack",L-6480,2026-05-01,3
928f9235-088b-45d3-851b-33fd69935df3,AR-9323,AR,808049347754,Nature Valley Granola Bars,L-4532,2026-07-19,1
756d3adb-60a1-4ad2-8c48-6bd6e909c43d,TX-7817,TX,610163406023,Folgers Classic Roast Coffee,406635,2026-05-05,4
2881901b-49fa-4b3a-b757-9fe93c230d7e,AL-4867,AL,610163406023,Folgers Classic Roast Coffee,L-7111,2026-08-04,4
793e2e17-9d90-4b8f-98d1-00ebeb8855e7,OK-1606,OK,059533434211,"Kroger Large Grade A Eggs, Dozen",P-1950,2026-07-18,2
47f32ca9-7e93-435e-ad44-600a3d281dce,NM-6793,NM,889391736613,Wonder Bread Classic White,192729,2026-04-11,4
9610264b-e5b6-434e-8980-10dd56494edf,LA-7271,LA,808049347754,Nature Valley Granola Bars,L-4532,2026-05-26,2
b4f112e9-e676-4d9c-aa77-cf901621d441,OK-6863,OK,808049347754,Nature Valley Granola Bars,192729,2026-06-16,4
d9c41ba1-7865-48a2-90b8-c9db23143f9f,CA-6599,CA,701993641404,Blue Bell Vanilla Ice Cream,192729,2026-05-07,1
285b9824-1f65-4c17-8646-117aa5e19f80,GA-8500,GA,382652812974,"Chobani Greek Yogurt, 32oz",L-4260,2026-04-08,4
73043a3a-4907-4a68-b02d-81b84d948f2b,TX-5384,TX,701993641404,Blue Bell Vanilla Ice Cream,L-6480,2026-04-23,4
4dfb42c8-fadc-4a3c-8df3-1ab0f305c92f,MO-5020,MO,653374520407,"Land O'Lakes Butter, 1lb",L-4260,2026-05-16,1
94260903-673c-422f-b21a-006550556bdf,FL-7244,FL,610163406023,Folgers Classic Roast Coffee,L-4260,2026-04-16,1
e5324fd7-6abc-40a1-8320-226913497466,GA-6315,GA,808049347754,Nature Valley Granola Bars,L-7111,2026-06-23,1
6982952b-912b-4753-8d36-0b5049af8866,AR-1535,AR,610163406023,Folgers Classic Roast Coffee,337807,2026-07-29,3
5ec253d8-74f5-4906-bf16-4699bca95f31,GA-6198,GA,653374520407,"Land O'Lakes Butter, 1lb",L-4532,2026-06-11,3
89c53d76-7561-4d73-a1a3-0d4bda09d06d,GA-7135,GA,382652812974,"Chobani Greek Yogurt, 32oz",L-6480,2026-08-15,4
65a5aa97-ff1f-475b-b1b2-8561335df29b,CA-8617,CA,680261188425,"Great Value 2% Milk, Gallon",L-6480,2026-08-06,2
054348bc-4094-4be2-95db-675f7be98773,GA-1852,GA,610163406023,Folgers Classic Roast Coffee,250347,2026-04-23,4
c572bc67-3a1a-4384-8451-8ba61c4a7226,GA-9758,GA,875113329103,"Tyson Chicken Breast, Family Pack",L-4260,2026-07-12,1
a5213672-f076-4c5a-b7fb-a249821373fd,TX-2185,TX,382652812974,"Chobani Greek Yogurt, 32oz",406635,2026-05-07,2
a3c8c776-e585-4d37-beb9-c0bbc954a503,MO-9620,MO,875113329103,"Tyson Chicken Breast, Family Pack",L-1324,2026-05-03,3
af9ebae1-4332-41ed-9aef-a5f0ccf007b5,OK-2022,OK,875113329103,"Tyson Chicken Breast, Family Pack",L-1324,2026-07-17,3
1cabfe3e-7815-488c-acb5-d9c5ddc80497,TX-2353,TX,889391736613,Wonder Bread Classic White,L-7111,2026-04-13,2
191345be-5121-4d56-a716-c3b05c717cb5,MS-6324,MS,382652812974,"Chobani Greek Yogurt, 32oz",192729,2026-05-25,2
35509725-9e5e-4713-8d63-cb420cdaa18e,AL-5442,AL,875113329103,"Tyson Chicken Breast, Family Pack",406635,2026-05-17,3
79c3c022-9c61-4e43-a759-5ff53e6cfcfb,TX-4240,TX,610163406023,Folgers Classic Roast Coffee,250347,2026-08-07,2
a47255d4-06a2-4676-b670-ece3337c8972,TX-8000,TX,382652812974,"Chobani Greek Yogurt, 32oz",L-7111,2026-04-05,3
4130e0d4-1372-4e8a-ad39-a600e17d301b,OK-3665,OK,382652812974,"Chobani Greek Yogurt, 32oz",L-6480,2026-08-13,4
483153a5-d82f-4ccf-92ea-319d0b2de92e,AL-1498,AL,889391736613,Wonder Bread Classic White,L-4260,2026-07-03,4
96fd234d-2df9-439e-ba32-5334443531b4,MO-2364,MO,653374520407,"Land O'Lakes Butter, 1lb",L-4532,2026-04-15,3
fc375a6c-9dbe-44ad-822c-1a1d83f293a4,MS-9610,MS,875113329103,"Tyson Chicken Breast, Family Pack",337807,2026-04-02,2
e8a6c9a3-c7be-4a2c-bad2-5a6ed9dc3151,MS-3118,MS,701993641404,Blue Bell Vanilla Ice Cream,L-4532,2026-07-03,1
7c8ba6bf-86b2-4e8c-9622-4d18a98787fc,OK-3145,OK,653374520407,"Land O'Lakes Butter, 1lb",250347,2026-06-07,4
571e9829-298a-4704-bc72-6f05520d00ec,LA-9193,LA,610163406023,Folgers Classic Roast Coffee,406635,2026-06-28,3
7ad3ec9e-3b9f-451f-bfcc-6c2fcefd0ff8,CA-5591,CA,889391736613,Wonder Bread Classic White,337807,2026-08-07,2
b9e9047e-8ee0-43e5-b488-25bd24aec364,LA-3091,LA,875113329103,"Tyson Chicken Breast, Family Pack",L-4532,2026-05-13,3
784e3f07-3617-4434-a90c-e387030b0b65,AR-9709,AR,875113329103,"Tyson Chicken Breast, Family Pack",L-7111,2026-08-07,3
68b37038-218a-4bf1-a689-1795195e4f51,TN-7068,TN,382652812974,"Chobani Greek Yogurt, 32oz",192729,2026-04-29,3
0a9ada6c-3098-4fa3-9e6b-6497bb126f58,CA-7772,CA,889391736613,Wonder Bread Classic White,250347,2026-05-13,2
5c3a7fba-ba43-4bfd-a3bb-1dd4ccae9e63,TN-8283,TN,889391736613,Wonder Bread Classic White,L-6480,2026-05-19,3
092357f0-5d76-434f-8dcc-b7d36d69a84d,MO-6187,MO,701993641404,Blue Bell Vanilla Ice Cream,L-6480,2026-05-19,2
2b4414f7-91f6-401b-92ca-f6bacc2b9fd3,AL-5767,AL,889391736613,Wonder Bread Classic White,L-1324,2026-08-12,2
b59b3bcb-e4ea-41ab-b6d4-4000e3e9ccf8,OK-3599,OK,653374520407,"Land O'Lakes Butter, 1lb",L-5740,2026-08-03,1
95ca2875-7355-4c6d-85c2-8ed36aa3f95d,LA-8964,LA,382652812974,"Chobani Greek Yogurt, 32oz",406635,2026-06-20,4
b72ae512-17d7-4469-a2d9-718394713529,GA-1446,GA,680261188425,"Great Value 2% Milk, Gallon",L-6480,2026-08-15,1
2b355b86-6c76-4fef-b25b-c4548108a629,GA-3560,GA,653374520407,"Land O'Lakes Butter, 1lb",L-4532,2026-08-08,3
87949270-f02d-419e-887e-2100e0dd3f25,TN-5577,TN,701993641404,Blue Bell Vanilla Ice Cream,406635,2026-07-08,3
7ae5badf-7cfb-4508-822d-d295e2bdb9a4,TN-9331,TN,680261188425,"Great Value 2% Milk, Gallon",L-4532,2026-06-16,2
0dbc4222-8d2e-48cf-bd57-6ae29e362972,AR-1571,AR,808049347754,Nature Valley Granola Bars,250347,2026-05-02,4
658d9e61-9433-4350-9ed6-4e7693506fab,CA-9506,CA,653374520407,"Land O'Lakes Butter, 1lb",337807,2026-04-21,4
633e88ef-8ea5-42d1-b160-d459ef12f04b,TX-4363,TX,653374520407,"Land O'Lakes Butter, 1lb",L-5740,2026-07-13,1
cca42d39-8210-4312-a146-b124bf30979d,OK-6440,OK,889391736613,Wonder Bread Classic White,406635,2026-05-08,2
5918e62a-0ac0-4615-a23d-2804fefd5df0,LA-1217,LA,889391736613,Wonder Bread Classic White,250347,2026-05-23,3
35b74a35-3bdf-404a-a6f3-78785fdd1472,OK-2202,OK,610163406023,Folgers Classic Roast Coffee,L-6480,2026-06-20,1
96e5d0e8-8036-495b-bfa5-070aac42720e,TN-6841,TN,889391736613,Wonder Bread Classic White,L-1324,2026-05-24,3
140462c4-78f0-4dc6-a632-1ed441158693,MS-5919,MS,680261188425,"Great Value 2% Milk, Gallon",192729,2026-06-13,3
e59c7989-777d-4ed3-9975-3fd81d2977c7,CA-8856,CA,653374520407,"Land O'Lakes Butter, 1lb",250347,2026-06-11,4
ff6add34-9f2b-4845-bd2d-84cd6f9b2db1,TN-1640,TN,808049347754,Nature Valley Granola Bars,L-6480,2026-07-22,3
b7753e38-812c-4508-a88f-d5ab28b496b4,MS-7712,MS,889391736613,Wonder Bread Classic White,L-7111,2026-06-07,4
e80929ba-1f45-4f8f-b820-c6a42747e484,NM-2775,NM,610163406023,Folgers Classic Roast Coffee,406635,2026-04-07,3
c4d2665c-b44e-4d23-acf9-63a19c5213e6,NM-5907,NM,875113329103,"Tyson Chicken Breast, Family Pack",L-1324,2026-05-22,4
8b294ae7-2be7-4141-95bc-1dfc2c479644,OK-7214,OK,653374520407,"Land O'Lakes Butter, 1lb",250347,2026-05-30,1
e0a0178f-7c79-462d-98b2-630736512e8a,OK-4900,OK,680261188425,"Great Value 2% Milk, Gallon",L-5740,2026-04-01,2
725acdc2-217b-4951-b6ba-01c896d1a667,LA-7712,LA,889391736613,Wonder Bread Classic White,250347,2026-07-03,2
0c9b1f1f-56d4-4671-a6c8-3671230c05fa,OK-5739,OK,808049347754,Nature Valley Granola Bars,406635,2026-05-14,3
c2ac2abf-42c4-4842-add4-16116e75dad8,MS-8283,MS,610163406023,Folgers Classic Roast Coffee,L-7111,2026-07-20,1
bd626baf-b4bd-4a88-8dde-0f8f62f72a82,TX-9075,TX,701993641404,Blue Bell Vanilla Ice Cream,L-6480,2026-05-18,2
84957358-c9c6-4896-8143-0111276c1053,AL-2332,AL,701993641404,Blue Bell Vanilla Ice Cream,250347,2026-06-16,1
390616c5-2799-4dc7-b54a-2d7315745490,TN-9432,TN,808049347754,Nature Valley Granola Bars,250347,2026-07-05,3
0af87770-3776-4429-9a0f-8b7acd3ae3aa,GA-6615,GA,875113329103,"Tyson Chicken Breast, Family Pack",L-1324,2026-04-13,4
c17b0789-a783-4baa-9665-31ba91cc6d14,FL-7580,FL,701993641404,Blue Bell Vanilla Ice Cream,L-4532,2026-07-22,1
9e5e8c14-efdc-41af-9940-7f841676e3fc,LA-9822,LA,875113329103,"Tyson Chicken Breast, Family Pack",L-4532,2026-05-10,4
7b4e2789-bfd5-4c55-9210-8cb0b9bb36cd,CA-5102,CA,875113329103,"Tyson Chicken Breast, Family Pack",L-4260,2026-06-10,4
bca8eb80-11f1-460b-98fb-d9736f13de15,FL-4758,FL,889391736613,Wonder Bread Classic White,L-7111,2026-07-12,1
900d1aa7-b2de-49bc-8007-88baf7874619,FL-7881,FL,382652812974,"Chobani Greek Yogurt, 32oz",L-5740,2026-04-08,1
0296e0d3-60e2-47c8-80ba-f8745e997bd5,OK-5320,OK,808049347754,Nature Valley Granola Bars,192729,2026-07-26,1
1870c0cf-64dd-4a44-b719-eb15123e7e1a,MS-7037,MS,653374520407,"Land O'Lakes Butter, 1lb",337807,2026-05-15,2
54d3268b-fe50-4f20-b571-93b6205988ec,AR-9469,AR,653374520407,"Land O'Lakes Butter, 1lb",337807,2026-06-30,3
cab42d6f-4dc0-4e52-8617-61ed29e70987,GA-1695,GA,808049347754,Nature Valley Granola Bars,L-6480,2026-04-25,2
795c3bca-0bfb-40a2-98b7-641ebb2db2f9,CA-2089,CA,808049347754,Nature Valley Granola Bars,L-4260,2026-05-30,2
a77133ae-e2e4-478d-9da8-af2dd4e5e98b,AR-4499,AR,680261188425,"Great Value 2% Milk, Gallon",L-4260,2026-07-30,2
8c197ebe-9059-4d61-a4e2-6307a8c4df6e,TX-9666,TX,701993641404,Blue Bell Vanilla Ice Cream,L-5740,2026-05-30,2
8922990f-e61a-414f-a07f-8158a8519c10,OK-5934,OK,680261188425,"Great Value 2% Milk, Gallon",337807,2026-07-20,2
7b036e1c-8e6f-4c69-997b-e731558ecd99,MS-8319,MS,241490613039,"Simple Truth Large Grade A Eggs, Dozen",P-1950,2026-07-08,2
e5b13e80-8ff2-46b9-861e-2a4a735caec8,GA-5304,GA,875113329103,"Tyson Chicken Breast, Family Pack",337807,2026-04-24,4
d7d7db4f-7968-4700-a802-e3d5b75a33f6,MS-9721,MS,889391736613,Wonder Bread Classic White,337807,2026-08-05,1
64994aa3-6473-4705-bb47-700d5c98ca38,FL-4356,FL,680261188425,"Great Value 2% Milk, Gallon",337807,2026-04-05,1
cbd42eee-60df-4676-a997-b8441a665d7a,MS-9963,MS,241490613039,"Simple Truth Large Grade A Eggs, Dozen",0840962,2026-06-15,4
0602cf78-871d-4a82-afd6-e371f726ad90,MS-8320,MS,875113329103,"Tyson Chicken Breast, Family Pack",L-4260,2026-04-08,1
f870eace-a756-4d94-94f6-7c151382117b,TX-4799,TX,653374520407,"Land O'Lakes Butter, 1lb",L-7111,2026-08-13,3
7840c659-9025-4298-9bd0-b6f8ecb46a79,MO-9308,MO,701993641404,Blue Bell Vanilla Ice Cream,406635,2026-07-14,1
96e046d4-dbfc-46e8-ad12-d4422b54e2a9,AR-4945,AR,059533434211,"Kroger Large Grade A Eggs, Dozen",0840962,2026-07-29,3
b3e8456c-d6d1-449b-84c2-cb935865a02c,FL-7802,FL,680261188425,"Great Value 2% Milk, Gallon",250347,2026-07-16,1
fdec7c63-36bb-4a44-9193-63e8fb4209fa,CA-1238,CA,889391736613,Wonder Bread Classic White,L-7111,2026-06-25,4
e8ff12e2-1bef-494c-a0eb-209065f8d62a,FL-1395,FL,680261188425,"Great Value 2% Milk, Gallon",337807,2026-04-16,2
e8abaa6b-b057-42c3-8a09-97de252b7b67,CA-1251,CA,382652812974,"Chobani Greek Yogurt, 32oz",192729,2026-07-01,4
b8561968-0bf4-4e85-bf96-6a16a880f0a1,AL-1450,AL,382652812974,"Chobani Greek Yogurt, 32oz",250347,2026-07-26,2
86402e16-b03d-477e-b246-0bb62d9cdf0f,OK-2368,OK,680261188425,"Great Value 2% Milk, Gallon",406635,2026-07-20,3
0c201cf0-a1ee-4b7c-b4d7-ced55da388bf,LA-5582,LA,875113329103,"Tyson Chicken Breast, Family Pack",L-6480,2026-04-07,2
2e6cd892-022d-480b-8800-fbbbee7be22e,TX-9372,TX,875113329103,"Tyson Chicken Breast, Family Pack",L-4260,2026-07-19,1
6de4e546-153f-4858-ae00-fb5c804ad022,MS-9779,MS,680261188425,"Great Value 2% Milk, Gallon",L-6480,2026-07-21,4
3970bf26-18f6-4cb7-9bc2-70594f744e4d,CA-6960,CA,875113329103,"Tyson Chicken Breast, Family Pack",337807,2026-06-02,1
c9433d11-2c74-4e1a-a7a8-25a1aac88120,AR-4589,AR,701993641404,Blue Bell Vanilla Ice Cream,L-4260,2026-07-10,3
d9885df0-57bf-4aca-aee8-5a06ac27a466,OK-1839,OK,701993641404,Blue Bell Vanilla Ice Cream,250347,2026-04-10,3
1292171c-32a1-466c-bc1c-cce73075f702,AL-1620,AL,653374520407,"Land O'Lakes Butter, 1lb",192729,2026-05-11,4
d3989d60-35bd-49a6-a075-bedc8e0590fc,TX-3414,TX,701993641404,Blue Bell Vanilla Ice Cream,L-1324,2026-07-17,2
90f975b0-7674-47b4-b98f-11dc5b521fa6,TN-9322,TN,610163406023,Folgers Classic Roast Coffee,L-5740,2026-04-27,3
f8b7916f-dfa4-425e-ad04-82de9fe2320e,AL-7555,AL,808049347754,Nature Valley Granola Bars,406635,2026-04-23,4
0caea916-fa49-4142-8c79-d189205f9c0e,OK-7890,OK,382652812974,"Chobani Greek Yogurt, 32oz",L-6480,2026-05-01,1
f1322795-ec00-4752-8be0-7c6e007153c0,CA-2275,CA,889391736613,Wonder Bread Classic White,L-1324,2026-05-07,1
d7799061-d296-4950-a8d9-bdf4812e8b11,NM-6969,NM,680261188425,"Great Value 2% Milk, Gallon",L-5740,2026-06-25,3
73841b7a-5ed8-479e-bfdb-caf736858140,NM-5263,NM,382652812974,"Chobani Greek Yogurt, 32oz",L-4532,2026-04-15,4
2ae362f2-414f-463f-b8c8-4a205e2c81bf,TN-5534,TN,701993641404,Blue Bell Vanilla Ice Cream,406635,2026-05-27,2
24556158-129c-463a-a43d-ee9aec18ae9d,FL-5108,FL,610163406023,Folgers Classic Roast Coffee,L-7111,2026-07-27,4
f8f6ce35-da47-4836-bde7-ad15b9180901,FL-4338,FL,680261188425,"Great Value 2% Milk, Gallon",406635,2026-06-07,2
2efb16d3-cc90-4f39-8e40-11ac4cf5970f,LA-1857,LA,889391736613,Wonder Bread Classic White,250347,2026-06-20,1
2e8571c3-31a2-4535-ad3a-16200d8d1efd,LA-2725,LA,680261188425,"Great Value 2% Milk, Gallon",250347,2026-04-15,2
008ea6e4-2c94-48e7-b4fc-6338a23ac9f0,TX-5986,TX,610163406023,Folgers Classic Roast Coffee,L-4532,2026-05-09,3
0a8aac44-1938-4964-aa98-a8a57bbe8b94,MO-4407,MO,889391736613,Wonder Bread Classic White,L-5740,2026-07-25,4
37385b6d-dd5e-49f2-860f-241500438042,AR-1755,AR,610163406023,Folgers Classic Roast Coffee,L-1324,2026-06-25,3
8c3ed1fc-a6ba-4f49-bafa-b00c5e2010b7,MS-2001,MS,889391736613,Wonder Bread Classic White,L-7111,2026-05-19,4
a2770206-38ac-4269-8061-19721d7a8385,TN-6907,TN,808049347754,Nature Valley Granola Bars,L-6480,2026-05-02,3
cb9e41c6-9aac-41c0-988d-56d0e53196b8,CA-7170,CA,875113329103,"Tyson Chicken Breast, Family Pack",337807,2026-04-29,3
dd6bf8b2-b9f9-46ce-aaf2-9d4f0c3987f8,GA-7736,GA,680261188425,"Great Value 2% Milk, Gallon",406635,2026-05-11,1
cebe3e72-365b-4693-8170-09addb20c95b,GA-5684,GA,382652812974,"Chobani Greek Yogurt, 32oz",L-6480,2026-05-14,2
3770e2d7-4e2f-486c-8732-6b4072346e67,OK-8630,OK,701993641404,Blue Bell Vanilla Ice Cream,L-4532,2026-08-06,2
3395a138-a96b-4e89-8e66-6890b13a1994,FL-6814,FL,610163406023,Folgers Classic Roast Coffee,L-7111,2026-04-01,2
cb45e57c-8f4a-4750-a6fd-d9b7e8d39d7c,GA-1768,GA,680261188425,"Great Value 2% Milk, Gallon",L-6480,2026-06-03,1
c0b25a44-5fb4-4b7b-898e-0ef072b26260,LA-7009,LA,889391736613,Wonder Bread Classic White,337807,2026-08-10,4
0aae45df-115a-4af0-a819-9d03a26b7d7a,GA-3027,GA,610163406023,Folgers Classic Roast Coffee,406635,2026-04-02,1
4cfd521e-df95-4314-ad8f-389e1cea7f2c,TX-2946,TX,889391736613,Wonder Bread Classic White,L-5740,2026-07-10,1
d0154372-92be-4498-a80f-08327db8bc3f,OK-8060,OK,889391736613,Wonder Bread Classic White,L-1324,2026-06-07,2
bf90b9b7-803e-4004-b639-50830fe230ff,CA-5347,CA,701993641404,Blue Bell Vanilla Ice Cream,L-6480,2026-07-06,1
03f4e1e0-3ccd-4d53-a4b1-287c6a09b66a,GA-5581,GA,653374520407,"Land O'Lakes Butter, 1lb",337807,2026-07-15,1
5e080e4f-4ef2-4195-9ac5-4dd5c43bef83,FL-7788,FL,808049347754,Nature Valley Granola Bars,192729,2026-08-08,4
97449dcb-e68b-4e89-bc62-c0112272c61c,OK-5166,OK,653374520407,"Land O'Lakes Butter, 1lb",L-1324,2026-05-22,3
a840d91a-e165-472c-a155-6b522d73ff1d,FL-7433,FL,653374520407,"Land O'Lakes Butter, 1lb",250347,2026-08-03,4
184e9047-f91e-4f89-92b2-9d371b5c07b4,AL-5164,AL,680261188425,"Great Value 2% Milk, Gallon",L-5740,2026-05-31,3
5904e540-8136-4661-b53f-b7c8f5a16e4e,MO-9962,MO,382652812974,"Chobani Greek Yogurt, 32oz",L-7111,2026-07-08,3
a634a60e-0fa3-4405-be0e-a9c83379a38d,OK-9348,OK,808049347754,Nature Valley Granola Bars,L-6480,2026-04-16,3
0828fea5-8682-4048-a70e-89b642d31112,GA-2200,GA,653374520407,"Land O'Lakes Butter, 1lb",L-1324,2026-04-13,3
b0f7652e-eae8-481c-90cd-4f4e1d8869f7,CA-6088,CA,653374520407,"Land O'Lakes Butter, 1lb",406635,2026-08-04,1
68968614-7769-4913-bcf0-c5213ae29c55,TN-7847,TN,382652812974,"Chobani Greek Yogurt, 32oz",L-4260,2026-05-14,3
f434e260-1e1b-4f0f-9917-ab14758ab706,GA-8613,GA,889391736613,Wonder Bread Classic White,L-1324,2026-05-26,2
76255eb9-d608-4140-870f-b354b1eec353,LA-1586,LA,680261188425,"Great Value 2% Milk, Gallon",L-7111,2026-08-04,4
11c1bb07-1491-46f9-870a-671a67cff7e8,AR-6046,AR,680261188425,"Great Value 2% Milk, Gallon",192729,2026-04-16,2
070121b2-65f5-47e8-a1a3-7d0f0f240051,TX-5387,TX,808049347754,Nature Valley Granola Bars,337807,2026-07-15,4
6f6b39a8-d11c-43fd-8ee5-31ba1c1ec832,AR-3190,AR,610163406023,Folgers Classic Roast Coffee,L-4532,2026-06-05,2
2af4378e-f6a9-49e2-aabb-83b6a64a0579,NM-7673,NM,875113329103,"Tyson Chicken Breast, Family Pack",192729,2026-04-11,1
745753e5-aaec-4e86-b5e5-2a01e85e0c97,NM-9374,NM,680261188425,"Great Value 2% Milk, Gallon",L-4532,2026-05-18,3
0faa0567-5d34-4096-a840-239cf5ecb940,AR-4264,AR,701993641404,Blue Bell Vanilla Ice Cream,250347,2026-05-15,2
5cc4d1eb-c94a-4200-a465-49eaa87269d6,AR-1412,AR,889391736613,Wonder Bread Classic White,337807,2026-04-24,4
906aa8eb-710b-4cf2-a2c3-1929bbafdb56,AL-3084,AL,875113329103,"Tyson Chicken Breast, Family Pack",250347,2026-04-18,3
a699c20d-dcaa-4d4a-ac47-d9a5762b6d98,TX-2828,TX,653374520407,"Land O'Lakes Butter, 1lb",L-4260,2026-08-08,1
5a3b615a-2dac-41b3-8a9e-dc2d2c61bcd8,TN-5204,TN,808049347754,Nature Valley Granola Bars,192729,2026-04-13,2
055a3e73-78d8-4872-9d7d-97509c7d31d9,AL-2557,AL,680261188425,"Great Value 2% Milk, Gallon",L-5740,2026-07-20,3
dadd97b2-2d30-4a60-98ba-7bef549b5104,MO-3529,MO,653374520407,"Land O'Lakes Butter, 1lb",L-5740,2026-06-17,3
1a1cb3da-9620-4e90-8988-91367856fbf2,AL-9436,AL,382652812974,"Chobani Greek Yogurt, 32oz",L-4260,2026-05-16,1
0b64b58f-cfad-4390-b440-869d6ff2580b,AL-3455,AL,610163406023,Folgers Classic Roast Coffee,L-4532,2026-04-26,3
5189828e-21fb-4823-a1c7-c7115a6fed8c,NM-6735,NM,382652812974,"Chobani Greek Yogurt, 32oz",406635,2026-08-04,3
cb91bde4-cd29-44ff-a0bd-e41592c38738,NM-9888,NM,610163406023,Folgers Classic Roast Coffee,337807,2026-04-12,1
8e18be14-8e5f-49dd-986f-2de7a6c97cce,OK-5758,OK,701993641404,Blue Bell Vanilla Ice Cream,250347,2026-04-11,4
02755cb7-4150-4529-ab5f-5e4ced587f6c,OK-3786,OK,701993641404,Blue Bell Vanilla Ice Cream,250347,2026-07-30,1
a9cca063-bb77-4086-95f5-4b2a2c31c8c6,LA-5170,LA,808049347754,Nature Valley Granola Bars,L-7111,2026-05-11,3
000df78e-319b-465a-ae06-ee4f91e9a813,LA-7199,LA,889391736613,Wonder Bread Classic White,406635,2026-04-29,3
c20d1ac7-e883-4799-b02c-cd8f97551496,CA-9618,CA,680261188425,"Great Value 2% Milk, Gallon",192729,2026-07-30,2
29981c72-4e7b-401b-80a9-1eebea8bcc10,OK-4644,OK,680261188425,"Great Value 2% Milk, Gallon",250347,2026-05-26,1
705412e8-868d-419a-92a6-1f9940759088,NM-8198,NM,610163406023,Folgers Classic Roast Coffee,250347,2026-08-08,4
493aa468-3cf9-44d8-a6d8-df3a385167d6,GA-7128,GA,808049347754,Nature Valley Granola Bars,192729,2026-06-19,4
4626e8d3-7a41-43d4-b282-e655dbce574b,TX-8861,TX,875113329103,"Tyson Chicken Breast, Family Pack",406635,2026-07-11,1
95ee7fe4-61e0-4a67-a8df-1d4a3e3ee1c7,NM-5839,NM,889391736613,Wonder Bread Classic White,L-5740,2026-08-03,4
1ea2966c-cdd3-4063-b53c-7794bbda017e,MO-9576,MO,610163406023,Folgers Classic Roast Coffee,192729,2026-05-05,4
30b09055-a661-4cb7-9c15-74f60ded6c0a,FL-2965,FL,653374520407,"Land O'Lakes Butter, 1lb",337807,2026-05-24,1
b6cccdf8-3433-4d23-9fe1-2f0a2df32bdc,TX-6110,TX,808049347754,Nature Valley Granola Bars,L-4532,2026-05-23,2
f7304327-cf07-41b5-97ae-7f7ec921dacf,CA-3129,CA,653374520407,"Land O'Lakes Butter, 1lb",L-5740,2026-04-18,1
92746e00-c202-4d0b-ac92-0db0215e8797,TX-3167,TX,382652812974,"Chobani Greek Yogurt, 32oz",L-1324,2026-05-25,1
09814670-f468-417f-9207-b36b315a5e4b,GA-9942,GA,382652812974,"Chobani Greek Yogurt, 32oz",L-7111,2026-08-05,1
489ebd6e-3d19-4893-9b8b-94fbd024086e,LA-2518,LA,875113329103,"Tyson Chicken Breast, Family Pack",337807,2026-06-20,4
cabb49a1-33d1-4b64-a508-1d3b7684eb8c,AR-5742,AR,059533434211,"Kroger Large Grade A Eggs, Dozen",P-1950,2026-07-29,1
fbd814f3-7454-4095-9b66-57baa70e349d,LA-5308,LA,382652812974,"Chobani Greek Yogurt, 32oz",L-6480,2026-04-03,2
be6aef8d-bfe5-45a9-aa28-c05287b363de,CA-4393,CA,875113329103,"Tyson Chicken Breast, Family Pack",L-4260,2026-06-19,4
63f072a4-6453-43f5-8e5d-a8818e1813a9,AL-3754,AL,875113329103,"Tyson Chicken Breast, Family Pack",L-7111,2026-07-11,4
313167b5-b3e5-4340-a4ee-29cbea919b04,FL-4868,FL,889391736613,Wonder Bread Classic White,L-1324,2026-06-29,4
77027b5e-1b7e-4d87-ba31-90dd7bfa2191,LA-3454,LA,889391736613,Wonder Bread Classic White,L-4260,2026-04-17,2
f3aceb34-cec8-4f0d-9bf6-08ffcad50bad,TN-2195,TN,701993641404,Blue Bell Vanilla Ice Cream,406635,2026-08-13,2
d1859207-15da-4923-83ec-ad718c6dee38,LA-7369,LA,701993641404,Blue Bell Vanilla Ice Cream,L-4260,2026-07-19,3
88b95e94-c223-47fb-bb47-0c5aaa08ba04,MS-9559,MS,680261188425,"Great Value 2% Milk, Gallon",L-4260,2026-05-22,1
4ee3429a-a263-4e20-8bc7-30ad4e8432a9,AR-6639,AR,875113329103,"Tyson Chicken Breast, Family Pack",192729,2026-06-24,3
96678dc7-11ac-4952-a966-d0718da0c047,TX-1820,TX,653374520407,"Land O'Lakes Butter, 1lb",337807,2026-06-20,2
c1e3ae39-1461-4316-bd90-6bbf6495df84,AR-9820,AR,382652812974,"Chobani Greek Yogurt, 32oz",406635,2026-04-17,3
e791f7db-fb27-4461-b568-2049e23b2db8,NM-4503,NM,875113329103,"Tyson Chicken Breast, Family Pack",406635,2026-08-15,3
9d2b068d-8a0c-4d92-82ab-b7b8872c7ef7,AL-3280,AL,610163406023,Folgers Classic Roast Coffee,L-4260,2026-06-05,2
9ed66e7a-b11e-4d51-b256-53bdb1cdd1a5,AR-9033,AR,875113329103,"Tyson Chicken Breast, Family Pack",L-6480,2026-07-12,4
b6aa48f4-7d48-4228-82cf-4265bc397694,LA-7870,LA,808049347754,Nature Valley Granola Bars,L-6480,2026-06-04,4
e5266c62-12f1-4d3f-9883-2db4f7864722,NM-1090,NM,701993641404,Blue Bell Vanilla Ice Cream,192729,2026-05-07,3
74e628f7-2e48-4fee-b291-f21fce331c83,NM-7604,NM,241490613039,"Simple Truth Large Grade A Eggs, Dozen",P-1950,2026-06-27,2
d16a6c20-c0c0-4214-bc16-e1adaddaa413,MO-2852,MO,680261188425,"Great Value 2% Milk, Gallon",192729,2026-05-12,4
68b40a9c-5a94-4998-ad97-c3dceb1fcb83,TN-5550,TN,382652812974,"Chobani Greek Yogurt, 32oz",406635,2026-04-24,3
5dbd6df5-c577-4a15-999b-a665e74dbd27,AR-8471,AR,808049347754,Nature Valley Granola Bars,250347,2026-05-28,4
f0aa6349-1c2b-4c80-b399-e1651a399413,TN-3334,TN,382652812974,"Chobani Greek Yogurt, 32oz",192729,2026-05-09,3
60bab161-ca79-4017-95ec-5ac7fd2b8334,AR-8672,AR,701993641404,Blue Bell Vanilla Ice Cream,L-1324,2026-05-03,2
4a7cabfc-7343-4d6f-a1dc-0145fe562091,AR-5308,AR,382652812974,"Chobani Greek Yogurt, 32oz",L-4532,2026-07-30,1
a15b39cf-188f-4520-a3b1-0423d4f0adb9,OK-5014,OK,610163406023,Folgers Classic Roast Coffee,L-5740,2026-04-12,4
472491a2-43bf-4f5e-b3b7-2707e44ce897,NM-4189,NM,808049347754,Nature Valley Granola Bars,L-4260,2026-04-08,2
a1c8cc35-8ad6-4936-b4b3-55759d7f70b1,MS-4881,MS,701993641404,Blue Bell Vanilla Ice Cream,L-7111,2026-06-08,3
89012de7-bf7d-4d9b-bf19-e224f5a9244f,LA-3269,LA,808049347754,Nature Valley Granola Bars,L-6480,2026-05-27,4
d1f9ecfb-67c2-4faa-b16d-9c15965ed72f,TX-4488,TX,680261188425,"Great Value 2% Milk, Gallon",192729,2026-06-02,2
25ced8fe-467b-45ba-8ee7-3d6c0b05ae75,AR-6790,AR,701993641404,Blue Bell Vanilla Ice Cream,L-5740,2026-04-26,2
df50d4cd-e6ec-48c6-a445-81072587e4fa,NM-8789,NM,808049347754,Nature Valley Granola Bars,L-4532,2026-07-08,3
f6ab7e82-a8b4-4a65-a821-678f48866996,AL-6841,AL,875113329103,"Tyson Chicken Breast, Family Pack",192729,2026-07-31,4
7011c062-3472-453b-ba35-b2383cb83b3b,AR-6012,AR,680261188425,"Great Value 2% Milk, Gallon",L-4532,2026-05-18,4
dee8336d-ed17-491e-a33f-8b1537cafc31,TN-5821,TN,653374520407,"Land O'Lakes Butter, 1lb",250347,2026-04-11,2
01fb49f1-7ded-4ce5-a649-3b472033610f,LA-4261,LA,889391736613,Wonder Bread Classic White,337807,2026-04-11,1
4ca7fb78-0562-43a3-a567-abeb50e5a791,OK-7654,OK,680261188425,"Great Value 2% Milk, Gallon",L-4532,2026-05-06,4
e78367e2-7945-44ac-a967-ca80d84345db,MS-6039,MS,701993641404,Blue Bell Vanilla Ice Cream,L-5740,2026-07-18,4
2872de74-1fd5-433a-bb4b-9a0ef41b52a9,AR-9099,AR,701993641404,Blue Bell Vanilla Ice Cream,337807,2026-05-17,4
5055e213-8d9e-486e-8e30-d1260be5b9cb,TX-6451,TX,610163406023,Folgers Classic Roast Coffee,L-5740,2026-07-25,3
fab75fbe-28f5-4d01-838e-f41f541dff3e,TX-5317,TX,859982493629,"Country Morning Large Grade A Eggs, Dozen",0840962,2026-07-02,2
9a1a339d-9aac-419e-86b1-51e7c4fe7c95,AL-8017,AL,889391736613,Wonder Bread Classic White,250347,2026-05-19,4
edc9566c-baea-4a35-8340-88b0efe49068,OK-8780,OK,382652812974,"Chobani Greek Yogurt, 32oz",L-5740,2026-07-07,2
28482ebf-0354-4c85-9bcf-9a795b75d5b0,AR-8664,AR,610163406023,Folgers Classic Roast Coffee,L-4260,2026-05-05,1
5c56cabb-6b88-42c4-937e-416eccd22d53,NM-6942,NM,875113329103,"Tyson Chicken Breast, Family Pack",L-4260,2026-05-24,4
c6cb3e6c-8dd6-4b1d-b570-e20aeac8134e,TX-6720,TX,610163406023,Folgers Classic Roast Coffee,L-4260,2026-04-05,4
e1bfb5a7-8142-4a5b-b8e3-8ae76196d070,MO-2956,MO,701993641404,Blue Bell Vanilla Ice Cream,L-4532,2026-08-03,3
27cd3f9e-33c1-4597-9ab1-25ed49b7ee61,MS-5383,MS,889391736613,Wonder Bread Classic White,192729,2026-05-27,1
c6894b6d-ba26-4337-9574-54f1ce7e5ef6,LA-7642,LA,382652812974,"Chobani Greek Yogurt, 32oz",L-5740,2026-06-22,4
310999bd-5667-4e46-bd51-80f58dd8f838,MS-9141,MS,382652812974,"Chobani Greek Yogurt, 32oz",L-1324,2026-06-14,2
63300c7f-9e91-4084-9586-2e2d0b062a69,LA-8478,LA,808049347754,Nature Valley Granola Bars,L-6480,2026-06-17,2
9f1413b8-f138-4510-8622-ad1eaf16eeb3,NM-6856,NM,382652812974,"Chobani Greek Yogurt, 32oz",L-7111,2026-07-01,3
b87fdb79-151a-40aa-8353-6f949a3e9ae1,NM-8908,NM,653374520407,"Land O'Lakes Butter, 1lb",406635,2026-04-05,4
c01aa2ef-f6ef-49a4-bf65-477e017055bf,NM-9249,NM,808049347754,Nature Valley Granola Bars,L-1324,2026-06-20,1
7015cc8d-f670-4693-ad38-adbadbe417f2,CA-2697,CA,382652812974,"Chobani Greek Yogurt, 32oz",337807,2026-04-16,2
c34ef7df-54c3-490a-a009-52fb41eded4a,AL-9638,AL,382652812974,"Chobani Greek Yogurt, 32oz",L-6480,2026-06-18,3
8f8e3677-875c-4b76-8bf7-4e99679056d0,LA-2828,LA,382652812974,"Chobani Greek Yogurt, 32oz",337807,2026-08-06,1
99bb5c34-0413-47a5-b25e-56c152b86a4a,GA-4238,GA,653374520407,"Land O'Lakes Butter, 1lb",L-6480,2026-07-06,2
c742aa9e-d66d-48b9-b339-3fad0941ecf1,CA-4822,CA,889391736613,Wonder Bread Classic White,L-6480,2026-06-28,1
6d58d6db-c4ad-4baf-ad54-5fbe71e98644,NM-5260,NM,680261188425,"Great Value 2% Milk, Gallon",L-6480,2026-04-06,4
95e2d1ac-0055-4529-8faa-a5e8a403444d,OK-1292,OK,875113329103,"Tyson Chicken Breast, Family Pack",L-1324,2026-07-04,4
57fc893a-a1a8-4d80-836c-5c7fd60d469d,OK-8141,OK,382652812974,"Chobani Greek Yogurt, 32oz",250347,2026-05-15,3
a5097a9b-7aa9-41e1-8db0-a0984952d8ae,GA-4588,GA,808049347754,Nature Valley Granola Bars,406635,2026-04-04,3
0001f81c-99ab-4e59-aea4-bfd411011e2b,OK-3830,OK,653374520407,"Land O'Lakes Butter, 1lb",L-4532,2026-05-12,2
4362a364-b244-4480-b7d2-af9eb4f511e5,CA-2834,CA,875113329103,"Tyson Chicken Breast, Family Pack",250347,2026-07-04,1
36abd934-bf09-408b-b5d4-de39dd58c795,TX-1894,TX,875113329103,"Tyson Chicken Breast, Family Pack",406635,2026-05-26,1
6f3edb8e-251d-4bc0-9d96-b3982909f63a,LA-4736,LA,875113329103,"Tyson Chicken Breast, Family Pack",L-1324,2026-06-08,2
1ad170b9-21b7-4113-ab11-2f448691417d,TX-9652,TX,875113329103,"Tyson Chicken Breast, Family Pack",250347,2026-05-30,2
84513e63-8bf8-4ccb-8bf1-8df7643908bf,TX-9788,TX,680261188425,"Great Value 2% Milk, Gallon",L-4532,2026-05-17,1
759faf5f-b28a-4351-a87b-0491bc1b58a6,MO-3775,MO,653374520407,"Land O'Lakes Butter, 1lb",406635,2026-07-30,1
321cdc8d-f288-4912-bca5-2ae7aa83dd2d,MS-1564,MS,653374520407,"Land O'Lakes Butter, 1lb",L-7111,2026-04-18,4
c9884041-5c50-4b78-ac6c-eae45824848f,MS-3871,MS,875113329103,"Tyson Chicken Breast, Family Pack",250347,2026-05-18,4
4901bc32-eb5d-468e-a17f-ea1aacfaa0c2,CA-9057,CA,875113329103,"Tyson Chicken Breast, Family Pack",L-4532,2026-07-03,2
3438e657-2568-4423-a815-9daebb974333,AR-4468,AR,653374520407,"Land O'Lakes Butter, 1lb",L-4260,2026-05-18,3
9ba05633-cbab-4820-9bc0-eda495eefb6f,TX-1123,TX,808049347754,Nature Valley Granola Bars,L-4532,2026-05-24,4
f8e9ae9a-2fb3-492f-b46c-6d0015c81a31,NM-7453,NM,382652812974,"Chobani Greek Yogurt, 32oz",337807,2026-08-03,3
dc00bafa-63c4-4316-95ec-e6f0a6885593,LA-5642,LA,610163406023,Folgers Classic Roast Coffee,L-5740,2026-07-20,1
9643dd7e-d8c7-4a84-8956-302ad57e92f5,TN-6610,TN,701993641404,Blue Bell Vanilla Ice Cream,L-7111,2026-06-17,3
f9b22e4a-41fd-4900-8b83-cf8a420a257c,GA-1252,GA,382652812974,"Chobani Greek Yogurt, 32oz",L-4532,2026-08-01,4
404d4dc7-e24e-4013-b235-b2543b539ea2,TN-2678,TN,889391736613,Wonder Bread Classic White,L-7111,2026-08-14,3
f3da3320-f7d0-4de0-afa0-f7b578f55985,FL-8832,FL,653374520407,"Land O'Lakes Butter, 1lb",L-7111,2026-06-01,2
5dbd541f-a684-4d87-9d04-9be826ac448d,NM-4941,NM,059533434211,"Kroger Large Grade A Eggs, Dozen",P-1950,2026-06-25,2
5bf67bee-be45-406f-a8a8-2df89489c70f,CA-9103,CA,610163406023,Folgers Classic Roast Coffee,250347,2026-04-14,2
4fce2de2-e8e6-40cc-bcf2-b2150c5f8fd5,AR-1377,AR,382652812974,"Chobani Greek Yogurt, 32oz",L-1324,2026-05-29,3
efb91d98-f037-4f20-8064-22f23ed3340c,CA-4387,CA,701993641404,Blue Bell Vanilla Ice Cream,192729,2026-04-19,4
3bc51974-c1f1-4c22-9e4a-d4cd4a8d25af,AL-1857,AL,680261188425,"Great Value 2% Milk, Gallon",L-5740,2026-08-12,1
f8f5315d-5e81-45b9-b534-8871265d3b78,GA-7060,GA,382652812974,"Chobani Greek Yogurt, 32oz",L-6480,2026-06-18,3
fb3cc0af-01fe-4b31-836d-67ab3ace4888,LA-5012,LA,808049347754,Nature Valley Granola Bars,L-6480,2026-06-24,3
6d04733b-df49-462f-88fe-366b8cd13cd0,OK-3639,OK,889391736613,Wonder Bread Classic White,L-7111,2026-06-16,2
7d48d43b-84cd-4cf9-be7b-c197325a6281,AR-9176,AR,875113329103,"Tyson Chicken Breast, Family Pack",250347,2026-07-11,3
73941fe6-98de-413f-aced-6f778472e8c5,TN-4203,TN,889391736613,Wonder Bread Classic White,L-1324,2026-07-31,1
4c0c0c2a-3f9c-4dae-b900-cb18dc8d3518,LA-8861,LA,610163406023,Folgers Classic Roast Coffee,L-1324,2026-07-23,4
25232a5b-ce00-4980-a14d-97b0a1406cdf,MO-2251,MO,610163406023,Folgers Classic Roast Coffee,192729,2026-08-03,1
d1b6ee80-77a8-4598-acb1-9eced3a7b1f1,MO-1771,MO,653374520407,"Land O'Lakes Butter, 1lb",192729,2026-07-28,1
eea33557-b261-4e59-aa88-a6901d91e50b,TN-6151,TN,701993641404,Blue Bell Vanilla Ice Cream,L-4532,2026-06-24,2
61f513ff-2e64-4d54-9371-a3ae4a1b09b7,FL-2873,FL,610163406023,Folgers Classic Roast Coffee,L-5740,2026-05-12,3
cdde6e4e-891d-45b8-9b3f-01a0646405c7,AR-4955,AR,808049347754,Nature Valley Granola Bars,L-1324,2026-05-04,4
cc0e6a0b-8cda-4259-a3c6-9c7162c2fc61,AL-1721,AL,701993641404,Blue Bell Vanilla Ice Cream,L-6480,2026-05-12,3
4c2db438-0aea-43a4-9efd-26c01e265af6,MS-3839,MS,610163406023,Folgers Classic Roast Coffee,L-5740,2026-06-18,2
9430f154-ce97-49de-b1cf-67430accaecb,NM-9093,NM,701993641404,Blue Bell Vanilla Ice Cream,337807,2026-07-15,2
e65af9f2-a219-4e42-bb14-1c125bdb838a,NM-6033,NM,610163406023,Folgers Classic Roast Coffee,L-7111,2026-04-13,2
ed783953-5a73-4294-86e5-2578fbce6780,MS-8723,MS,808049347754,Nature Valley Granola Bars,250347,2026-04-30,1
22e458c9-0cb9-4dca-9014-56204e364a7b,MO-5388,MO,680261188425,"Great Value 2% Milk, Gallon",L-4532,2026-07-03,1
63b85d76-6ae2-4801-a8c2-26b486f0bead,FL-8790,FL,889391736613,Wonder Bread Classic White,192729,2026-05-04,1
15889c8f-8f22-4469-9710-6a629056b305,NM-4375,NM,889391736613,Wonder Bread Classic White,L-1324,2026-05-11,1
dbdbbb20-2fa1-4a1f-9150-43adcf6cddee,FL-6512,FL,701993641404,Blue Bell Vanilla Ice Cream,L-4532,2026-06-27,4
20b503b6-ecb5-4831-bea0-388893f28977,OK-2005,OK,808049347754,Nature Valley Granola Bars,L-4260,2026-06-13,2
ffe073f5-d3ab-48fd-b728-7d4afb9b130b,MS-8595,MS,701993641404,Blue Bell Vanilla Ice Cream,406635,2026-07-05,2
f03d6347-7175-4e39-9cf9-5ca5656b11ea,LA-6567,LA,889391736613,Wonder Bread Classic White,192729,2026-08-10,4
8199f402-bb56-49d0-8fc2-1d531c0c4687,TX-3959,TX,382652812974,"Chobani Greek Yogurt, 32oz",L-4532,2026-04-13,4
93f1d52c-f5cb-40be-9f0a-3674ea3b93b1,LA-1648,LA,701993641404,Blue Bell Vanilla Ice Cream,L-7111,2026-08-01,4
09a1146a-0491-4efa-b746-15cd53d1c74a,GA-7174,GA,653374520407,"Land O'Lakes Butter, 1lb",337807,2026-04-20,4
614c0198-5d6a-4fc3-8fdf-a70d4d4b6d5a,MS-2040,MS,875113329103,"Tyson Chicken Breast, Family Pack",L-7111,2026-06-22,4
a9a50453-869e-482e-aaae-bce05b1111db,LA-7238,LA,701993641404,Blue Bell Vanilla Ice Cream,L-4260,2026-04-02,2
d5f7d643-e704-4317-82de-3884fd744dbd,TX-6166,TX,680261188425,"Great Value 2% Milk, Gallon",192729,2026-07-21,4
82fcfde7-09e4-4643-a9f0-9ba5cbd7afe4,MS-1010,MS,382652812974,"Chobani Greek Yogurt, 32oz",250347,2026-05-24,2
91be25fb-6795-4f1f-bda1-26644278fb16,OK-2770,OK,680261188425,"Great Value 2% Milk, Gallon",192729,2026-08-12,2
39447cf1-984f-424a-bb55-8d985a014278,NM-1238,NM,680261188425,"Great Value 2% Milk, Gallon",L-1324,2026-06-06,3
ad74d55c-f248-44b3-af51-a7e54892b6bf,LA-8742,LA,701993641404,Blue Bell Vanilla Ice Cream,L-4532,2026-05-28,4
9252e984-20a2-408f-95cf-622d55aa7948,CA-2090,CA,808049347754,Nature Valley Granola Bars,L-5740,2026-05-07,1
093ac691-d5dc-4cdd-81e2-f7dfcf700abb,TN-2425,TN,653374520407,"Land O'Lakes Butter, 1lb",L-5740,2026-05-11,4
126669c5-8992-479b-b033-fe9071f7ff08,OK-8361,OK,889391736613,Wonder Bread Classic White,L-1324,2026-07-16,1
c97d39e1-2b8c-418f-a205-0003f03aebfa,GA-1651,GA,382652812974,"Chobani Greek Yogurt, 32oz",L-4532,2026-06-25,1
0807a3e3-a1fd-4115-aa49-76b9a30e5caf,FL-5193,FL,680261188425,"Great Value 2% Milk, Gallon",337807,2026-08-04,3
38a9b8ad-1405-4ee0-835c-dce824272ca5,GA-5440,GA,610163406023,Folgers Classic Roast Coffee,L-6480,2026-04-11,3
c1b11069-4b87-44f8-a435-c303b46da7c1,NM-3797,NM,610163406023,Folgers Classic Roast Coffee,406635,2026-05-25,3
c6ed2d46-1dff-47d4-86fb-bfe2b65ae072,TN-8899,TN,875113329103,"Tyson Chicken Breast, Family Pack",L-1324,2026-07-09,2
e4317e81-3daf-48cf-822d-820881fba74a,GA-3557,GA,875113329103,"Tyson Chicken Breast, Family Pack",L-4260,2026-05-12,1
7eb03534-c7e7-474f-8b5c-4a64da25f0cc,OK-2767,OK,875113329103,"Tyson Chicken Breast, Family Pack",L-4532,2026-05-08,3
0a9f1257-520d-40fc-9551-75c6b5de26c7,OK-1090,OK,680261188425,"Great Value 2% Milk, Gallon",250347,2026-08-15,2
f524ec2d-8348-4ad7-b957-3f757df699c1,NM-5960,NM,610163406023,Folgers Classic Roast Coffee,337807,2026-08-03,3
04513a90-5a73-4e01-9f11-39f3addab81c,MS-2759,MS,875113329103,"Tyson Chicken Breast, Family Pack",L-7111,2026-07-24,3
2138e2cf-661b-4dbe-974c-5dd5edff2cf5,AR-6193,AR,701993641404,Blue Bell Vanilla Ice Cream,406635,2026-04-30,1
c31d9744-288e-490b-9ca3-fc7e4bc0c38a,MS-4779,MS,680261188425,"Great Value 2% Milk, Gallon",406635,2026-04-02,3
b22b9660-608b-4767-8e50-dc29d17cd8c2,CA-5316,CA,701993641404,Blue Bell Vanilla Ice Cream,L-6480,2026-07-20,4
337da44d-0f9b-4e5c-a094-848192a3a62a,OK-5653,OK,875113329103,"Tyson Chicken Breast, Family Pack",337807,2026-05-27,4
47e18a51-1709-498a-a0f0-c8bd208bea91,AR-3578,AR,653374520407,"Land O'Lakes Butter, 1lb",337807,2026-07-05,2
176939b0-bee8-4826-9bb3-280c4c899ed5,LA-2727,LA,146279721070,"Sunups Large Grade A Eggs, Dozen",P-1950,2026-06-16,4
c1ad2b0c-29fd-4d53-8757-9fd1acce4c53,TN-3254,TN,701993641404,Blue Bell Vanilla Ice Cream,406635,2026-06-21,3
2f389632-cf46-4293-b473-88e30e2c5e2b,LA-7271,LA,701993641404,Blue Bell Vanilla Ice Cream,L-4532,2026-04-27,1
cc56fc2e-264b-49da-ab71-d1321b139df8,CA-5491,CA,808049347754,Nature Valley Granola Bars,192729,2026-07-16,4
30241b14-3a53-4899-87c5-4d8f45e9971d,MO-7368,MO,680261188425,"Great Value 2% Milk, Gallon",L-7111,2026-05-03,2
1728d967-0ff8-44f4-8558-c6c69871d1c9,TN-4368,TN,610163406023,Folgers Classic Roast Coffee,L-5740,2026-05-18,4
ca6019b3-d197-4a4c-9658-3e57dbed928b,AL-2728,AL,875113329103,"Tyson Chicken Breast, Family Pack",L-5740,2026-07-17,4
c3cd1821-0af8-4383-91b4-1be99c7cd7ea,MO-2456,MO,680261188425,"Great Value 2% Milk, Gallon",406635,2026-04-12,1
cbc18200-c4fc-4fcb-946e-a029f4f3ad93,FL-7114,FL,610163406023,Folgers Classic Roast Coffee,192729,2026-07-17,2
b53b97a8-86ef-47fe-86d9-eed4691c6385,CA-2602,CA,653374520407,"Land O'Lakes Butter, 1lb",L-4532,2026-05-09,1
0660b54b-d33e-4ae8-9ed3-424e825a17bd,LA-3191,LA,241490613039,"Simple Truth Large Grade A Eggs, Dozen",0840962,2026-07-03,4
bbb7a799-5871-4dc9-8e69-e04b224b4fc9,TN-7794,TN,889391736613,Wonder Bread Classic White,L-4532,2026-08-12,2
538165ae-ff8a-4dc6-a166-6381777ae529,NM-8626,NM,701993641404,Blue Bell Vanilla Ice Cream,L-5740,2026-08-06,1
bf776406-ed09-414b-8b26-1e8d7ca430b1,MO-2998,MO,808049347754,Nature Valley Granola Bars,L-5740,2026-06-19,3
8a74ab7d-8f67-4756-9336-088c0bfa28e8,AR-4201,AR,680261188425,"Great Value 2% Milk, Gallon",L-5740,2026-06-21,2
97003ff6-0016-4fde-9bea-7df60602ebe5,FL-2627,FL,680261188425,"Great Value 2% Milk, Gallon",L-1324,2026-05-28,4
3ccbd77a-d8c1-4cec-9702-23fc39e30dd0,AL-5373,AL,808049347754,Nature Valley Granola Bars,192729,2026-04-29,3
7b436329-e17b-4a8f-bad5-0a91d77137a4,TX-2835,TX,653374520407,"Land O'Lakes Butter, 1lb",L-5740,2026-05-13,1
4d699c65-a853-4b09-ab4f-e902f2dc5e26,FL-7830,FL,680261188425,"Great Value 2% Milk, Gallon",192729,2026-05-26,2
ca85b2f2-b552-4596-95b1-f445ba8900a0,TN-9266,TN,701993641404,Blue Bell Vanilla Ice Cream,L-4532,2026-05-04,1
6f70118e-2887-4aea-9ae8-58ee87cad645,AL-6767,AL,680261188425,"Great Value 2% Milk, Gallon",250347,2026-04-26,4
dbac27c8-35ad-46ee-818c-9d451cf55b58,LA-4490,LA,889391736613,Wonder Bread Classic White,L-7111,2026-07-10,3
a2d78919-e0ad-4f77-b62d-79436637186e,OK-2585,OK,653374520407,"Land O'Lakes Butter, 1lb",L-4532,2026-07-08,1
40db717d-494c-4c18-9bac-b58c5a812fb2,AR-1474,AR,610163406023,Folgers Classic Roast Coffee,L-6480,2026-06-18,4
066b3197-255b-4a72-808d-c0df965e4010,TN-8202,TN,889391736613,Wonder Bread Classic White,L-4532,2026-04-26,2
516ad5ef-d4a8-4576-92e5-440d79188764,MO-6703,MO,808049347754,Nature Valley Granola Bars,250347,2026-06-13,3
a584cabd-e82f-477c-99d4-1a96ba2a7d6e,LA-7040,LA,808049347754,Nature Valley Granola Bars,406635,2026-07-31,1
9b2a6528-b4b4-429d-a273-e93e38e2691b,TN-2391,TN,610163406023,Folgers Classic Roast Coffee,L-6480,2026-06-04,1
87776526-4846-41e3-b1e9-99187e0af9c6,AR-1054,AR,680261188425,"Great Value 2% Milk, Gallon",L-4532,2026-07-16,3
d4f61449-4206-4808-9e0f-9205e5c73763,GA-3325,GA,680261188425,"Great Value 2% Milk, Gallon",L-5740,2026-06-26,3
1b3a1d40-f1cc-4ef5-85f5-e9e9f776880b,MS-7640,MS,875113329103,"Tyson Chicken Breast, Family Pack",L-7111,2026-04-30,3
0b3ec5e7-02cb-4148-bea1-584254bd5cfd,OK-2743,OK,701993641404,Blue Bell Vanilla Ice Cream,250347,2026-06-05,2
bac4c957-e7bc-4546-8ca7-cf95bdcf1ddc,NM-9552,NM,610163406023,Folgers Classic Roast Coffee,250347,2026-04-21,1
5f0b4703-7719-41f8-bcb3-410ebafe9733,MO-5338,MO,875113329103,"Tyson Chicken Breast, Family Pack",406635,2026-05-11,4
e3dc54f9-7eb9-49b0-9207-04a317e6845c,GA-5901,GA,610163406023,Folgers Classic Roast Coffee,L-4260,2026-07-14,1
673f1b3e-9702-417d-b7a5-1f8fab9809b7,MS-5163,MS,680261188425,"Great Value 2% Milk, Gallon",L-7111,2026-07-26,3
ddcae5fe-564c-4603-9052-8ded0ad3afe4,AL-6291,AL,808049347754,Nature Valley Granola Bars,L-5740,2026-06-05,2
c7bfa617-d8bd-4a04-b453-a61671ea5aad,LA-5145,LA,653374520407,"Land O'Lakes Butter, 1lb",L-6480,2026-07-21,4
20d7fab6-bb4c-4092-8834-3394e79da387,CA-6541,CA,382652812974,"Chobani Greek Yogurt, 32oz",337807,2026-08-12,1
b47445a8-9860-4d07-983f-197ee1ba0316,LA-5521,LA,610163406023,Folgers Classic Roast Coffee,192729,2026-07-23,4
ebe4347e-2221-4c2b-841b-82ff3d8b4ed4,OK-7360,OK,701993641404,Blue Bell Vanilla Ice Cream,L-5740,2026-07-16,4
73cffeca-c1e6-4365-95a7-8551ed102c18,NM-9777,NM,610163406023,Folgers Classic Roast Coffee,L-1324,2026-05-13,2
f1eb2b77-df39-45e9-8c19-23c30fe5904c,AR-2065,AR,889391736613,Wonder Bread Classic White,192729,2026-04-17,3
206e0405-0bfd-48c7-92e0-9c1d8c7a8c6f,TX-3277,TX,382652812974,"Chobani Greek Yogurt, 32oz",192729,2026-08-03,2
5d846fed-242c-4a93-983e-b5ab96b4f1cb,NM-7417,NM,808049347754,Nature Valley Granola Bars,L-4532,2026-06-27,2
16522e04-1cd9-4f74-9f89-03705152c81e,AL-4470,AL,875113329103,"Tyson Chicken Breast, Family Pack",L-4532,2026-04-20,3
9cc58927-9826-4e2c-a3d8-ee5d05ae163f,AL-8733,AL,701993641404,Blue Bell Vanilla Ice Cream,L-4532,2026-04-26,1
d39dfe90-ff9f-4a50-b46e-99822c83ea23,FL-5371,FL,808049347754,Nature Valley Granola Bars,L-7111,2026-05-21,2
b4a7f89c-ee46-45b0-a622-e27601b05151,CA-6545,CA,889391736613,Wonder Bread Classic White,L-4532,2026-06-29,3
54a101b1-2de7-4950-98e1-2c6b47c1991a,AR-3585,AR,701993641404,Blue Bell Vanilla Ice Cream,L-4260,2026-05-30,4
21d2f630-c1dc-475d-9bd8-ae6ab17232bf,MS-2121,MS,680261188425,"Great Value 2% Milk, Gallon",L-5740,2026-07-16,4
a82f7105-a197-44f8-8d6f-fe7ab8a857f2,OK-4879,OK,808049347754,Nature Valley Granola Bars,L-4532,2026-08-06,2
2673bdb3-7dd6-4e1b-ab26-ec0e29d318cb,AL-2462,AL,701993641404,Blue Bell Vanilla Ice Cream,L-1324,2026-05-30,1
ccf9db90-6c2e-4e0e-8201-ac16e1056c56,MO-5718,MO,701993641404,Blue Bell Vanilla Ice Cream,250347,2026-07-12,2
2cf42d84-1657-4a38-a875-eace149602f0,LA-3704,LA,680261188425,"Great Value 2% Milk, Gallon",250347,2026-04-04,4
a4a4034b-a6ed-40cc-bde3-cc896f33ebcd,CA-4906,CA,889391736613,Wonder Bread Classic White,L-7111,2026-06-04,3
5719540c-4ea6-49bd-abce-2aa034f05599,TN-1053,TN,680261188425,"Great Value 2% Milk, Gallon",L-6480,2026-05-30,2
39a6f4d1-8708-4be7-8167-79d7cc882af2,CA-4944,CA,653374520407,"Land O'Lakes Butter, 1lb",L-4532,2026-06-28,2
3bf7530e-074e-48b8-8c7f-0b288e1cef77,AL-2828,AL,382652812974,"Chobani Greek Yogurt, 32oz",L-4532,2026-04-16,3
7f1284b4-045c-424a-a1da-6a8b9cd26dfc,CA-7575,CA,808049347754,Nature Valley Granola Bars,L-4532,2026-04-15,2
52c6595b-f82f-42d6-aafd-5a122a9a5fb5,LA-9295,LA,889391736613,Wonder Bread Classic White,L-1324,2026-06-04,2
418caeb0-795e-48a0-a992-7d810085dbcb,MS-9696,MS,808049347754,Nature Valley Granola Bars,192729,2026-04-10,1
3ea7a5d0-6707-4839-abcb-d3ddafe50968,AL-4096,AL,701993641404,Blue Bell Vanilla Ice Cream,337807,2026-06-28,4
ae549b91-2fda-4704-95b0-970626486621,AL-4732,AL,889391736613,Wonder Bread Classic White,L-1324,2026-07-12,3
c7b37a90-4534-456a-8a08-6e18062f9549,MS-7917,MS,610163406023,Folgers Classic Roast Coffee,L-1324,2026-08-12,4
fc5e01cf-cc65-4190-8ddb-f69d66666106,OK-8554,OK,610163406023,Folgers Classic Roast Coffee,192729,2026-06-11,3
6f0160ce-7176-4337-b161-edfddc2ab389,FL-2569,FL,653374520407,"Land O'Lakes Butter, 1lb",250347,2026-07-17,2
57cbd496-9d20-4070-b489-9f23e06f6ed6,LA-9827,LA,808049347754,Nature Valley Granola Bars,L-1324,2026-07-27,1
00b5ce65-0cb3-4b1a-b64e-f6bfa25ea42e,TN-1115,TN,610163406023,Folgers Classic Roast Coffee,L-6480,2026-04-21,3
56e1d5aa-f130-431e-a3f4-7434e6876a37,TN-7587,TN,610163406023,Folgers Classic Roast Coffee,L-6480,2026-05-29,2
809a7d6a-3873-4770-ab04-37223c163d31,CA-3048,CA,653374520407,"Land O'Lakes Butter, 1lb",L-7111,2026-04-20,3
685116fb-a488-4417-8a7b-794c291a7121,AR-9988,AR,653374520407,"Land O'Lakes Butter, 1lb",L-1324,2026-04-22,4
9a1befc0-d88b-4d81-842a-3afd376267ab,MS-2866,MS,701993641404,Blue Bell Vanilla Ice Cream,L-4260,2026-07-15,4
332e380c-242f-4e33-816b-6e176ab54924,MO-1084,MO,382652812974,"Chobani Greek Yogurt, 32oz",406635,2026-08-04,4
8168d157-0ec9-40b8-ac6c-b6ae4a9ffce2,NM-9341,NM,382652812974,"Chobani Greek Yogurt, 32oz",L-5740,2026-07-21,1
11e318cf-0f1b-420f-9af0-f1edde449a78,LA-9881,LA,875113329103,"Tyson Chicken Breast, Family Pack",192729,2026-07-04,1
8516187e-601c-4c02-96bd-174e688d4dbb,TN-7134,TN,889391736613,Wonder Bread Classic White,L-1324,2026-07-02,2
ec3227d5-4ce2-4d1a-a196-03c4450e6e9b,LA-6171,LA,610163406023,Folgers Classic Roast Coffee,L-4532,2026-08-06,4
32dcbe86-000b-4896-ae7a-304f6e635e21,NM-6363,NM,680261188425,"Great Value 2% Milk, Gallon",L-1324,2026-08-13,2
ac58bcbf-9d57-4e63-b0a5-8ef8a4d21eaa,TN-2914,TN,701993641404,Blue Bell Vanilla Ice Cream,250347,2026-06-08,1
3e47e1a5-9379-4210-aa7c-5e0cac0a0acf,TX-7180,TX,701993641404,Blue Bell Vanilla Ice Cream,L-4260,2026-06-29,3
52cad3ef-bc78-4e8f-8e28-dfbfe44367ee,OK-2360,OK,859982493629,"Country Morning Large Grade A Eggs, Dozen",P-1950,2026-06-21,4
1f8efd80-2bad-4ce4-94f2-eddae0bba5db,TN-2144,TN,653374520407,"Land O'Lakes Butter, 1lb",192729,2026-05-27,3
5970619c-346a-4243-8548-13f5c7047f6c,TN-4859,TN,808049347754,Nature Valley Granola Bars,L-6480,2026-07-04,4
2dd54893-ffbf-42ea-83d8-ff6788ff50f4,AL-3602,AL,610163406023,Folgers Classic Roast Coffee,L-4260,2026-05-19,1
7bd15e0c-1e2f-4482-b7ab-89af4c16253a,NM-1489,NM,701993641404,Blue Bell Vanilla Ice Cream,250347,2026-05-30,3
8dce3652-03b2-461a-828a-6c11266645b4,LA-1634,LA,653374520407,"Land O'Lakes Butter, 1lb",337807,2026-04-03,4
fc7b4519-f382-40a7-b0a9-c614c9d1155a,AL-7872,AL,701993641404,Blue Bell Vanilla Ice Cream,L-5740,2026-08-07,1
f9a9d08d-aa1e-40ee-b504-17954d989d1f,CA-3240,CA,889391736613,Wonder Bread Classic White,192729,2026-07-28,3
513652c4-d710-42ad-bb88-c832dfe104b6,TX-5458,TX,653374520407,"Land O'Lakes Butter, 1lb",406635,2026-05-01,1
499720a9-036e-422e-a3ca-ae19ac642cbd,LA-3830,LA,808049347754,Nature Valley Granola Bars,L-1324,2026-04-15,2
e02b8208-faa3-47d5-86ad-84366ccf1cde,MO-7459,MO,680261188425,"Great Value 2% Milk, Gallon",337807,2026-05-18,4
f2c81b29-4075-4b1f-8f58-d4188ab58852,OK-8824,OK,889391736613,Wonder Bread Classic White,250347,2026-07-03,3
c98a235b-7834-4209-914a-d0130b0459c7,NM-5040,NM,701993641404,Blue Bell Vanilla Ice Cream,337807,2026-06-15,3
14da0253-d458-4f4e-99b2-6a9888623803,MS-1606,MS,382652812974,"Chobani Greek Yogurt, 32oz",L-5740,2026-08-06,2
1634238d-b0b7-4a70-8585-d789847fc4e6,TX-4047,TX,653374520407,"Land O'Lakes Butter, 1lb",L-6480,2026-04-25,2
032d6be5-4c98-4591-8ba3-1f366c3eb3f6,NM-7630,NM,889391736613,Wonder Bread Classic White,L-7111,2026-07-18,1
c2bbc45a-fce7-43dc-ac5a-f084b619157d,NM-8390,NM,653374520407,"Land O'Lakes Butter, 1lb",L-4260,2026-06-18,2
aadd2999-6823-4ba6-859f-a0d7e3de2e90,OK-3322,OK,680261188425,"Great Value 2% Milk, Gallon",406635,2026-04-21,3
b6cdc4a0-7935-40d7-b9d1-32aa023bbad1,GA-3759,GA,808049347754,Nature Valley Granola Bars,192729,2026-05-01,2
102ffc3c-185f-48da-8d12-f5447a003861,LA-9824,LA,241490613039,"Simple Truth Large Grade A Eggs, Dozen",P-1950,2026-07-04,2
041b088d-ddee-47b6-988b-863169a5e221,CA-6756,CA,382652812974,"Chobani Greek Yogurt, 32oz",406635,2026-06-26,3
c6398c0d-893e-4f92-8f18-ec1f385d326d,GA-2159,GA,653374520407,"Land O'Lakes Butter, 1lb",L-4532,2026-05-12,1
6699eb5b-32a9-4098-8d03-bf7be331a3ef,LA-9789,LA,875113329103,"Tyson Chicken Breast, Family Pack",337807,2026-04-22,1
ab993aab-b2f6-4c1c-9fbf-d5daeb9a7d6f,CA-5029,CA,610163406023,Folgers Classic Roast Coffee,250347,2026-07-25,3
15e02aaa-f804-4693-9f60-9b9702f949fb,LA-2071,LA,875113329103,"Tyson Chicken Breast, Family Pack",192729,2026-05-17,3
cf91c3fb-03ca-4af5-b719-59cf7aea1898,FL-6948,FL,808049347754,Nature Valley Granola Bars,L-6480,2026-04-10,3
7204c76d-1de8-4f43-b11c-cd597fc68d54,FL-9550,FL,808049347754,Nature Valley Granola Bars,250347,2026-04-07,3
cb682994-087a-42a1-8183-f6fe0a4cfb8a,AL-7561,AL,808049347754,Nature Valley Granola Bars,L-6480,2026-04-28,2
2f5a4c37-0ad1-4be2-843e-0a4b07dc5917,LA-5911,LA,680261188425,"Great Value 2% Milk, Gallon",250347,2026-05-07,4
409924bf-51cc-46c5-b985-c78796e2c202,GA-6906,GA,610163406023,Folgers Classic Roast Coffee,337807,2026-04-16,1
984c1825-8e40-4296-9597-b6727b961e32,OK-8307,OK,059533434211,"Kroger Large Grade A Eggs, Dozen",0840962,2026-07-13,3
9459a611-2373-42e0-b794-66ab2c4401a6,CA-3229,CA,701993641404,Blue Bell Vanilla Ice Cream,192729,2026-05-19,3
01fe3b88-dd4b-424a-be6a-a001245a565a,MO-3438,MO,875113329103,"Tyson Chicken Breast, Family Pack",L-7111,2026-08-04,3
d104e2d8-95fc-4d53-bf79-7f4ad9aaa471,MO-9837,MO,889391736613,Wonder Bread Classic White,192729,2026-05-29,1
c0161d40-cfd3-40fe-a003-966adf71ad67,TN-3024,TN,808049347754,Nature Valley Granola Bars,L-6480,2026-08-01,3
b6654c6f-0209-4b3e-91d9-b723135fc4e9,TN-3545,TN,653374520407,"Land O'Lakes Butter, 1lb",L-6480,2026-08-11,4
d65c601f-d4e4-4c04-a74e-002d3b5f55af,FL-2761,FL,680261188425,"Great Value 2% Milk, Gallon",337807,2026-06-17,4
a064c3c6-e4ae-4f92-b887-de6e451c7a23,AL-2738,AL,808049347754,Nature Valley Granola Bars,L-4532,2026-07-17,1
b51f0e17-b9b7-4ae6-b0b0-1a11354529c4,NM-9447,NM,382652812974,"Chobani Greek Yogurt, 32oz",L-4532,2026-08-10,4
548ab8ac-88bd-4a75-87de-01c8d4c92ef6,GA-8179,GA,382652812974,"Chobani Greek Yogurt, 32oz",406635,2026-06-16,1
eac520af-ce3b-4277-a5f2-3d918f021fc5,CA-6880,CA,889391736613,Wonder Bread Classic White,L-1324,2026-04-27,1
cf804b85-8b9a-41de-a77a-9da84919e44d,MS-7759,MS,889391736613,Wonder Bread Classic White,406635,2026-07-21,2
df31d6f4-9749-4a43-b5ce-ba38ba4b2584,MS-5885,MS,701993641404,Blue Bell Vanilla Ice Cream,337807,2026-06-10,2
0af250ee-d2c1-483f-a8b5-f0117f9597ac,CA-6848,CA,382652812974,"Chobani Greek Yogurt, 32oz",L-5740,2026-05-03,2
174ef2b2-e7c3-4080-a785-60ea9585d004,OK-5213,OK,610163406023,Folgers Classic Roast Coffee,337807,2026-05-01,1
9c25628a-985c-4f46-ad24-56ebb4bdeeec,NM-4455,NM,680261188425,"Great Value 2% Milk, Gallon",406635,2026-04-07,2
4e018c65-7746-4a07-8162-3c3058e99566,AR-7623,AR,610163406023,Folgers Classic Roast Coffee,L-7111,2026-07-19,1
c482b1aa-ccbc-469d-96d0-cbf1522489ce,NM-7971,NM,382652812974,"Chobani Greek Yogurt, 32oz",L-4260,2026-07-17,2
d894ba1f-d46e-46c4-bb6e-24d89d998d1a,OK-3169,OK,680261188425,"Great Value 2% Milk, Gallon",L-7111,2026-07-04,2
8e7c4b92-5e79-4f5d-ae78-10a8650972ff,GA-8411,GA,680261188425,"Great Value 2% Milk, Gallon",250347,2026-05-12,4
862cbac8-247a-4f83-8e1b-e58d9de65e7e,FL-2706,FL,889391736613,Wonder Bread Classic White,L-5740,2026-05-28,4
b58ca7d6-ed7d-4c97-8383-b52a2f8ed666,GA-3436,GA,680261188425,"Great Value 2% Milk, Gallon",L-1324,2026-07-06,3
d6b80d85-649f-4093-b32f-314d8b3a8e16,TX-2626,TX,680261188425,"Great Value 2% Milk, Gallon",L-1324,2026-07-15,1
1134c860-01a6-4063-bbf3-21f07c21db3f,MO-6238,MO,680261188425,"Great Value 2% Milk, Gallon",L-1324,2026-05-04,1
4ffcb08a-5a10-4ff6-81c3-e7e62ec11d96,GA-9779,GA,610163406023,Folgers Classic Roast Coffee,L-4260,2026-07-19,2
eecb6ce9-1cdd-495f-a1fd-db99918a0a91,TX-3765,TX,875113329103,"Tyson Chicken Breast, Family Pack",L-5740,2026-07-13,4
db50f6e5-04b0-4e5b-851d-539963c60a3b,OK-5995,OK,875113329103,"Tyson Chicken Breast, Family Pack",L-4532,2026-04-04,2
ea6ba916-c15d-4578-85dc-8f84e209ace4,OK-3361,OK,382652812974,"Chobani Greek Yogurt, 32oz",L-1324,2026-07-19,3
b1cf24bc-f417-40f6-8fda-f49a1b320910,NM-3789,NM,680261188425,"Great Value 2% Milk, Gallon",L-7111,2026-05-30,1
314bd8af-fa8a-4ff3-9901-b86fe5773747,FL-6904,FL,889391736613,Wonder Bread Classic White,L-7111,2026-04-08,3
c78953cd-c55a-45a4-b0f2-ae91a1a0af4d,MS-9303,MS,680261188425,"Great Value 2% Milk, Gallon",L-6480,2026-04-21,3
41a8d251-208a-4d4d-a05e-ebb4b26e329e,TN-7325,TN,680261188425,"Great Value 2% Milk, Gallon",L-1324,2026-04-15,4
2ab9b79d-3217-40c5-82d7-b562b132799f,MO-3489,MO,653374520407,"Land O'Lakes Butter, 1lb",192729,2026-07-20,3
6f95afc1-1860-4d3b-aa57-1f3f488eb53a,NM-1044,NM,680261188425,"Great Value 2% Milk, Gallon",L-4260,2026-04-16,2
890cbf76-c195-40ca-8f04-ee05793a1e42,OK-7245,OK,808049347754,Nature Valley Granola Bars,250347,2026-07-07,2
15220976-fa24-455d-8be6-559d9771bea4,OK-1328,OK,382652812974,"Chobani Greek Yogurt, 32oz",L-1324,2026-05-13,2
0d983b75-d764-4c7e-9983-1e56b9dd9292,LA-9940,LA,610163406023,Folgers Classic Roast Coffee,L-7111,2026-04-19,1
a6f7125a-799c-4804-a56d-9fc6f2d8d115,NM-3387,NM,875113329103,"Tyson Chicken Breast, Family Pack",L-1324,2026-05-19,2
2ca94f06-377c-4bce-b953-89ba7d521d7c,AL-3408,AL,610163406023,Folgers Classic Roast Coffee,250347,2026-05-04,4
0bc39e10-f7cd-458f-9f60-47cc207549cf,AL-1641,AL,610163406023,Folgers Classic Roast Coffee,L-1324,2026-05-04,2
1059585d-2c63-4a4d-8998-7be7bb93a5a4,TX-7907,TX,382652812974,"Chobani Greek Yogurt, 32oz",L-4532,2026-05-22,3
a403b948-626b-4047-b916-ac2baeeca03a,LA-5032,LA,057642652279,"Brookshire's Large Grade A Eggs, Dozen",P-1950,2026-06-14,2
2bae2d07-a63d-4c65-9034-97d031f6b82b,GA-6289,GA,889391736613,Wonder Bread Classic White,L-5740,2026-05-14,1
26d2d592-8923-4ff7-a0e6-8445fbd9e2a8,NM-1019,NM,889391736613,Wonder Bread Classic White,337807,2026-08-03,2
39821411-b2ce-467b-bea0-464e49f13940,TX-8344,TX,889391736613,Wonder Bread Classic White,337807,2026-07-08,3
933d4a39-3508-4fa1-8209-c1fb87ec7896,CA-8784,CA,653374520407,"Land O'Lakes Butter, 1lb",L-4260,2026-06-27,2
8b50dfb3-92c1-4a09-9904-ef77dff51203,OK-7210,OK,610163406023,Folgers Classic Roast Coffee,337807,2026-06-14,2
b031c0fe-69b9-4349-8cbb-41afe3962903,LA-1989,LA,680261188425,"Great Value 2% Milk, Gallon",L-4532,2026-05-25,2
ac43d1d3-2dea-4bcc-97d9-30dcb9aaaafa,TX-1591,TX,875113329103,"Tyson Chicken Breast, Family Pack",L-4532,2026-07-07,2
c0acd86d-b0fa-4b6f-b9bc-08452693443e,FL-7920,FL,653374520407,"Land O'Lakes Butter, 1lb",L-4260,2026-04-02,3
ab6350b8-4d74-4443-8175-aabc13d6486b,FL-8068,FL,889391736613,Wonder Bread Classic White,L-1324,2026-05-06,3
8a158d47-0fde-4c5d-ad41-4667735b34c8,MO-4096,MO,808049347754,Nature Valley Granola Bars,L-6480,2026-06-04,4
a539981c-82b6-4493-afd6-827376d2f572,NM-1661,NM,875113329103,"Tyson Chicken Breast, Family Pack",250347,2026-06-25,1
5e3eb971-2463-45b7-9baf-389fa1840fb2,MS-6814,MS,808049347754,Nature Valley Granola Bars,L-1324,2026-07-09,1
bbe498e8-9680-44de-ba06-6f3c4f6f9e5c,GA-3058,GA,653374520407,"Land O'Lakes Butter, 1lb",L-4532,2026-05-11,3
75088fac-1faa-4768-ad86-a9087b41c6b3,MO-5448,MO,680261188425,"Great Value 2% Milk, Gallon",L-6480,2026-06-27,2
f383e8b9-b066-4584-8ce4-93753fefd4d6,MO-5284,MO,610163406023,Folgers Classic Roast Coffee,L-4260,2026-06-13,1
a41101db-2608-4643-bbf9-7a416d3767bc,TX-6522,TX,653374520407,"Land O'Lakes Butter, 1lb",L-7111,2026-05-05,3
de1173cd-0247-4aa9-9709-b9c5f78e24eb,LA-2248,LA,889391736613,Wonder Bread Classic White,L-1324,2026-06-17,3
ef214345-8b97-4648-8701-f448c33dd8b3,OK-6209,OK,653374520407,"Land O'Lakes Butter, 1lb",337807,2026-08-03,3
5b84265d-4a07-40ca-b49e-47f62030b731,FL-1085,FL,653374520407,"Land O'Lakes Butter, 1lb",192729,2026-07-21,1
b8bec7cf-7b07-467f-a514-7d775a34816b,LA-9852,LA,382652812974,"Chobani Greek Yogurt, 32oz",L-5740,2026-07-25,2
453a5ae9-eb6b-4535-b5ca-4fb22f1c8817,GA-3296,GA,875113329103,"Tyson Chicken Breast, Family Pack",337807,2026-06-26,3
2bb1d736-b2e1-4e2b-8a55-d03aa861cf99,AR-3886,AR,808049347754,Nature Valley Granola Bars,337807,2026-07-03,4
d76df49a-a005-47cb-bbee-824109f299aa,MO-5774,MO,382652812974,"Chobani Greek Yogurt, 32oz",L-4532,2026-07-03,3
11bd0331-3c86-4750-8833-7b1b1e360176,GA-3904,GA,875113329103,"Tyson Chicken Breast, Family Pack",337807,2026-05-19,3
4344e46e-8022-43ec-9dd6-3f22aebc7f87,LA-9279,LA,701993641404,Blue Bell Vanilla Ice Cream,250347,2026-07-20,4
6f67a790-b3fd-4dda-93bc-399a7bb288a9,LA-7117,LA,875113329103,"Tyson Chicken Breast, Family Pack",406635,2026-04-03,2
f8b3ade8-3762-4f12-a4ba-e0db608be38a,LA-7051,LA,680261188425,"Great Value 2% Milk, Gallon",L-7111,2026-06-08,3
73d0d532-70b3-4317-acda-3c324795decc,MO-1664,MO,680261188425,"Great Value 2% Milk, Gallon",L-4260,2026-07-16,1
b1a99718-0c09-4f1e-a4d8-50fc3effbd8f,TX-2361,TX,680261188425,"Great Value 2% Milk, Gallon",406635,2026-06-23,4
72ccdb19-38ee-4666-b33e-629e6aca7a64,OK-1622,OK,610163406023,Folgers Classic Roast Coffee,192729,2026-07-30,2
c5977b28-1688-4903-b3a0-df0637a74768,GA-8057,GA,889391736613,Wonder Bread Classic White,L-7111,2026-06-21,3
8710ff6b-3665-41c3-81bb-313f265aa4f4,FL-2357,FL,382652812974,"Chobani Greek Yogurt, 32oz",L-6480,2026-06-04,1
6c8561fa-79ab-4839-beb5-7a56f2b96328,FL-9831,FL,889391736613,Wonder Bread Classic White,L-4260,2026-05-07,3
097d7ad8-76ac-413e-9a86-a027b9965405,MO-7732,MO,875113329103,"Tyson Chicken Breast, Family Pack",406635,2026-06-27,3
cf6bf92c-625e-4630-818d-943040c9bc79,TN-5396,TN,808049347754,Nature Valley Granola Bars,L-7111,2026-04-30,4
6199aa10-c9da-4a45-b76f-057bb71cd10d,MS-4555,MS,382652812974,"Chobani Greek Yogurt, 32oz",L-1324,2026-07-01,3
f6e14108-06bf-4d5f-9215-0f2a063fd024,AL-8711,AL,680261188425,"Great Value 2% Milk, Gallon",406635,2026-05-10,2
d9a5f753-aeff-45c9-92b5-cff8b03d7c28,TN-3135,TN,610163406023,Folgers Classic Roast Coffee,L-7111,2026-05-23,4
f4d5c0d2-ecac-4b5c-a4de-9c5b07cb2261,TX-8932,TX,610163406023,Folgers Classic Roast Coffee,337807,2026-07-04,1
f7d17078-1190-4b4e-86b5-cdf6c9210b99,FL-1796,FL,808049347754,Nature Valley Granola Bars,192729,2026-05-06,3
dc02bf9a-dbf7-4aa4-8e95-3b220a444be4,FL-8275,FL,808049347754,Nature Valley Granola Bars,250347,2026-04-25,1
97ee58c3-0465-42be-8c27-58c5563ae090,AR-3135,AR,889391736613,Wonder Bread Classic White,L-6480,2026-08-15,1
5330aaf7-0526-411d-ab36-0e86e019433e,MO-9888,MO,889391736613,Wonder Bread Classic White,L-5740,2026-06-12,3
d4d90a33-15fd-444a-b9da-b4c3a250bfa6,TN-7022,TN,382652812974,"Chobani Greek Yogurt, 32oz",L-5740,2026-06-29,1
52b49064-b100-49db-9574-fe4eda04f34c,LA-2533,LA,680261188425,"Great Value 2% Milk, Gallon",L-5740,2026-04-03,2
4515c573-f5e7-46cf-8b65-db214493cd22,GA-4972,GA,610163406023,Folgers Classic Roast Coffee,L-4532,2026-06-25,3
8800c5cf-ef21-4001-8b2a-c16ec800cb74,TX-1872,TX,680261188425,"Great Value 2% Milk, Gallon",L-1324,2026-05-05,3
869d75cd-f308-48d6-b721-4c4e56bbfdb6,AR-4445,AR,701993641404,Blue Bell Vanilla Ice Cream,L-6480,2026-08-04,2
54094131-75a7-4e0c-a718-65aff89d29a9,LA-7399,LA,610163406023,Folgers Classic Roast Coffee,250347,2026-04-10,4
4407f769-94ec-4d76-acfb-4ef0a276e367,TN-9326,TN,875113329103,"Tyson Chicken Breast, Family Pack",192729,2026-05-13,3
29ca0439-8428-490d-ad59-1eb5805dad6e,TX-7896,TX,680261188425,"Great Value 2% Milk, Gallon",L-5740,2026-08-09,3
c5ab26e8-c221-4116-a707-f446331523ef,TN-3415,TN,889391736613,Wonder Bread Classic White,L-5740,2026-07-07,4
b8bd9e65-725b-4bfe-8314-b51fe8dd758c,NM-2679,NM,680261188425,"Great Value 2% Milk, Gallon",L-4260,2026-08-05,1
7fe90390-eaba-4511-901f-cedc5a0ac363,MO-3356,MO,808049347754,Nature Valley Granola Bars,L-4260,2026-07-27,3
e3418d78-dddc-4452-8634-ee48d0ac087e,MO-1650,MO,889391736613,Wonder Bread Classic White,337807,2026-04-10,2
081faa80-0c4f-487f-ae57-29d631f3b4f0,OK-2595,OK,610163406023,Folgers Classic Roast Coffee,192729,2026-07-27,2
cdf3ac5e-fa1f-4556-b932-8f878326d524,LA-6480,LA,889391736613,Wonder Bread Classic White,250347,2026-07-19,4
df52a8e3-49c4-46bf-853a-43106faf4737,MS-5282,MS,653374520407,"Land O'Lakes Butter, 1lb",L-7111,2026-05-23,3
fbb81f5f-709e-495a-8d03-f3aec06279da,AL-9381,AL,653374520407,"Land O'Lakes Butter, 1lb",L-5740,2026-07-30,4
ed0e2c86-a968-4666-840b-df4a67e1e174,TN-9876,TN,808049347754,Nature Valley Granola Bars,L-5740,2026-07-20,4
e88810b0-da26-4f9c-993f-51db3b45c7dd,FL-8516,FL,875113329103,"Tyson Chicken Breast, Family Pack",L-5740,2026-07-12,3
9f878c72-0ad3-4ea9-8ff6-841ed9a49fe6,MO-2268,MO,610163406023,Folgers Classic Roast Coffee,L-1324,2026-05-19,4
bef41d0a-8bb0-465b-8f53-426493a35e48,TX-8066,TX,653374520407,"Land O'Lakes Butter, 1lb",L-1324,2026-04-26,1
058bac90-ee38-4e0c-a7f7-6a76e63f3aad,TX-3595,TX,653374520407,"Land O'Lakes Butter, 1lb",337807,2026-07-25,1
52f4e5a4-d46f-46df-aca7-882f0bb9686a,TN-7336,TN,701993641404,Blue Bell Vanilla Ice Cream,L-4260,2026-06-30,4
628c45c7-b0da-4d39-a374-c012a27bc89f,AL-2809,AL,701993641404,Blue Bell Vanilla Ice Cream,L-6480,2026-08-08,2
e3e47599-4f7a-4861-a0ec-04440df2d7ef,MO-4700,MO,889391736613,Wonder Bread Classic White,L-5740,2026-07-16,1
e13c7dc7-83db-43d6-bd89-77ab0d2f87cd,OK-9390,OK,808049347754,Nature Valley Granola Bars,L-4532,2026-07-03,1
446b3225-bb13-49b7-9a8d-ac7344c276e2,CA-2592,CA,382652812974,"Chobani Greek Yogurt, 32oz",L-5740,2026-04-17,3
cf0d04ef-0196-4f25-888a-4dd9bc6fd8e3,AR-6798,AR,701993641404,Blue Bell Vanilla Ice Cream,337807,2026-06-01,4
2c601e41-10ba-43d2-aa73-4fe08e6e14e7,NM-5764,NM,808049347754,Nature Valley Granola Bars,192729,2026-06-20,3
a3eaf087-e2e6-4015-a668-ee854bf6e2be,MS-2610,MS,382652812974,"Chobani Greek Yogurt, 32oz",L-6480,2026-04-05,1
4e3e55b1-7695-40d2-b55f-bd4d2d67d8f6,TN-7664,TN,382652812974,"Chobani Greek Yogurt, 32oz",406635,2026-07-05,2
f7869ca7-223f-40f0-915d-657f56d9f3d3,TX-1493,TX,889391736613,Wonder Bread Classic White,L-4532,2026-08-11,4
95e8cc40-6587-420c-b97e-de2da5d51cda,MS-2979,MS,653374520407,"Land O'Lakes Butter, 1lb",L-7111,2026-04-16,3
77061287-f703-46cf-aa43-a5cb04454cb7,TX-6557,TX,680261188425,"Great Value 2% Milk, Gallon",L-4532,2026-05-24,4
c2a9b284-69af-48c9-98eb-97568b4e15c8,AL-7574,AL,653374520407,"Land O'Lakes Butter, 1lb",L-4532,2026-05-29,3
e5082995-0419-44b1-87d4-b7c16ec60dae,GA-6646,GA,875113329103,"Tyson Chicken Breast, Family Pack",L-4260,2026-05-01,4
92c69167-da85-4312-9a6b-88f0c9eeb907,FL-3140,FL,889391736613,Wonder Bread Classic White,L-4532,2026-07-09,2
efa05083-a997-4f00-a43d-7e7adc9e4247,AL-6774,AL,610163406023,Folgers Classic Roast Coffee,L-1324,2026-07-09,2
2a955ca2-7fad-4d79-85fa-f0c4b8a3cd13,NM-2308,NM,610163406023,Folgers Classic Roast Coffee,L-4532,2026-04-19,1
e2a3d5c9-be4a-475a-8861-029028b317b8,CA-4548,CA,701993641404,Blue Bell Vanilla Ice Cream,L-5740,2026-04-17,4
4f415191-2b15-45a2-b5b0-7b76f7496d7d,FL-6763,FL,680261188425,"Great Value 2% Milk, Gallon",250347,2026-07-30,1
ecb5d8a2-a88d-4c2b-974f-8798aeaa5b47,FL-3756,FL,808049347754,Nature Valley Granola Bars,337807,2026-04-28,1
11befbf7-2cc8-4938-942b-dd44a72e5027,GA-7717,GA,889391736613,Wonder Bread Classic White,L-5740,2026-06-18,2
ee0bce26-e45e-4515-a37c-dd19ac3ca27c,NM-1574,NM,680261188425,"Great Value 2% Milk, Gallon",L-6480,2026-04-01,2
477cddfe-f41c-419d-abad-e867dd830c9b,TN-1401,TN,680261188425,"Great Value 2% Milk, Gallon",L-7111,2026-05-20,1
a1410c9d-13b0-494e-b7f9-8c447e3c3385,TN-4252,TN,701993641404,Blue Bell Vanilla Ice Cream,L-5740,2026-06-06,4
e0c616aa-bc01-47ab-b5ba-c5fa869cc6e0,GA-7090,GA,610163406023,Folgers Classic Roast Coffee,250347,2026-08-07,1
48e6f3ea-723b-4751-90ca-6bfd2240f722,CA-1282,CA,875113329103,"Tyson Chicken Breast, Family Pack",L-7111,2026-04-30,3
f8179168-1ac7-4679-aafd-9c9c1242fa25,MO-2882,MO,701993641404,Blue Bell Vanilla Ice Cream,L-5740,2026-07-14,3
fecad385-4a46-437f-8ddd-6820bac4da53,TX-5046,TX,889391736613,Wonder Bread Classic White,L-4532,2026-07-04,1
90a7faa2-da24-43d1-a3e0-1169a28ccc2e,MO-5002,MO,889391736613,Wonder Bread Classic White,406635,2026-08-08,3
28ee49b0-c2c7-488d-a86f-d6b8a3edaa13,TX-5002,TX,701993641404,Blue Bell Vanilla Ice Cream,192729,2026-04-01,4
f7d0a33f-0601-4957-be18-587fa55deeb8,NM-5662,NM,701993641404,Blue Bell Vanilla Ice Cream,192729,2026-08-14,1
b8c031c3-7c30-40ba-9e30-c7f2ea0ec806,GA-9228,GA,653374520407,"Land O'Lakes Butter, 1lb",L-4532,2026-04-15,4
8953ad8a-2f1f-40ab-9608-6bc61b3b5743,LA-7647,LA,875113329103,"Tyson Chicken Breast, Family Pack",L-4532,2026-05-26,3
c25e77cb-e957-47c9-93ba-ba3899655a4d,LA-6283,LA,653374520407,"Land O'Lakes Butter, 1lb",L-5740,2026-06-19,1
d07cdf45-e4db-43f2-a97c-466dddd7d509,LA-8302,LA,808049347754,Nature Valley Granola Bars,L-5740,2026-04-14,4
f82b9498-6b4b-4a54-8dea-748803f78a0d,FL-6440,FL,610163406023,Folgers Classic Roast Coffee,250347,2026-06-26,1
1243fc0e-60ec-48fb-ac8e-2add6d176e32,CA-3060,CA,875113329103,"Tyson Chicken Breast, Family Pack",406635,2026-07-11,1
1f88bd7f-2da0-45a0-8e8f-a720a0552342,OK-7728,OK,653374520407,"Land O'Lakes Butter, 1lb",250347,2026-06-27,4
aac1a200-0724-4065-82e2-9c89305cc582,AR-3948,AR,382652812974,"Chobani Greek Yogurt, 32oz",L-7111,2026-05-06,2
5b9beb84-5ed2-4ca4-9255-63f999cda882,TX-4026,TX,889391736613,Wonder Bread Classic White,L-1324,2026-07-30,2
8319e5dd-880c-489a-b9eb-b30c03562dd6,FL-3931,FL,680261188425,"Great Value 2% Milk, Gallon",L-4260,2026-06-06,4
b6bb81c9-a7ec-4d31-84de-06e229e9ae4f,GA-8322,GA,875113329103,"Tyson Chicken Breast, Family Pack",406635,2026-04-17,4
6c3e0669-04e4-4eba-8d3a-dd5180d6b521,GA-8636,GA,889391736613,Wonder Bread Classic White,250347,2026-04-26,2
3e0f04fc-0351-43bc-a0ec-9365c0223e92,NM-4609,NM,808049347754,Nature Valley Granola Bars,L-1324,2026-08-01,4
fb4ef689-7891-4c31-8886-b8fe44855fc1,GA-8063,GA,610163406023,Folgers Classic Roast Coffee,L-4260,2026-05-19,4
7e7b60f3-a961-470d-af21-6a471387890d,TN-1638,TN,653374520407,"Land O'Lakes Butter, 1lb",406635,2026-07-08,4
51258b50-3f9b-4674-98ec-ca48e4699424,MO-4257,MO,889391736613,Wonder Bread Classic White,192729,2026-04-03,1
2d772536-ac1d-4f5d-b907-cc5eddf3c2f3,NM-2358,NM,610163406023,Folgers Classic Roast Coffee,L-7111,2026-04-16,3
16e2b4ba-ccb6-4dce-84e8-4299a0d733b0,NM-8000,NM,875113329103,"Tyson Chicken Breast, Family Pack",L-1324,2026-04-13,3
2af9868a-dbe9-415d-84e6-087f41575978,TX-1990,TX,889391736613,Wonder Bread Classic White,250347,2026-04-09,2
f3e7b35a-9c29-458b-9faa-3dee2993227e,CA-1929,CA,889391736613,Wonder Bread Classic White,L-6480,2026-07-31,1
b61c2189-1c3a-43ab-be54-09eff34ffe74,CA-3190,CA,701993641404,Blue Bell Vanilla Ice Cream,337807,2026-05-19,1
c47958a1-b6d7-46c9-9044-82d245686c89,MO-9952,MO,875113329103,"Tyson Chicken Breast, Family Pack",L-6480,2026-06-22,4
93b1e973-2742-4739-a897-e0cd32ecec56,OK-2220,OK,382652812974,"Chobani Greek Yogurt, 32oz",L-4532,2026-05-19,1
27bc7c9f-11fa-410c-aa8b-4ff9e8ecb196,LA-3977,LA,808049347754,Nature Valley Granola Bars,L-4532,2026-06-04,1
60212c82-cfad-4acd-b6ac-b4d489608177,GA-3893,GA,889391736613,Wonder Bread Classic White,L-4532,2026-06-17,3
8b154d9a-75e1-417f-a14f-f0a5612f0ea2,AL-1199,AL,875113329103,"Tyson Chicken Breast, Family Pack",192729,2026-07-11,3
cb89d834-a647-4767-bbb7-c75f2a1e3e59,AR-1451,AR,382652812974,"Chobani Greek Yogurt, 32oz",406635,2026-08-07,1
d72ff70d-acb2-40e4-8b7c-644b2f70bb39,FL-7645,FL,680261188425,"Great Value 2% Milk, Gallon",406635,2026-05-06,4
1c8b3b8c-cc29-4a40-bdcc-aa752029be33,TN-9213,TN,701993641404,Blue Bell Vanilla Ice Cream,192729,2026-04-12,2
7221c538-6985-4f07-b15b-ddf7a12f570e,TN-7495,TN,653374520407,"Land O'Lakes Butter, 1lb",250347,2026-07-28,2
98352544-7212-4517-927a-8582b39bb2ec,AR-8139,AR,875113329103,"Tyson Chicken Breast, Family Pack",L-4532,2026-07-16,3
f0718c60-56b8-437b-ae97-e89d9a50160f,MO-2549,MO,382652812974,"Chobani Greek Yogurt, 32oz",L-7111,2026-07-29,2
4a21552a-a1fd-4423-935f-20932ec2ca9b,OK-3923,OK,382652812974,"Chobani Greek Yogurt, 32oz",L-5740,2026-04-27,1
1c45c4e6-f836-4f10-a549-4dd326be1b11,FL-2927,FL,680261188425,"Great Value 2% Milk, Gallon",250347,2026-08-02,3
9848f07e-b195-4a85-951d-118a9cc1c11a,TX-6536,TX,889391736613,Wonder Bread Classic White,L-5740,2026-08-13,4
d907d61e-b57d-4e6d-8093-9b38396a8bc0,LA-8509,LA,653374520407,"Land O'Lakes Butter, 1lb",337807,2026-05-08,1
9647e8e0-bc81-4032-b368-6eb852aab115,TX-4629,TX,808049347754,Nature Valley Granola Bars,L-5740,2026-05-27,1
16535fd5-e24e-43da-bd96-0a045153b042,CA-4570,CA,889391736613,Wonder Bread Classic White,L-5740,2026-08-04,4
1cb8de7b-e72a-4795-96e2-8423983c2801,MO-2479,MO,610163406023,Folgers Classic Roast Coffee,L-5740,2026-05-04,2
e6e14786-eb59-4907-8b09-c11a491af7f4,FL-9085,FL,875113329103,"Tyson Chicken Breast, Family Pack",L-5740,2026-04-13,1
84269449-7197-4b08-912c-26cc5d4d03af,AR-7872,AR,889391736613,Wonder Bread Classic White,L-7111,2026-07-04,1
0fc40b13-0b56-4bb0-95eb-6feec0d47cbf,MO-3306,MO,701993641404,Blue Bell Vanilla Ice Cream,192729,2026-07-18,1
832e8aed-ec49-44a1-a1c4-0f0f62279686,MS-9475,MS,701993641404,Blue Bell Vanilla Ice Cream,337807,2026-06-28,4
6ac15e0e-a2d8-49d4-bd52-3bd6b493608a,TN-3427,TN,382652812974,"Chobani Greek Yogurt, 32oz",L-1324,2026-07-20,3
4a38d795-c708-4348-8ccb-d5ff9c1e8616,LA-3433,LA,701993641404,Blue Bell Vanilla Ice Cream,L-4532,2026-07-12,1
b63d2e0d-1916-4e32-934e-7eae4fca3f86,FL-7205,FL,808049347754,Nature Valley Granola Bars,L-4260,2026-04-14,4
3eab7442-6dbd-4913-a7c8-4178bb4459b4,OK-3149,OK,808049347754,Nature Valley Granola Bars,L-4260,2026-06-23,2
1b305f7b-3b74-469a-9b4f-df29905d0913,MS-2726,MS,875113329103,"Tyson Chicken Breast, Family Pack",250347,2026-04-09,3
e7305b91-5e2d-4253-92c8-5c9c522fefd0,FL-7567,FL,382652812974,"Chobani Greek Yogurt, 32oz",250347,2026-07-11,3
e41b5232-12e1-43a4-9ff8-e673f6f8eb92,NM-3495,NM,808049347754,Nature Valley Granola Bars,192729,2026-07-27,2
57415a72-c81a-463b-8618-11d5802ff188,AL-8110,AL,808049347754,Nature Valley Granola Bars,250347,2026-07-30,2
a38e77fe-8b95-4a6d-b3fa-5bfbe073db03,OK-5078,OK,653374520407,"Land O'Lakes Butter, 1lb",L-5740,2026-05-23,2
40e6a3ee-f1ea-46cc-b640-305c301594a5,MO-9385,MO,382652812974,"Chobani Greek Yogurt, 32oz",192729,2026-06-10,2
d128a579-46d3-4e94-a9f6-5ca8be049864,AL-8072,AL,653374520407,"Land O'Lakes Butter, 1lb",L-7111,2026-05-14,4
ebe4af51-d316-497b-9344-10518118a8d0,FL-3151,FL,889391736613,Wonder Bread Classic White,L-7111,2026-04-21,4
e73813d0-1bd4-4d12-a478-a4f7b1fdd92d,LA-6144,LA,889391736613,Wonder Bread Classic White,337807,2026-07-18,2
28a09ad8-36ee-4081-8a32-4df7fd34e68c,AL-9468,AL,701993641404,Blue Bell Vanilla Ice Cream,250347,2026-07-08,1
52f26835-2c32-4725-b93f-b9d9bfc0dacc,OK-6436,OK,680261188425,"Great Value 2% Milk, Gallon",L-4260,2026-05-29,1
7c543e88-d6d7-4caa-b605-6c1413b28be3,AL-4770,AL,701993641404,Blue Bell Vanilla Ice Cream,192729,2026-05-18,2
878c260a-b769-4581-bf67-0e6176050892,MO-3055,MO,889391736613,Wonder Bread Classic White,L-5740,2026-08-13,3
19ec5e3a-df0c-4549-a4f3-5f697262ddad,NM-7372,NM,808049347754,Nature Valley Granola Bars,250347,2026-07-24,1
4169d462-47ba-4e74-a623-04e2008a81cd,OK-6587,OK,808049347754,Nature Valley Granola Bars,L-7111,2026-08-05,2
06493e9c-0d75-4cb1-85ec-010973762cef,MS-2187,MS,680261188425,"Great Value 2% Milk, Gallon",337807,2026-04-02,2
60f9e0ab-69b9-414f-81a7-09b4464ee0ae,FL-5617,FL,889391736613,Wonder Bread Classic White,250347,2026-06-08,1
de52dc39-eb45-48f7-bd8c-26540d8de2b9,FL-8027,FL,889391736613,Wonder Bread Classic White,250347,2026-06-05,3
ace5743a-1cb6-4682-a62e-7f3f175fd5f5,OK-1386,OK,653374520407,"Land O'Lakes Butter, 1lb",406635,2026-07-30,2
d5c73331-7fe0-408f-a2a7-4ad24f8c8100,TX-8435,TX,382652812974,"Chobani Greek Yogurt, 32oz",250347,2026-05-02,4
4ef74f51-a95c-4cb8-b8ec-c116763edfc3,NM-2231,NM,701993641404,Blue Bell Vanilla Ice Cream,L-7111,2026-07-18,3
01d3f769-e4dc-4940-8ee8-b22c8517729a,NM-3640,NM,875113329103,"Tyson Chicken Breast, Family Pack",L-4532,2026-07-11,1
2f3505f8-b999-4f09-9061-8d96fa05a0e0,LA-4107,LA,680261188425,"Great Value 2% Milk, Gallon",L-7111,2026-08-09,1
1822257a-a3e0-4e0d-9ecd-d9d10c54a9c6,TN-4723,TN,889391736613,Wonder Bread Classic White,L-5740,2026-08-04,4
ff65286c-bb59-4c9d-9396-2f2f976a3ee8,TN-1031,TN,382652812974,"Chobani Greek Yogurt, 32oz",250347,2026-07-07,2
8dc2716a-d57a-489a-9318-eecfc1123325,AR-9011,AR,889391736613,Wonder Bread Classic White,L-6480,2026-06-15,1
4bb36651-e9d9-4de1-96c1-5fbe54a13179,CA-3179,CA,382652812974,"Chobani Greek Yogurt, 32oz",406635,2026-07-04,4
0d2661b6-872a-400a-a2e9-a31c5a05d487,GA-9363,GA,610163406023,Folgers Classic Roast Coffee,L-4260,2026-06-09,2
5fa8c190-9875-4b50-a7fd-5fde047aa10b,AL-3364,AL,610163406023,Folgers Classic Roast Coffee,L-5740,2026-07-13,2
54b397c0-4322-401d-b4db-eb630232fb2d,FL-5064,FL,808049347754,Nature Valley Granola Bars,L-7111,2026-04-23,3
2bad1ff1-e037-43d3-894b-f359231189df,AR-7994,AR,653374520407,"Land O'Lakes Butter, 1lb",250347,2026-06-15,3
893d75d1-9119-4924-9916-ee979e3be6bc,TN-7086,TN,610163406023,Folgers Classic Roast Coffee,406635,2026-04-04,4
7167ae7b-6513-4800-8235-4cd52c82524c,AR-2478,AR,653374520407,"Land O'Lakes Butter, 1lb",L-4532,2026-05-22,4
fe227176-506b-47e4-a82b-fb0e17a8c85c,AL-8058,AL,889391736613,Wonder Bread Classic White,L-6480,2026-04-23,3
4196047a-99fb-49a0-a5d9-d12d6e200169,TX-1336,TX,808049347754,Nature Valley Granola Bars,L-6480,2026-06-08,1
50a977bf-17f2-4d08-9f6e-068f8768935d,LA-2740,LA,610163406023,Folgers Classic Roast Coffee,L-4260,2026-07-28,4
2625d887-4382-46ac-a8ae-8aede5599a13,AL-2478,AL,889391736613,Wonder Bread Classic White,192729,2026-05-23,1
25d9703f-a142-418d-a90f-a00724c446e5,OK-8995,OK,241490613039,"Simple Truth Large Grade A Eggs, Dozen",0840962,2026-07-09,4
f9f3fbe8-d622-49c0-8342-792b87483d77,MO-4073,MO,680261188425,"Great Value 2% Milk, Gallon",192729,2026-07-20,3
55c1a3e4-4d96-43b3-9c75-7fcfa590ebb7,CA-9116,CA,875113329103,"Tyson Chicken Breast, Family Pack",250347,2026-05-04,3
24c639d6-46cf-47dd-b1ad-f7c5661a4db9,NM-6014,NM,889391736613,Wonder Bread Classic White,192729,2026-04-24,4
22b3f2d4-5654-44b1-aef1-16761efb0e2c,NM-3559,NM,680261188425,"Great Value 2% Milk, Gallon",L-1324,2026-04-30,2
98df6cfd-b3db-41c9-8aec-6217b6327388,CA-1445,CA,382652812974,"Chobani Greek Yogurt, 32oz",L-4260,2026-04-02,3
66aec5f5-03d1-4b04-80b2-656a7486252d,AL-2699,AL,653374520407,"Land O'Lakes Butter, 1lb",L-4532,2026-05-13,2
6ea6387d-b714-4b09-b4e9-d1d8fe0f2e3f,TX-7469,TX,808049347754,Nature Valley Granola Bars,L-6480,2026-06-21,2
057f95e7-8b8f-4c57-8517-1baa562793e8,AL-9090,AL,382652812974,"Chobani Greek Yogurt, 32oz",L-7111,2026-08-01,1
e0ede96b-f9a5-4d8c-9e4f-298c266c7cd3,LA-4352,LA,701993641404,Blue Bell Vanilla Ice Cream,L-4532,2026-06-08,1
b66ee3f5-8f2f-440d-8f55-0fda8c32366c,OK-9772,OK,382652812974,"Chobani Greek Yogurt, 32oz",L-5740,2026-06-23,4
8bad4d60-864a-4d8a-af24-123007428fe3,NM-6151,NM,808049347754,Nature Valley Granola Bars,337807,2026-05-08,4
5c0a4d11-55ec-4c94-9d53-5ef016181a69,OK-6872,OK,808049347754,Nature Valley Granola Bars,406635,2026-07-03,2
8429584a-1c9f-4915-932a-8daa5ab3e660,AL-8382,AL,680261188425,"Great Value 2% Milk, Gallon",L-6480,2026-07-09,1
d74036ca-d667-4ac6-aee1-54547a253b65,MS-2366,MS,382652812974,"Chobani Greek Yogurt, 32oz",192729,2026-05-09,2
61def953-e8a9-41eb-bb47-a821a18efd6e,AR-9868,AR,889391736613,Wonder Bread Classic White,L-5740,2026-04-29,3
15e98bf9-fbbb-4525-a2c1-577fd20b0382,CA-5039,CA,808049347754,Nature Valley Granola Bars,192729,2026-06-22,1
7b6bc8ec-8eea-4510-8188-a181467e1bbf,AR-2316,AR,680261188425,"Great Value 2% Milk, Gallon",L-4532,2026-07-22,2
2b3a3254-b7b9-4f5c-acd1-11990af10e86,NM-2572,NM,889391736613,Wonder Bread Classic White,406635,2026-04-29,1
85a28831-1b34-4c8f-ad7d-bc5bdd3bcf79,CA-2862,CA,875113329103,"Tyson Chicken Breast, Family Pack",L-7111,2026-04-09,2
f716cb5a-8e2c-425e-8a43-76957992b237,GA-5033,GA,610163406023,Folgers Classic Roast Coffee,L-1324,2026-06-16,1
78e451fc-d88d-4e8e-8c7b-90e41531d3e2,CA-7972,CA,680261188425,"Great Value 2% Milk, Gallon",406635,2026-07-20,3
250acf38-631c-4cce-acf5-fa4f3807a744,FL-9114,FL,889391736613,Wonder Bread Classic White,250347,2026-05-31,3
593a06ea-0acb-433f-8349-f83a4c08417b,CA-8307,CA,680261188425,"Great Value 2% Milk, Gallon",L-1324,2026-07-14,4
3952e27f-b248-438a-89a4-45ad9c013b81,NM-8829,NM,653374520407,"Land O'Lakes Butter, 1lb",337807,2026-04-19,1
512817c6-2444-40ae-826c-d81502dd0796,OK-2467,OK,889391736613,Wonder Bread Classic White,L-7111,2026-07-04,4
6d3c86e4-b825-46e1-862e-195632080372,NM-3604,NM,653374520407,"Land O'Lakes Butter, 1lb",L-1324,2026-05-03,2
47e481ed-ebdc-4dc9-b781-c01f3ab2f217,TX-9233,TX,382652812974,"Chobani Greek Yogurt, 32oz",L-7111,2026-05-07,2
e88cfac1-ad4f-41b9-90e2-8febcfaabf25,GA-5022,GA,610163406023,Folgers Classic Roast Coffee,L-6480,2026-04-04,4
641d3853-6d10-4534-a88e-9463a7741286,CA-4287,CA,382652812974,"Chobani Greek Yogurt, 32oz",250347,2026-06-17,2
2c7baa4a-b2dd-4da2-b8e8-a5d85a9a0e08,OK-9124,OK,808049347754,Nature Valley Granola Bars,L-7111,2026-06-07,3
515e035a-4d90-458f-ae3c-a0bb6d5e2498,MO-3810,MO,875113329103,"Tyson Chicken Breast, Family Pack",L-7111,2026-07-24,4
dbb4109a-fc8c-4ec5-ae0c-15400c4f0897,TX-8529,TX,653374520407,"Land O'Lakes Butter, 1lb",337807,2026-07-12,3
cd8ab738-9e71-4d52-98a8-69799b25c2e3,LA-6361,LA,875113329103,"Tyson Chicken Breast, Family Pack",L-4260,2026-07-07,3
9064facc-256e-41ad-a64e-d212f4e8d859,TX-8222,TX,653374520407,"Land O'Lakes Butter, 1lb",250347,2026-06-07,4
2ebfe476-b7a0-44e6-904d-ae58cbed130b,TX-7072,TX,610163406023,Folgers Classic Roast Coffee,L-4260,2026-08-04,2
bae17693-30be-4ece-b118-9f1edc4bee0e,LA-2090,LA,875113329103,"Tyson Chicken Breast, Family Pack",406635,2026-07-28,2
e8347c75-48a6-4cea-8cc5-e6b866ad3ff1,MO-3367,MO,382652812974,"Chobani Greek Yogurt, 32oz",L-4532,2026-04-23,4
29bd1ee7-f51d-4dff-9d45-db4ea891ca18,AR-4491,AR,382652812974,"Chobani Greek Yogurt, 32oz",L-5740,2026-07-30,2
390a86ba-502f-45c0-a6b8-b90b58bb7611,TN-1749,TN,875113329103,"Tyson Chicken Breast, Family Pack",L-4532,2026-08-10,3
3e2d650a-a447-4cab-b840-f92b993369ff,OK-7265,OK,808049347754,Nature Valley Granola Bars,L-4532,2026-06-29,1
98e5d534-fd36-4c59-a8ef-ea3e88b4cbdb,MO-3582,MO,875113329103,"Tyson Chicken Breast, Family Pack",L-7111,2026-05-07,2
edd7340c-59eb-4c13-aa47-519ab0b258e4,TN-4122,TN,808049347754,Nature Valley Granola Bars,L-7111,2026-05-25,4
2ac2150c-0f8c-4929-a195-439d261c2d77,AL-5747,AL,875113329103,"Tyson Chicken Breast, Family Pack",L-4260,2026-06-06,2
17580366-de28-4e57-b1cb-209c1088f27b,LA-3643,LA,889391736613,Wonder Bread Classic White,192729,2026-04-04,1
ef40edfe-97b9-4d63-b4bb-803d81047a38,AL-2585,AL,808049347754,Nature Valley Granola Bars,192729,2026-05-10,1
5eca4412-df5f-476a-a5bb-03a08f68e08e,MO-9283,MO,875113329103,"Tyson Chicken Breast, Family Pack",L-6480,2026-05-29,1
a6edca62-c9c2-4771-9c69-c288ac196bc5,AL-7153,AL,653374520407,"Land O'Lakes Butter, 1lb",L-4260,2026-08-15,1
fb7be194-768d-42b6-935c-35ce049406a7,FL-7208,FL,875113329103,"Tyson Chicken Breast, Family Pack",192729,2026-06-29,4
45560482-19b4-475e-ac4e-bc75834243d1,GA-9530,GA,382652812974,"Chobani Greek Yogurt, 32oz",192729,2026-05-15,4
6e615c49-2c85-4378-af43-85f2fde1ab58,NM-2453,NM,808049347754,Nature Valley Granola Bars,192729,2026-06-27,2
68e22e11-b03d-46d6-bd7a-e7ac0dd95417,FL-3025,FL,701993641404,Blue Bell Vanilla Ice Cream,337807,2026-08-08,1
602e00ca-4f52-4684-b6bb-f522ea12bc3f,AR-9767,AR,875113329103,"Tyson Chicken Breast, Family Pack",192729,2026-08-11,1
3b2119ed-7de6-4296-a6bd-41e119d51fd3,NM-6122,NM,382652812974,"Chobani Greek Yogurt, 32oz",L-5740,2026-04-08,4
3744c40e-6db6-4bcb-9602-095f8729126f,TN-5505,TN,680261188425,"Great Value 2% Milk, Gallon",L-6480,2026-04-01,4
340a543f-956f-4909-b393-16b102c2fb41,AR-3390,AR,610163406023,Folgers Classic Roast Coffee,L-7111,2026-05-25,1
ce6814ae-237d-4839-baf7-be5e5715bc9c,MO-9627,MO,610163406023,Folgers Classic Roast Coffee,406635,2026-07-23,2
1c9c05f6-7b48-45ed-bb34-a2767aa49fa9,NM-8172,NM,653374520407,"Land O'Lakes Butter, 1lb",337807,2026-05-31,4
94e23308-938f-4e19-b93d-b3cb7495b013,AR-9322,AR,875113329103,"Tyson Chicken Breast, Family Pack",L-1324,2026-07-16,3
e8dd4e61-ff5d-42cd-93b1-d458678ddda1,AR-7801,AR,382652812974,"Chobani Greek Yogurt, 32oz",192729,2026-06-24,2
fdd92a3c-8c62-421c-918c-759e4f7fb1c0,AR-9690,AR,382652812974,"Chobani Greek Yogurt, 32oz",192729,2026-07-28,3
9a2ac505-a007-4d87-935d-571856288d57,GA-2034,GA,808049347754,Nature Valley Granola Bars,L-4532,2026-07-24,1
b25c40a0-63ec-406c-b453-30058904ca60,FL-9755,FL,610163406023,Folgers Classic Roast Coffee,L-4260,2026-04-01,2
69141ad6-2733-4be0-8b8b-e5e49c72711e,GA-5622,GA,808049347754,Nature Valley Granola Bars,L-5740,2026-06-14,3
06e6ed71-a0a6-4675-9a0b-851b546f6aef,AL-4771,AL,875113329103,"Tyson Chicken Breast, Family Pack",L-6480,2026-07-04,1
db2b440e-7c55-473a-89fa-88e266706901,LA-4246,LA,680261188425,"Great Value 2% Milk, Gallon",406635,2026-04-26,4
0554dd3d-788b-4ab8-823c-77d849f95b5a,TX-6182,TX,889391736613,Wonder Bread Classic White,250347,2026-06-25,1
fda0e96c-143f-4465-81fb-63ab1cf3e79e,LA-3484,LA,808049347754,Nature Valley Granola Bars,337807,2026-04-12,1
be056393-c843-4ce9-99de-35da921f719c,TX-5722,TX,875113329103,"Tyson Chicken Breast, Family Pack",406635,2026-06-27,2
7a920916-5d88-493d-963e-4259453bdd5f,FL-9876,FL,680261188425,"Great Value 2% Milk, Gallon",337807,2026-08-02,3
23c11824-a9a6-4b1d-bf5f-d22990654b02,TX-5285,TX,889391736613,Wonder Bread Classic White,L-5740,2026-07-17,1
af9c0571-89e0-4b78-a520-f4c5de51b395,AR-2701,AR,875113329103,"Tyson Chicken Breast, Family Pack",L-6480,2026-07-03,4
771bf2cc-e5a4-42a5-b613-8a0169316792,AL-7911,AL,701993641404,Blue Bell Vanilla Ice Cream,L-6480,2026-04-05,1
966bc3b7-eed4-476c-a0ef-931a22bc59ee,CA-1209,CA,875113329103,"Tyson Chicken Breast, Family Pack",L-4532,2026-06-23,4
191e5abf-7829-43f6-9c16-32d32b05d373,MS-8720,MS,889391736613,Wonder Bread Classic White,406635,2026-06-26,4
dde912c7-866a-4a46-84c7-4c5f1d7e5c92,MO-6528,MO,653374520407,"Land O'Lakes Butter, 1lb",L-4260,2026-04-08,3
92c9b37c-84b8-4a82-9a91-378819bd2278,MS-2524,MS,382652812974,"Chobani Greek Yogurt, 32oz",L-4532,2026-05-09,4
2251ec70-4554-4851-aa82-98cf913b2f25,MO-2285,MO,875113329103,"Tyson Chicken Breast, Family Pack",L-1324,2026-05-15,2
a09c1834-b0d6-40f2-bd2d-5d941fb50cc4,MO-9418,MO,889391736613,Wonder Bread Classic White,192729,2026-05-21,3
